Date(IST),Temp,RH(%),Rain(mm)
01-01-2023 00:00,17.05,74.05,0
01-01-2023 00:15,16.78,75.18,0
01-01-2023 00:30,16.65,76.67,0
01-01-2023 00:45,16.55,76.35,0
01-01-2023 01:00,14.63,85.05,0
01-01-2023 01:15,14.32,86.95,0
01-01-2023 01:30,14.2,88.05,0
01-01-2023 01:45,14.17,88.4,0
01-01-2023 02:00,13.68,89.9,0
01-01-2023 02:15,13.53,89.68,0
01-01-2023 02:30,13.22,90.13,0
01-01-2023 02:45,13.3,90.18,0
01-01-2023 03:00,13.12,91.13,0
01-01-2023 03:15,13.08,90.93,0
01-01-2023 03:30,13.36,90.67,0
01-01-2023 03:45,14.05,88.5,0
01-01-2023 04:00,14.53,85.73,0
01-01-2023 04:15,14.48,86.13,0
01-01-2023 04:30,14.55,86.33,0
01-01-2023 04:45,14.47,86.03,0
01-01-2023 05:00,14.08,86.48,0
01-01-2023 05:15,13.83,87.95,0
01-01-2023 05:30,14.2,90,0
01-01-2023 05:45,14.1,90,0
01-01-2023 06:00,14.2,90,0
01-01-2023 06:15,14.1,90,0
01-01-2023 06:30,14.2,90,0
01-01-2023 06:45,14.2,89,0
01-01-2023 07:00,14,89,0
01-01-2023 07:15,13.9,90,0
01-01-2023 07:30,14.1,90,0
01-01-2023 07:45,14.2,90,0
01-01-2023 08:00,15.2,88,0
01-01-2023 08:15,16,87,0
01-01-2023 08:30,16.5,85,0
01-01-2023 08:45,17.9,80,0
01-01-2023 09:00,19.3,75,0
01-01-2023 09:15,20.7,69,0
01-01-2023 09:30,22.6,64,0
01-01-2023 09:45,24,57,0
01-01-2023 10:00,26.1,51,0
01-01-2023 10:15,26.5,49,0
01-01-2023 10:30,26.8,49,0
01-01-2023 10:45,27,46,0
01-01-2023 11:00,27.7,42,0
01-01-2023 11:15,28.1,41,0
01-01-2023 11:30,28.3,39,0
01-01-2023 11:45,29.7,38,0
01-01-2023 12:00,30.2,35,0
01-01-2023 12:15,30.2,33,0
01-01-2023 12:30,30.6,29,0
01-01-2023 12:45,30.9,27,0
01-01-2023 13:00,31.5,28,0
01-01-2023 13:15,31.4,27,0
01-01-2023 13:30,32.4,25,0
01-01-2023 13:45,31.8,23,0
01-01-2023 14:00,32.4,22,0
01-01-2023 14:15,32.2,21,0
01-01-2023 14:30,32.6,20,0
01-01-2023 14:45,32.5,22,0
01-01-2023 15:00,32.6,21,0
01-01-2023 15:15,32.5,19,0
01-01-2023 15:30,32.5,20,0
01-01-2023 15:45,32,19,0
01-01-2023 16:00,32.2,20,0
01-01-2023 16:15,32.2,20,0
01-01-2023 16:30,31.8,18,0
01-01-2023 16:45,31.5,18,0
01-01-2023 17:00,31.2,18,0
01-01-2023 17:15,30.6,19,0
01-01-2023 17:30,30.1,21,0
01-01-2023 17:45,29,22,0
01-01-2023 18:00,27.3,23,0
01-01-2023 18:15,26.2,26,0
01-01-2023 18:30,25.6,27,0
01-01-2023 18:45,25.5,27,0
01-01-2023 19:00,24.5,32,0
01-01-2023 19:15,23.6,37,0
01-01-2023 19:30,23,41,0
01-01-2023 19:45,22.3,45,0
01-01-2023 20:00,21.3,48,0
01-01-2023 20:15,20.4,52,0
01-01-2023 20:30,20.9,51,0
01-01-2023 20:45,19.1,56,0
01-01-2023 21:00,18.3,61,0
01-01-2023 21:15,17.4,65,0
01-01-2023 21:30,17.5,67,0
01-01-2023 21:45,18.9,64,0
01-01-2023 22:00,19.7,59,0
01-01-2023 22:15,19.1,62,0
01-01-2023 22:30,18.6,63,0
01-01-2023 22:45,18.3,66,0
01-01-2023 23:00,17.7,68,0
01-01-2023 23:15,17.4,71,0
01-01-2023 23:30,17,72,0
01-01-2023 23:45,16.6,73,0
02-01-2023 00:00,16.4,74,0
02-01-2023 00:30,16,75,0
02-01-2023 00:45,16,73,0
02-01-2023 01:00,15.4,74,0
02-01-2023 01:15,15.1,74,0
02-01-2023 01:30,15,74,0
02-01-2023 01:45,15,73,0
02-01-2023 02:00,14.9,73,0
02-01-2023 02:15,14.4,75,0
02-01-2023 02:30,14.5,74,0
02-01-2023 02:45,13.8,77,0
02-01-2023 03:00,13.5,83,0
02-01-2023 03:15,13.6,82,0
02-01-2023 03:30,13.5,81,0
02-01-2023 03:45,13.2,86,0
02-01-2023 04:00,13,88,0
02-01-2023 04:15,12.4,87,0
02-01-2023 04:30,12.5,88,0
02-01-2023 04:45,12.2,88,0
02-01-2023 05:00,12.2,88,0
02-01-2023 05:15,12.3,89,0
02-01-2023 05:30,12.1,88,0
02-01-2023 05:45,12.3,88,0
02-01-2023 06:00,12.8,87,0
02-01-2023 06:15,13.3,86,0
02-01-2023 06:30,13.2,87,0
02-01-2023 06:45,13.2,87,0
02-01-2023 07:00,13.2,87,0
02-01-2023 07:15,13.5,87,0
02-01-2023 07:30,13.7,86,0
02-01-2023 07:45,14.1,85,0
02-01-2023 08:00,15,81,0
02-01-2023 08:15,15.6,77,0
02-01-2023 08:30,16.7,75,0
02-01-2023 08:45,18.3,72,0
02-01-2023 09:00,19.9,64,0
02-01-2023 09:15,21.4,59,0
02-01-2023 09:30,22.7,54,0
02-01-2023 09:45,24.6,49,0
02-01-2023 10:00,25.2,48,0
02-01-2023 10:15,24.8,49,0
02-01-2023 10:30,25.7,50,0
02-01-2023 10:45,26.5,46,0
02-01-2023 11:00,27.2,45,0
02-01-2023 11:15,26.8,48,0
02-01-2023 11:30,27.3,47,0
02-01-2023 11:45,27.7,48,0
02-01-2023 12:00,28.1,46,0
02-01-2023 12:15,27.9,45,0
02-01-2023 12:30,28.5,42,0
02-01-2023 12:45,29,43,0
02-01-2023 13:00,29.2,42,0
02-01-2023 13:15,29.3,43,0
02-01-2023 13:30,29.5,41,0
02-01-2023 13:45,30.2,40,0
02-01-2023 14:00,30.5,39,0
02-01-2023 14:15,31.3,36,0
02-01-2023 14:30,31.5,32,0
02-01-2023 14:45,32.1,29,0
02-01-2023 15:00,32.5,30,0
02-01-2023 15:15,32.2,31,0
02-01-2023 15:30,31.3,31,0
02-01-2023 15:45,32.2,30,0
02-01-2023 16:00,32.4,30,0
02-01-2023 16:15,32.6,29,0
02-01-2023 16:30,32.6,29,0
02-01-2023 16:45,31.8,31,0
02-01-2023 17:00,30.8,33,0
02-01-2023 17:15,30.3,33,0
02-01-2023 17:30,30.2,36,0
02-01-2023 17:45,29.9,37,0
02-01-2023 18:00,28.2,39,0
02-01-2023 18:15,27.3,41,0
02-01-2023 18:30,26.4,42,0
02-01-2023 18:45,25.7,42,0
02-01-2023 19:00,25.1,43,0
02-01-2023 19:15,24.7,42,0
02-01-2023 19:30,24.3,43,0
02-01-2023 19:45,23.7,44,0
02-01-2023 20:00,21.7,52,0
02-01-2023 20:15,20.9,54,0
02-01-2023 20:30,20.4,56,0
02-01-2023 20:45,19.9,59,0
02-01-2023 21:00,19.2,60,0
02-01-2023 21:15,19,68,0
02-01-2023 21:30,18.9,65,0
02-01-2023 21:45,18.4,64,0
02-01-2023 22:00,18.2,64,0
02-01-2023 22:30,18.5,62,0
02-01-2023 22:45,18.4,64,0
02-01-2023 23:00,18,66,0
02-01-2023 23:15,16.9,71,0
02-01-2023 23:30,17.1,71,0
02-01-2023 23:45,17.6,69,0
03-01-2023 00:00,17.5,71,0
03-01-2023 00:30,17.8,70,0
03-01-2023 00:45,17.4,71,0
03-01-2023 01:00,17.3,72,0
03-01-2023 01:15,17.1,73,0
03-01-2023 01:30,16.9,74,0
03-01-2023 01:45,17,72,0
03-01-2023 02:00,16.6,73,0
03-01-2023 02:15,16.7,74,0
03-01-2023 02:30,16.6,75,0
03-01-2023 02:45,16.3,75,0
03-01-2023 03:00,16.1,76,0
03-01-2023 03:15,15.9,78,0
03-01-2023 03:30,15.8,78,0
03-01-2023 03:45,15.6,78,0
03-01-2023 04:00,15.5,79,0
03-01-2023 04:15,15.3,81,0
03-01-2023 04:30,15.1,81,0
03-01-2023 04:45,15.1,81,0
03-01-2023 05:00,15.1,83,0
03-01-2023 05:15,15,84,0
03-01-2023 05:30,15.1,83,0
03-01-2023 05:45,14.9,84,0
03-01-2023 06:00,14.8,84,0
03-01-2023 06:15,14.1,86,0
03-01-2023 06:30,14.2,87,0
03-01-2023 06:45,14.6,86,0
03-01-2023 07:00,14.5,86,0
03-01-2023 07:15,14.3,87,0
03-01-2023 07:30,14.5,87,0
03-01-2023 07:45,14.8,86,0
03-01-2023 08:00,15.1,85,0
03-01-2023 08:15,16.1,81,0
03-01-2023 08:30,16.8,77,0
03-01-2023 08:45,17.6,73,0
03-01-2023 09:00,18.8,70,0
03-01-2023 09:15,20.2,67,0
03-01-2023 09:30,21.1,66,0
03-01-2023 09:45,22.1,62,0
03-01-2023 10:00,23.4,58,0
03-01-2023 10:15,25.6,52,0
03-01-2023 10:30,26.7,50,0
03-01-2023 10:45,26.9,49,0
03-01-2023 11:00,27,52,0
03-01-2023 11:15,26.8,52,0
03-01-2023 11:30,27.5,52,0
03-01-2023 11:45,27.7,53,0
03-01-2023 12:00,27.6,53,0
03-01-2023 12:15,28.4,50,0
03-01-2023 12:30,28.4,48,0
03-01-2023 12:45,29.2,48,0
03-01-2023 13:00,30.3,44,0
03-01-2023 13:15,30.4,44,0
03-01-2023 13:30,30.4,43,0
03-01-2023 13:45,31.7,36,0
03-01-2023 14:00,30.9,34,0
03-01-2023 14:15,30.7,35,0
03-01-2023 14:30,30.8,35,0
03-01-2023 14:45,31.1,33,0
03-01-2023 15:00,31,34,0
03-01-2023 15:15,31.6,33,0
03-01-2023 15:30,31.7,31,0
03-01-2023 15:45,31.6,30,0
03-01-2023 16:00,31,33,0
03-01-2023 16:15,31.8,30,0
03-01-2023 16:30,31.6,28,0
03-01-2023 16:45,31,28,0
03-01-2023 17:00,31.2,28,0
03-01-2023 17:15,30.7,29,0
03-01-2023 17:30,29.8,33,0
03-01-2023 17:45,29,35,0
03-01-2023 18:00,28.2,37,0
03-01-2023 18:15,27.7,39,0
03-01-2023 18:30,27,42,0
03-01-2023 18:45,26.7,42,0
03-01-2023 19:00,25.5,47,0
03-01-2023 19:15,25.3,47,0
03-01-2023 19:30,25,48,0
03-01-2023 19:45,25,47,0
03-01-2023 20:00,24.4,50,0
03-01-2023 20:15,24.3,50,0
03-01-2023 20:30,24.2,52,0
03-01-2023 20:45,23.7,53,0
03-01-2023 21:00,23.5,56,0
03-01-2023 21:15,23.2,58,0
03-01-2023 21:30,22.1,62,0
03-01-2023 21:45,21,67,0
03-01-2023 22:00,20.8,68,0
03-01-2023 22:15,20,70,0
03-01-2023 22:30,19.3,72,0
03-01-2023 22:45,19.2,73,0
03-01-2023 23:00,18.7,75,0
03-01-2023 23:15,18.2,78,0
03-01-2023 23:30,18,80,0
03-01-2023 23:45,18.4,82,0
04-01-2023 00:00,18.3,76,0
04-01-2023 00:30,17.1,84,0
04-01-2023 00:45,17,82,0
04-01-2023 01:00,17.2,83,0
04-01-2023 01:30,17.7,81,0
04-01-2023 01:45,17.8,79,0
04-01-2023 02:00,17.4,81,0
04-01-2023 02:15,17.5,80,0
04-01-2023 02:30,18.1,74,0
04-01-2023 02:45,17.9,75,0
04-01-2023 03:00,17.9,74,0
04-01-2023 03:15,17.4,78,0
04-01-2023 03:30,17.1,80,0
04-01-2023 03:45,16.9,80,0
04-01-2023 04:00,17.2,75,0
04-01-2023 04:15,16.9,80,0
04-01-2023 04:30,16.8,80,0
04-01-2023 04:45,16.4,80,0
04-01-2023 05:00,16.3,84,0
04-01-2023 05:15,16.4,84,0
04-01-2023 05:30,16.2,83,0
04-01-2023 05:45,15.9,85,0
04-01-2023 06:00,15.3,86,0
04-01-2023 06:15,14.9,87,0
04-01-2023 06:30,14.8,89,0
04-01-2023 06:45,14.7,88,0
04-01-2023 07:00,14.6,90,0
04-01-2023 07:15,14.4,90,0
04-01-2023 07:30,14.4,90,0
04-01-2023 07:45,14.8,90,0
04-01-2023 08:00,15.8,88,0
04-01-2023 08:15,17.6,84,0
04-01-2023 08:30,18.1,79,0
04-01-2023 08:45,18.6,78,0
04-01-2023 09:00,19.4,75,0
04-01-2023 09:15,20.3,73,0
04-01-2023 09:30,22.3,66,0
04-01-2023 09:45,22.5,62,0
04-01-2023 10:00,23.1,61,0
04-01-2023 10:15,23.6,59,0
04-01-2023 10:30,24.5,59,0
04-01-2023 10:45,25.2,56,0
04-01-2023 11:00,25.9,55,0
04-01-2023 11:15,26.9,53,0
04-01-2023 11:30,26.7,55,0
04-01-2023 11:45,26.5,55,0
04-01-2023 12:00,26.4,56,0
04-01-2023 12:15,26.7,54,0
04-01-2023 12:30,27.1,52,0
04-01-2023 12:45,27.1,52,0
04-01-2023 13:00,27.8,49,0
04-01-2023 13:15,28,49,0
04-01-2023 13:30,28.3,49,0
04-01-2023 13:45,28.7,47,0
04-01-2023 14:00,28.7,48,0
04-01-2023 14:15,29.2,44,0
04-01-2023 14:30,29.7,42,0
04-01-2023 14:45,29.8,42,0
04-01-2023 15:00,29.3,44,0
04-01-2023 15:15,30.8,42,0
04-01-2023 15:30,29.2,45,0
04-01-2023 15:45,28.9,45,0
04-01-2023 16:00,28.4,46,0
04-01-2023 16:15,28.6,46,0
04-01-2023 16:30,28,47,0
04-01-2023 16:45,28.2,46,0
04-01-2023 17:00,28.2,46,0
04-01-2023 17:15,27.8,48,0
04-01-2023 17:30,27.4,49,0
04-01-2023 17:45,26.8,52,0
04-01-2023 18:00,26.2,58,0
04-01-2023 18:15,26.2,56,0
04-01-2023 18:30,26.8,48,0
04-01-2023 18:45,26.7,49,0
04-01-2023 19:00,26.2,54,0
04-01-2023 19:15,26,55,0
04-01-2023 19:30,25.8,55,0
04-01-2023 19:45,25.6,55,0
04-01-2023 20:00,25.4,57,0
04-01-2023 20:15,24.6,60,0
04-01-2023 20:30,23.8,63,0
04-01-2023 20:45,23.4,65,0
04-01-2023 21:00,23,66,0
04-01-2023 21:15,22.7,67,0
04-01-2023 21:30,22.4,68,0
04-01-2023 21:45,22.2,67,0
04-01-2023 22:00,22.1,67,0
04-01-2023 22:15,21.8,66,0
04-01-2023 22:30,21.6,66,0
04-01-2023 22:45,21.6,65,0
04-01-2023 23:00,21.4,65,0
04-01-2023 23:15,21.4,64,0
04-01-2023 23:30,21.2,64,0
04-01-2023 23:45,21.1,65,0
05-01-2023 00:00,21,65,0
05-01-2023 00:30,20.9,67,0
05-01-2023 00:45,20.6,67,0
05-01-2023 01:00,20.4,68,0
05-01-2023 01:15,20.3,69,0
05-01-2023 01:30,20.2,69,0
05-01-2023 01:45,20,70,0
05-01-2023 02:00,20,70,0
05-01-2023 02:15,19.8,70,0
05-01-2023 02:30,19.6,71,0
05-01-2023 02:45,19.4,71,0
05-01-2023 03:00,19.2,72,0
05-01-2023 03:15,18.8,73,0
05-01-2023 03:30,18.3,74,0
05-01-2023 03:45,18.1,76,0
05-01-2023 04:00,18.2,76,0
05-01-2023 04:15,18.2,76,0
05-01-2023 04:30,18.1,78,0
05-01-2023 04:45,17.7,78,0
05-01-2023 05:00,17.3,81,0
05-01-2023 05:15,17.2,82,0
05-01-2023 05:30,17.3,79,0
05-01-2023 05:45,17,83,0
05-01-2023 06:00,16.7,85,0
05-01-2023 06:15,16.6,86,0
05-01-2023 06:30,16.2,86,0
05-01-2023 06:45,16.1,88,0
05-01-2023 07:00,16.4,87,0
05-01-2023 07:15,16.1,87,0
05-01-2023 07:30,16.2,88,0
05-01-2023 07:45,17.1,86,0
05-01-2023 08:00,17.7,84,0
05-01-2023 08:15,17.6,85,0
05-01-2023 08:30,18.1,84,0
05-01-2023 08:45,19,80,0
05-01-2023 09:00,19.8,75,0
05-01-2023 09:15,20.5,73,0
05-01-2023 09:30,21.3,69,0
05-01-2023 09:45,22.4,68,0
05-01-2023 10:00,23,67,0
05-01-2023 10:15,23.9,64,0
05-01-2023 10:30,23.5,66,0
05-01-2023 10:45,23.3,66,0
05-01-2023 11:00,23.8,64,0
05-01-2023 11:15,24.6,63,0
05-01-2023 11:30,25.2,62,0
05-01-2023 11:45,25.5,60,0
05-01-2023 12:00,25.7,58,0
05-01-2023 12:15,26,57,0
05-01-2023 12:30,26.2,55,0
05-01-2023 13:00,27.1,53,0
05-01-2023 13:15,27.5,52,0
05-01-2023 13:30,27.8,50,0
05-01-2023 13:45,27.8,51,0
05-01-2023 14:00,28.2,49,0
05-01-2023 14:15,28.3,50,0
05-01-2023 14:30,28.3,50,0
05-01-2023 14:45,28.9,48,0
05-01-2023 15:00,28.2,50,0
05-01-2023 15:15,28.9,47,0
05-01-2023 15:30,28.7,48,0
05-01-2023 16:00,29.4,45,0
05-01-2023 16:15,29,45,0
05-01-2023 16:30,28.5,45,0
05-01-2023 16:45,28.2,45,0
05-01-2023 17:00,28,47,0
05-01-2023 17:30,27.3,49,0
05-01-2023 17:45,26.6,52,0
05-01-2023 18:00,25.9,54,0
05-01-2023 18:15,25.3,55,0
05-01-2023 18:30,24.7,57,0
05-01-2023 19:00,23.8,60,0
05-01-2023 19:15,23,63,0
05-01-2023 19:30,22.7,66,0
05-01-2023 19:45,22.5,66,0
05-01-2023 20:00,22.3,66,0
05-01-2023 20:15,22.1,65,0
05-01-2023 20:30,21.9,68,0
05-01-2023 20:45,21.6,68,0
05-01-2023 21:00,21.4,69,0
05-01-2023 21:15,20.8,70,0
05-01-2023 21:30,20.3,73,0
05-01-2023 21:45,20.2,72,0
05-01-2023 22:00,20.3,75,0
05-01-2023 22:30,20.1,75,0
05-01-2023 22:45,19.7,77,0
05-01-2023 23:00,19.5,79,0
05-01-2023 23:30,19.3,79,0
05-01-2023 23:45,19.2,79,0
06-01-2023 00:00,19.2,80,0
06-01-2023 00:30,19.1,80,0
06-01-2023 00:45,18.8,82,0
06-01-2023 01:00,18.3,84,0
06-01-2023 01:15,18.2,85,0
06-01-2023 01:30,18.4,85,0
06-01-2023 01:45,18.2,85,0
06-01-2023 02:00,17.8,86,0
06-01-2023 02:15,17.8,87,0
06-01-2023 02:30,17.7,87,0
06-01-2023 02:45,17.8,86,0
06-01-2023 03:00,17.8,86,0
06-01-2023 03:15,17.8,86,0
06-01-2023 03:30,17.6,86,0
06-01-2023 03:45,17.1,87,0
06-01-2023 04:00,17.2,88,0
06-01-2023 04:15,17.4,89,0
06-01-2023 04:30,18.1,89,0
06-01-2023 04:45,18.2,89,0
06-01-2023 05:00,18.2,89,0
06-01-2023 05:15,18,89,0
06-01-2023 05:30,17.9,89,0
06-01-2023 05:45,17.9,90,0
06-01-2023 06:00,18.1,90,0
06-01-2023 06:15,18.5,89,0
06-01-2023 06:30,18.8,89,0
06-01-2023 06:45,18.9,89,0
06-01-2023 07:00,18.8,89,0
06-01-2023 07:15,19,89,0
06-01-2023 07:30,19.2,89,0
06-01-2023 07:45,19.3,88,0
06-01-2023 08:00,19.6,88,0
06-01-2023 08:15,19.8,88,0
06-01-2023 08:30,20.5,87,0
06-01-2023 08:45,21.4,86,0
06-01-2023 09:00,21.5,85,0
06-01-2023 09:15,21.6,86,0
06-01-2023 09:30,21.8,85,0
06-01-2023 09:45,22.3,84,0
06-01-2023 10:00,22.4,83,0
06-01-2023 10:15,22.4,82,0
06-01-2023 10:30,22.7,82,0
06-01-2023 10:45,23,80,0
06-01-2023 11:00,23.6,77,0
06-01-2023 11:15,24,77,0
06-01-2023 11:30,24,75,0
06-01-2023 11:45,24.7,72,0
06-01-2023 12:00,25.3,70,0
06-01-2023 12:15,25.4,68,0
06-01-2023 12:30,26.1,67,0
06-01-2023 13:00,27.1,63,0
06-01-2023 13:15,27.3,62,0
06-01-2023 13:30,28.2,59,0
06-01-2023 13:45,27.9,57,0
06-01-2023 14:00,27.6,58,0
06-01-2023 14:15,27.5,56,0
06-01-2023 14:30,27.9,56,0
06-01-2023 14:45,28.9,53,0
06-01-2023 15:00,28.2,52,0
06-01-2023 15:15,27.9,54,0
06-01-2023 15:30,27.8,55,0
06-01-2023 15:45,28.4,53,0
06-01-2023 16:00,28.1,55,0
06-01-2023 16:15,27.8,54,0
06-01-2023 16:30,27.9,54,0
06-01-2023 16:45,28.1,54,0
06-01-2023 17:00,27.9,55,0
06-01-2023 17:15,27.4,55,0
06-01-2023 17:30,27,55,0
06-01-2023 17:45,26.5,57,0
06-01-2023 18:00,26,59,0
06-01-2023 18:15,25.4,61,0
06-01-2023 18:30,24.9,63,0
06-01-2023 18:45,24.5,65,0
06-01-2023 19:00,24.2,66,0
06-01-2023 19:15,23.8,68,0
06-01-2023 19:30,23.7,68,0
06-01-2023 19:45,24.2,68,0
06-01-2023 20:00,24.2,70,0
06-01-2023 20:15,23.9,71,0
06-01-2023 20:30,23.7,72,0
06-01-2023 20:45,23.5,73,0
06-01-2023 21:00,23.3,74,0
06-01-2023 21:15,23.2,74,0
06-01-2023 21:30,23.2,75,0
06-01-2023 21:45,23,75,0
06-01-2023 22:00,22.8,76,0
06-01-2023 22:15,22.7,77,0
06-01-2023 22:30,22.7,78,0
06-01-2023 22:45,22.6,78,0
06-01-2023 23:00,22.3,79,0
06-01-2023 23:15,22.1,80,0
06-01-2023 23:30,22.2,79,0
06-01-2023 23:45,22.1,79,0
07-01-2023 00:00,22.1,79,0
07-01-2023 00:30,22,79,0
07-01-2023 00:45,22.1,78,0
07-01-2023 01:00,22.1,78,0
07-01-2023 01:15,22,79,0
07-01-2023 01:30,21.9,79,0
07-01-2023 01:45,21.8,80,0
07-01-2023 02:00,21.2,84,0
07-01-2023 02:15,21.4,84,0
07-01-2023 02:30,21.4,83,0
07-01-2023 02:45,21.4,83,0
07-01-2023 03:00,21.3,83,0
07-01-2023 03:15,21.1,84,0
07-01-2023 03:30,20.6,86,0
07-01-2023 03:45,20.1,87,0
07-01-2023 04:00,19.9,88,0
07-01-2023 04:15,20,88,0
07-01-2023 04:30,20.3,88,0
07-01-2023 04:45,20.2,88,0
07-01-2023 05:00,20.7,87,0
07-01-2023 05:15,20.7,86,0
07-01-2023 05:30,20.6,87,0
07-01-2023 05:45,20.6,87,0
07-01-2023 06:00,20.7,87,0
07-01-2023 06:15,20.7,87,0
07-01-2023 06:30,20.7,87,0
07-01-2023 06:45,20.7,87,0
07-01-2023 07:00,20.6,87,0
07-01-2023 07:15,20.4,87,0
07-01-2023 07:30,19.9,88,0
07-01-2023 07:45,19.8,88,0
07-01-2023 08:00,19.6,89,0
07-01-2023 08:15,20.1,89,0
07-01-2023 08:30,20.6,88,0
07-01-2023 08:45,21.1,87,0
07-01-2023 09:00,21.7,83,0
07-01-2023 09:15,22.1,81,0
07-01-2023 09:30,22.7,79,0
07-01-2023 09:45,22.8,74,0
07-01-2023 10:00,23,73,0
07-01-2023 10:15,23.6,72,0
07-01-2023 10:30,24.2,71,0
07-01-2023 10:45,24.1,70,0
07-01-2023 11:00,24.4,69,0
07-01-2023 11:15,24.5,68,0
07-01-2023 11:30,25,68,0
07-01-2023 11:45,25.3,68,0
07-01-2023 12:00,25.5,65,0
07-01-2023 12:15,25.7,63,0
07-01-2023 12:30,26.2,64,0
07-01-2023 12:45,25.6,66,0
07-01-2023 13:00,26.1,62,0
07-01-2023 13:15,26.3,62,0
07-01-2023 13:30,26.5,62,0
07-01-2023 13:45,26.6,58,0
07-01-2023 14:00,26.8,58,0
07-01-2023 14:15,26.8,55,0
07-01-2023 14:30,26.9,56,0
07-01-2023 14:45,27.5,55,0
07-01-2023 15:00,27.5,56,0
07-01-2023 15:15,27.7,56,0
07-01-2023 15:30,27.9,54,0
07-01-2023 15:45,27.9,52,0
07-01-2023 16:00,27.2,52,0
07-01-2023 16:15,26.8,54,0
07-01-2023 16:30,27.1,55,0
07-01-2023 16:45,27,54,0
07-01-2023 17:00,26.5,54,0
07-01-2023 17:15,26.3,56,0
07-01-2023 17:30,26.1,57,0
07-01-2023 17:45,25.9,59,0
07-01-2023 18:00,25.4,60,0
07-01-2023 18:15,25,62,0
07-01-2023 18:30,24.7,64,0
07-01-2023 18:45,24.3,65,0
07-01-2023 19:00,24.3,65,0
07-01-2023 19:15,24.4,65,0
07-01-2023 19:30,24.5,65,0
07-01-2023 19:45,24.3,67,0
07-01-2023 20:00,23.8,68,0
07-01-2023 20:15,23.5,69,0
07-01-2023 20:30,23.4,69,0
07-01-2023 20:45,22.7,70,0
07-01-2023 21:00,21.9,73,0
07-01-2023 21:15,21.6,74,0
07-01-2023 21:30,21.3,75,0
07-01-2023 21:45,20.8,78,0
07-01-2023 22:00,20.4,79,0
07-01-2023 22:15,21.2,76,0
07-01-2023 22:30,21.3,76,0
07-01-2023 22:45,20.9,78,0
07-01-2023 23:00,20.7,79,0
07-01-2023 23:15,20.3,81,0
07-01-2023 23:30,20.1,82,0
07-01-2023 23:45,20.1,82,0
08-01-2023 00:00,20.1,81,0
08-01-2023 00:30,20,80,0
08-01-2023 00:45,19.9,80,0
08-01-2023 01:00,19.5,80,0
08-01-2023 01:15,19,84,0
08-01-2023 01:30,18.8,85,0
08-01-2023 01:45,18.5,86,0
08-01-2023 02:00,18.5,86,0
08-01-2023 02:15,18.6,86,0
08-01-2023 02:30,18.2,86,0
08-01-2023 02:45,17.1,88,0
08-01-2023 03:00,16.7,89,0
08-01-2023 03:15,17.1,89,0
08-01-2023 03:30,16.8,88,0
08-01-2023 03:45,16.4,89,0
08-01-2023 04:00,16.2,90,0
08-01-2023 04:15,16,90,0
08-01-2023 04:30,16.1,90,0
08-01-2023 04:45,16.3,91,0
08-01-2023 05:00,16.3,90,0
08-01-2023 05:15,16.1,90,0
08-01-2023 05:30,16.1,90,0
08-01-2023 05:45,16,90,0
08-01-2023 06:00,15.8,90,0
08-01-2023 06:15,15.8,91,0
08-01-2023 06:30,15.9,90,0
08-01-2023 06:45,16.1,89,0
08-01-2023 07:00,16.1,89,0
08-01-2023 07:15,16,90,0
08-01-2023 07:30,16.2,89,0
08-01-2023 07:45,16.5,89,0
08-01-2023 08:00,17,88,0
08-01-2023 08:15,17.6,87,0
08-01-2023 08:30,18.2,86,0
08-01-2023 08:45,19,84,0
08-01-2023 09:00,19.5,81,0
08-01-2023 09:15,21.2,74,0
08-01-2023 09:30,22.5,68,0
08-01-2023 09:45,23.3,63,0
08-01-2023 10:00,24.2,58,0
08-01-2023 10:15,24.8,57,0
08-01-2023 10:30,24.7,55,0
08-01-2023 10:45,25.7,46,0
08-01-2023 11:00,26.3,44,0
08-01-2023 11:15,26.6,42,0
08-01-2023 11:30,27.4,40,0
08-01-2023 11:45,27.1,41,0
08-01-2023 12:00,27.6,39,0
08-01-2023 12:15,27.8,38,0
08-01-2023 12:30,28,37,0
08-01-2023 12:45,27.4,39,0
08-01-2023 13:00,27.8,38,0
08-01-2023 13:15,28.2,36,0
08-01-2023 13:30,29.1,35,0
08-01-2023 13:45,28.9,34,0
08-01-2023 14:00,29.3,32,0
08-01-2023 14:15,29.4,32,0
08-01-2023 14:30,29.6,31,0
08-01-2023 15:00,29.7,29,0
08-01-2023 15:15,29.8,30,0
08-01-2023 15:30,29.8,32,0
08-01-2023 15:45,29.6,31,0
08-01-2023 16:00,29.8,29,0
08-01-2023 16:15,29.5,31,0
08-01-2023 16:30,29.5,31,0
08-01-2023 16:45,28.9,31,0
08-01-2023 17:00,28.6,33,0
08-01-2023 17:15,28.4,33,0
08-01-2023 17:30,27.8,34,0
08-01-2023 17:45,26.8,37,0
08-01-2023 18:00,26,38,0
08-01-2023 18:15,25,41,0
08-01-2023 18:30,24.2,44,0
08-01-2023 18:45,23.5,47,0
08-01-2023 19:00,22.7,50,0
08-01-2023 19:15,22.2,51,0
08-01-2023 19:30,21.3,54,0
08-01-2023 19:45,21.8,52,0
08-01-2023 20:00,21,56,0
08-01-2023 20:15,19.6,60,0
08-01-2023 20:30,19.7,59,0
08-01-2023 20:45,19.3,61,0
08-01-2023 21:00,19,62,0
08-01-2023 21:15,18.6,63,0
08-01-2023 21:30,19.3,60,0
08-01-2023 21:45,19.8,56,0
08-01-2023 22:00,19.5,55,0
08-01-2023 22:15,19.3,57,0
08-01-2023 22:30,19.5,56,0
08-01-2023 22:45,19.3,57,0
08-01-2023 23:00,18.9,58,0
08-01-2023 23:15,19.4,56,0
08-01-2023 23:30,19.8,54,0
08-01-2023 23:45,19.6,54,0
09-01-2023 00:00,19.1,56,0
09-01-2023 00:30,18.6,57,0
09-01-2023 00:45,18.6,57,0
09-01-2023 01:00,18.3,58,0
09-01-2023 01:15,18.2,58,0
09-01-2023 01:30,18.2,58,0
09-01-2023 01:45,18.1,58,0
09-01-2023 02:00,17.9,58,0
09-01-2023 02:15,17.9,58,0
09-01-2023 02:30,17.5,59,0
09-01-2023 02:45,17.3,58,0
09-01-2023 03:00,17.1,58,0
09-01-2023 03:15,17.4,57,0
09-01-2023 03:30,17,58,0
09-01-2023 03:45,17,57,0
09-01-2023 04:00,17.1,55,0
09-01-2023 04:15,16.7,57,0
09-01-2023 04:30,15.6,60,0
09-01-2023 04:45,16,57,0
09-01-2023 05:00,16.4,56,0
09-01-2023 05:15,13.5,68,0
09-01-2023 05:30,12.3,73,0
09-01-2023 05:45,11.8,78,0
09-01-2023 06:00,12.2,74,0
09-01-2023 06:15,11.7,77,0
09-01-2023 06:30,11.1,27,0
09-01-2023 06:45,10.8,34,0
09-01-2023 07:00,10.9,86,0
09-01-2023 07:15,11,85,0
09-01-2023 07:30,11.2,84,0
09-01-2023 07:45,12.6,78,0
09-01-2023 08:00,13.8,72,0
09-01-2023 08:15,14.8,67,0
09-01-2023 08:30,16.6,61,0
09-01-2023 08:45,18.8,56,0
09-01-2023 09:00,20.6,51,0
09-01-2023 09:15,19.5,53,0
09-01-2023 09:30,21,48,0
09-01-2023 09:45,22.3,42,0
09-01-2023 10:00,23.6,38,0
09-01-2023 10:15,24.2,34,0
09-01-2023 10:30,25.4,34,0
09-01-2023 10:45,25.3,10,0
09-01-2023 11:00,26,9,0
09-01-2023 11:15,26.1,8,0
09-01-2023 11:30,26,8,0
09-01-2023 11:45,26.3,8,0
09-01-2023 12:00,26.3,8,0
09-01-2023 12:30,28.2,8,0
09-01-2023 12:45,27.5,8,0
09-01-2023 13:00,27.6,8,0
09-01-2023 13:15,28.2,7,0
09-01-2023 13:30,28.8,7,0
09-01-2023 13:45,28.6,8,0
09-01-2023 14:00,28.9,7,0
09-01-2023 14:15,29.2,7,0
09-01-2023 14:30,30,7,0
09-01-2023 14:45,29.4,7,0
09-01-2023 15:00,29.9,7,0
09-01-2023 15:15,29.6,6,0
09-01-2023 15:30,29.8,7,0
09-01-2023 15:45,30,7,0
09-01-2023 16:00,30.3,6,0
09-01-2023 16:15,29.7,6,0
09-01-2023 16:30,30.7,6,0
09-01-2023 16:45,30.2,7,0
09-01-2023 17:00,30,6,0
09-01-2023 17:15,30.2,6,0
09-01-2023 17:30,30.2,6,0
09-01-2023 17:45,29,7,0
09-01-2023 18:00,27,8,0
09-01-2023 18:15,24.9,11,0
09-01-2023 18:30,23.7,12,0
09-01-2023 18:45,22.4,14,0
09-01-2023 19:00,21.3,14,0
09-01-2023 19:15,20.4,16,0
09-01-2023 19:30,19.6,16,0
09-01-2023 19:45,18.9,18,0
09-01-2023 20:00,18.2,20,0
09-01-2023 20:15,17.5,23,0
09-01-2023 20:30,17.9,22,0
09-01-2023 20:45,17.7,25,0
09-01-2023 21:00,18.6,19,0
09-01-2023 21:15,18.6,19,0
09-01-2023 21:30,18.4,19,0
09-01-2023 21:45,18.2,19,0
09-01-2023 22:00,18.2,17,0
09-01-2023 22:30,17.8,18,0
09-01-2023 22:45,17.6,18,0
09-01-2023 23:00,17.2,19,0
09-01-2023 23:15,16.8,20,0
09-01-2023 23:30,16.2,23,0
09-01-2023 23:45,15,24,0
10-01-2023 00:00,14.9,24,0
10-01-2023 00:30,14.9,32,0
10-01-2023 00:45,14.8,31,0
10-01-2023 01:00,14.5,30,0
10-01-2023 01:30,14.5,30,0
10-01-2023 01:45,14.2,31,0
10-01-2023 02:00,14,34,0
10-01-2023 02:15,13.4,37,0
10-01-2023 02:30,13.2,40,0
10-01-2023 02:45,12.4,39,0
10-01-2023 03:00,11.6,45,0
10-01-2023 03:15,11.2,51,0
10-01-2023 03:30,11,57,0
10-01-2023 03:45,10.8,61,0
10-01-2023 04:00,10.8,62,0
10-01-2023 04:15,10.6,61,0
10-01-2023 04:30,10.2,63,0
10-01-2023 04:45,10.9,64,0
10-01-2023 05:00,11.4,61,0
10-01-2023 05:15,11.5,60,0
10-01-2023 05:30,11.7,58,0
10-01-2023 05:45,11.1,58,0
10-01-2023 06:00,10.6,57,0
10-01-2023 06:15,10,62,0
10-01-2023 06:30,10.5,63,0
10-01-2023 06:45,11,57,0
10-01-2023 07:00,10.2,59,0
10-01-2023 07:15,9.5,62,0
10-01-2023 07:30,9.3,63,0
10-01-2023 07:45,10.5,64,0
10-01-2023 08:00,12,60,0
10-01-2023 08:15,13.8,55,0
10-01-2023 08:30,14.8,50,0
10-01-2023 08:45,16.3,44,0
10-01-2023 09:00,17.9,40,0
10-01-2023 09:15,18.9,39,0
10-01-2023 09:30,20.5,32,0
10-01-2023 09:45,22.2,16,0
10-01-2023 10:00,24.2,14,0
10-01-2023 10:15,25.6,11,0
10-01-2023 10:30,26.8,10,0
10-01-2023 10:45,26.9,11,0
10-01-2023 11:00,26.5,11,0
10-01-2023 11:15,26.6,10,0
10-01-2023 11:30,26.8,11,0
10-01-2023 11:45,27.6,9,0
10-01-2023 12:00,27.5,9,0
10-01-2023 12:15,28.1,8,0
10-01-2023 12:30,28.5,9,0
10-01-2023 12:45,28.7,8,0
10-01-2023 13:00,29.1,8,0
10-01-2023 13:15,28.7,8,0
10-01-2023 13:30,29.6,8,0
10-01-2023 13:45,30.1,8,0
10-01-2023 14:00,29.8,8,0
10-01-2023 14:15,30.7,7,0
10-01-2023 14:30,30.1,7,0
10-01-2023 14:45,30.4,7,0
10-01-2023 15:00,30.8,7,0
10-01-2023 15:15,31.2,8,0
10-01-2023 15:30,31,7,0
10-01-2023 15:45,31.5,8,0
10-01-2023 16:00,30.9,7,0
10-01-2023 16:15,31,7,0
10-01-2023 16:30,31.2,7,0
10-01-2023 16:45,30.5,7,0
10-01-2023 17:00,30.2,8,0
10-01-2023 17:15,29.9,8,0
10-01-2023 17:30,29.6,9,0
10-01-2023 17:45,29.3,9,0
10-01-2023 18:00,27.7,10,0
10-01-2023 18:15,25.4,12,0
10-01-2023 18:30,24,14,0
10-01-2023 18:45,22.8,15,0
10-01-2023 19:00,21.8,16,0
10-01-2023 19:15,20.5,23,0
10-01-2023 19:30,19.8,20,0
10-01-2023 19:45,19.3,22,0
10-01-2023 20:00,18.5,26,0
10-01-2023 20:15,18.6,23,0
10-01-2023 20:30,19.1,25,0
10-01-2023 20:45,19.3,24,0
10-01-2023 21:00,17.5,30,0
10-01-2023 21:15,18.4,27,0
10-01-2023 21:30,18.3,26,0
10-01-2023 21:45,18,26,0
10-01-2023 22:00,17.4,29,0
10-01-2023 22:15,17.6,27,0
10-01-2023 22:30,17.6,29,0
10-01-2023 22:45,17.1,29,0
10-01-2023 23:00,16.4,30,0
10-01-2023 23:15,16.1,31,0
10-01-2023 23:30,15.7,32,0
10-01-2023 23:45,15.7,31,0
11-01-2023 00:00,15.4,32,0
11-01-2023 00:30,14.8,74,0
11-01-2023 00:45,14.5,75,0
11-01-2023 01:00,14.4,78,0
11-01-2023 01:15,14.2,77,0
11-01-2023 01:30,14.1,78,0
11-01-2023 01:45,13.9,79,0
11-01-2023 02:00,13.9,80,0
11-01-2023 02:15,13.8,82,0
11-01-2023 02:30,13.6,82,0
11-01-2023 02:45,13.3,80,0
11-01-2023 03:00,13.1,81,0
11-01-2023 03:15,13,82,0
11-01-2023 03:30,13.1,82,0
11-01-2023 03:45,12.9,85,0
11-01-2023 04:00,12.8,86,0
11-01-2023 04:15,12.7,85,0
11-01-2023 04:30,12.5,85,0
11-01-2023 04:45,12.4,84,0
11-01-2023 05:00,12.3,86,0
11-01-2023 05:15,12.2,87,0
11-01-2023 05:30,12.3,87,0
11-01-2023 05:45,12.2,87,0
11-01-2023 06:00,12.2,87,0
11-01-2023 06:15,12,87,0
11-01-2023 06:30,12,87,0
11-01-2023 06:45,11.8,88,0
11-01-2023 07:00,11.9,88,0
11-01-2023 07:15,11.9,88,0
11-01-2023 07:30,12,87,0
11-01-2023 07:45,12.3,86,0
11-01-2023 08:00,13,84,0
11-01-2023 08:15,13.9,80,0
11-01-2023 08:30,14.7,76,0
11-01-2023 08:45,15.7,74,0
11-01-2023 09:00,17.4,69,0
11-01-2023 09:15,18.8,64,0
11-01-2023 09:30,20.2,61,0
11-01-2023 09:45,21.9,54,0
11-01-2023 10:00,24,47,0
11-01-2023 10:15,25.2,37,0
11-01-2023 10:30,26.7,36,0
11-01-2023 10:45,25.9,33,0
11-01-2023 11:00,26.4,33,0
11-01-2023 11:15,27.2,33,0
11-01-2023 11:30,27.6,32,0
11-01-2023 12:00,28.5,30,0
11-01-2023 12:15,29.4,29,0
11-01-2023 12:30,30,26,0
11-01-2023 12:45,29.5,27,0
11-01-2023 13:00,30.3,27,0
11-01-2023 13:15,30.9,25,0
11-01-2023 13:30,31.7,23,0
11-01-2023 14:00,31.6,23,0
11-01-2023 14:15,32.8,22,0
11-01-2023 14:30,32.9,19,0
11-01-2023 14:45,32.9,22,0
11-01-2023 15:00,33.4,19,0
11-01-2023 15:30,32.4,17,0
11-01-2023 15:45,32.2,19,0
11-01-2023 16:00,32.2,18,0
11-01-2023 16:15,31.8,17,0
11-01-2023 16:30,31.4,19,0
11-01-2023 17:00,30.6,19,0
11-01-2023 17:15,30,20,0
11-01-2023 17:30,29.6,23,0
11-01-2023 17:45,28.4,27,0
11-01-2023 18:00,27.3,30,0
11-01-2023 18:30,26.1,33,0
11-01-2023 18:45,25.6,34,0
11-01-2023 19:00,25.2,35,0
11-01-2023 19:15,24,40,0
11-01-2023 19:30,23.2,42,0
11-01-2023 20:00,22.2,44,0
11-01-2023 20:15,21.8,45,0
11-01-2023 20:30,21.2,48,0
11-01-2023 20:45,20.6,51,0
11-01-2023 21:00,20.5,53,0
11-01-2023 21:30,19.9,55,0
11-01-2023 21:45,19.5,56,0
11-01-2023 22:00,18.5,60,0
11-01-2023 22:15,18.1,61,0
11-01-2023 22:30,17.1,64,0
11-01-2023 23:00,15.7,70,0
11-01-2023 23:15,16,71,0
11-01-2023 23:30,15.3,74,0
11-01-2023 23:45,15.2,77,0
12-01-2023 00:00,14.8,79,0
12-01-2023 00:30,14.7,84,0
12-01-2023 00:45,14.4,80,0
12-01-2023 01:00,14.7,86,0
12-01-2023 01:15,14.9,83,0
12-01-2023 01:30,14.2,82,0
12-01-2023 01:45,13.9,86,0
12-01-2023 02:00,14.3,86,0
12-01-2023 02:15,13.3,85,0
12-01-2023 02:30,12.1,88,0
12-01-2023 02:45,11.7,89,0
12-01-2023 03:00,11.2,90,0
12-01-2023 03:15,10.9,90,0
12-01-2023 03:30,10.9,91,0
12-01-2023 03:45,10.6,91,0
12-01-2023 04:00,10.5,91,0
12-01-2023 04:15,10.4,92,0
12-01-2023 04:30,10.4,92,0
12-01-2023 04:45,10.9,92,0
12-01-2023 05:00,11.4,91,0
12-01-2023 05:15,11.3,90,0
12-01-2023 05:30,11.1,89,0
12-01-2023 05:45,11.2,89,0
12-01-2023 06:00,10.9,88,0
12-01-2023 06:15,10.7,89,0
12-01-2023 06:30,10.6,89,0
12-01-2023 06:45,10.4,89,0
12-01-2023 07:00,10.2,89,0
12-01-2023 07:15,10.1,89,0
12-01-2023 07:30,10.1,89,0
12-01-2023 07:45,11.3,88,0
12-01-2023 08:00,12.8,83,0
12-01-2023 08:15,13.5,80,0
12-01-2023 08:30,14.3,76,0
12-01-2023 08:45,15.1,73,0
12-01-2023 09:00,16.2,71,0
12-01-2023 09:15,17.6,64,0
12-01-2023 09:30,19,60,0
12-01-2023 09:45,20.5,55,0
12-01-2023 10:00,22.2,48,0
12-01-2023 10:15,23.6,41,0
12-01-2023 10:30,25.1,32,0
12-01-2023 10:45,26.8,26,0
12-01-2023 11:00,27.5,24,0
12-01-2023 11:15,28.1,25,0
12-01-2023 11:30,28.1,24,0
12-01-2023 11:45,28,28,0
12-01-2023 12:00,28.3,26,0
12-01-2023 12:15,29.4,24,0
12-01-2023 12:30,30.1,26,0
12-01-2023 12:45,29.9,27,0
12-01-2023 13:00,30.6,23,0
12-01-2023 13:15,30.2,21,0
12-01-2023 13:30,31,22,0
12-01-2023 13:45,31.2,20,0
12-01-2023 14:00,31.7,20,0
12-01-2023 14:15,31.8,19,0
12-01-2023 14:30,31.6,18,0
12-01-2023 14:45,32.4,18,0
12-01-2023 15:00,31.2,18,0
12-01-2023 15:15,31.6,18,0
12-01-2023 15:30,31.4,18,0
12-01-2023 15:45,31,18,0
12-01-2023 16:00,31.1,19,0
12-01-2023 16:15,31,19,0
12-01-2023 16:30,30.4,20,0
12-01-2023 16:45,30.1,20,0
12-01-2023 17:00,29.4,21,0
12-01-2023 17:15,29.2,22,0
12-01-2023 17:30,28.3,25,0
12-01-2023 17:45,27.7,25,0
12-01-2023 18:00,26.6,28,0
12-01-2023 18:15,25.4,30,0
12-01-2023 18:30,24.7,31,0
12-01-2023 18:45,24,34,0
12-01-2023 19:00,23.5,36,0
12-01-2023 19:15,23.1,38,0
12-01-2023 19:30,22.5,40,0
12-01-2023 19:45,21.8,42,0
12-01-2023 20:00,21.3,43,0
12-01-2023 20:15,20.8,45,0
12-01-2023 20:30,20.1,46,0
12-01-2023 20:45,19.6,48,0
12-01-2023 21:00,19.4,49,0
12-01-2023 21:15,19.4,48,0
12-01-2023 21:30,19.1,49,0
12-01-2023 21:45,17.8,56,0
12-01-2023 22:00,16.5,61,0
12-01-2023 22:15,15.9,63,0
12-01-2023 22:30,15.9,63,0
12-01-2023 22:45,15.6,66,0
12-01-2023 23:00,14.9,73,0
12-01-2023 23:15,14.6,72,0
12-01-2023 23:30,14.6,74,0
12-01-2023 23:45,14.7,74,0
13-01-2023 00:00,14.6,75,0
13-01-2023 00:30,14.3,76,0
13-01-2023 00:45,14.6,80,0
13-01-2023 01:00,13.6,81,0
13-01-2023 01:15,12.8,87,0
13-01-2023 01:30,12.8,88,0
13-01-2023 01:45,12.7,89,0
13-01-2023 02:00,13.1,88,0
13-01-2023 02:15,13.3,88,0
13-01-2023 02:30,12.9,88,0
13-01-2023 02:45,12.5,89,0
13-01-2023 03:00,12.3,90,0
13-01-2023 03:15,12.1,91,0
13-01-2023 03:30,13,91,0
13-01-2023 03:45,12.4,90,0
13-01-2023 04:00,11.8,91,0
13-01-2023 04:15,11.3,91,0
13-01-2023 04:30,11,92,0
13-01-2023 04:45,10.9,92,0
13-01-2023 05:00,11.1,93,0
13-01-2023 05:15,11,93,0
13-01-2023 05:30,10.8,93,0
13-01-2023 05:45,10.9,93,0
13-01-2023 06:00,10.6,93,0
13-01-2023 06:15,10.4,93,0
13-01-2023 06:30,10.8,93,0
13-01-2023 06:45,10.8,93,0
13-01-2023 07:00,10.5,93,0
13-01-2023 07:15,10.5,93,0
13-01-2023 07:30,10.6,93,0
13-01-2023 08:00,12.9,92,0
13-01-2023 08:15,14.5,90,0
13-01-2023 08:30,15.8,86,0
13-01-2023 08:45,18.4,73,0
13-01-2023 09:00,20.4,68,0
13-01-2023 09:15,21.9,63,0
13-01-2023 09:30,21.9,66,0
13-01-2023 09:45,22,66,0
13-01-2023 10:00,23,63,0
13-01-2023 10:15,23.9,59,0
13-01-2023 10:30,25.2,57,0
13-01-2023 10:45,25.7,52,0
13-01-2023 11:00,26,51,0
13-01-2023 11:30,27.3,47,0
13-01-2023 11:45,27,39,0
13-01-2023 12:00,27.3,34,0
13-01-2023 12:15,27.5,35,0
13-01-2023 12:30,28,35,0
13-01-2023 13:00,28.2,35,0
13-01-2023 13:15,28.7,36,0
13-01-2023 13:30,29.3,35,0
13-01-2023 13:45,29.6,33,0
13-01-2023 14:00,30.2,32,0
13-01-2023 14:15,30.5,32,0
13-01-2023 14:30,30.1,30,0
13-01-2023 14:45,30.8,31,0
13-01-2023 15:00,30.1,31,0
13-01-2023 15:15,30.5,30,0
13-01-2023 15:30,30.6,31,0
13-01-2023 15:45,30,32,0
13-01-2023 16:00,30.3,34,0
13-01-2023 16:15,29.9,34,0
13-01-2023 16:30,29.2,37,0
13-01-2023 16:45,29.1,38,0
13-01-2023 17:00,28.5,40,0
13-01-2023 17:15,27.9,42,0
13-01-2023 17:30,27.5,45,0
13-01-2023 17:45,26.2,48,0
13-01-2023 18:00,25.2,50,0
13-01-2023 18:15,24.4,52,0
13-01-2023 18:30,23.6,53,0
13-01-2023 18:45,22.8,55,0
13-01-2023 19:00,22.1,56,0
13-01-2023 19:15,21.7,57,0
13-01-2023 19:30,21.3,58,0
13-01-2023 19:45,21.1,59,0
13-01-2023 20:00,20.6,60,0
13-01-2023 20:15,20.1,63,0
13-01-2023 20:30,19.8,63,0
13-01-2023 20:45,19.4,64,0
13-01-2023 21:00,18.8,66,0
13-01-2023 21:15,18.6,67,0
13-01-2023 21:30,18.6,67,0
13-01-2023 21:45,17.5,69,0
13-01-2023 22:00,16.5,72,0
13-01-2023 22:15,15.7,76,0
13-01-2023 22:30,15.3,82,0
13-01-2023 22:45,14.9,83,0
13-01-2023 23:00,14.3,87,0
13-01-2023 23:15,14.2,88,0
13-01-2023 23:30,13.9,87,0
13-01-2023 23:45,13.4,89,0
14-01-2023 00:00,13.7,89,0
14-01-2023 00:30,13.5,88,0
14-01-2023 00:45,13,89,0
14-01-2023 01:00,12.7,89,0
14-01-2023 01:15,12.6,90,0
14-01-2023 01:30,12.6,90,0
14-01-2023 01:45,12.4,90,0
14-01-2023 02:00,13.4,90,0
14-01-2023 02:15,13.6,89,0
14-01-2023 02:30,13.5,89,0
14-01-2023 02:45,13.7,89,0
14-01-2023 03:00,13.4,89,0
14-01-2023 03:15,13.2,90,0
14-01-2023 03:30,12.9,90,0
14-01-2023 03:45,13,90,0
14-01-2023 04:00,12.8,90,0
14-01-2023 04:15,12.8,90,0
14-01-2023 04:30,12.5,91,0
14-01-2023 04:45,12.6,91,0
14-01-2023 05:00,12.7,91,0
14-01-2023 05:15,12.7,91,0
14-01-2023 05:30,12.6,91,0
14-01-2023 05:45,12.4,91,0
14-01-2023 06:00,12.4,92,0
14-01-2023 06:15,12.3,92,0
14-01-2023 06:30,11.3,91,0
14-01-2023 06:45,10.9,92,0
14-01-2023 07:00,11.6,93,0
14-01-2023 07:15,11.5,92,0
14-01-2023 07:30,11.6,92,0
14-01-2023 07:45,12.2,91,0
14-01-2023 08:00,13.2,90,0
14-01-2023 08:15,14.3,88,0
14-01-2023 08:30,14.9,86,0
14-01-2023 08:45,16.1,81,0
14-01-2023 09:00,17.6,74,0
14-01-2023 09:15,19.2,70,0
14-01-2023 09:30,20.4,66,0
14-01-2023 09:45,22.1,62,0
14-01-2023 10:00,22.5,58,0
14-01-2023 10:15,23.1,58,0
14-01-2023 10:30,23.7,55,0
14-01-2023 10:45,24.5,55,0
14-01-2023 11:00,25.3,54,0
14-01-2023 11:15,25.4,52,0
14-01-2023 11:30,25.1,51,0
14-01-2023 11:45,25.5,50,0
14-01-2023 12:00,26.3,48,0
14-01-2023 12:15,26.7,46,0
14-01-2023 12:30,26.7,46,0
14-01-2023 12:45,28,43,0
14-01-2023 13:00,28.5,41,0
14-01-2023 13:15,28.1,40,0
14-01-2023 13:30,28.1,39,0
14-01-2023 13:45,29.7,39,0
14-01-2023 14:00,29.9,34,0
14-01-2023 14:15,30.6,33,0
14-01-2023 14:30,30.3,33,0
14-01-2023 14:45,30.3,31,0
14-01-2023 15:00,30.6,32,0
14-01-2023 15:15,30.8,31,0
14-01-2023 15:30,31,31,0
14-01-2023 15:45,31,34,0
14-01-2023 16:00,30.3,35,0
14-01-2023 16:15,30.2,37,0
14-01-2023 16:30,29.6,35,0
14-01-2023 16:45,29.5,35,0
14-01-2023 17:00,28.9,36,0
14-01-2023 17:15,28.6,38,0
14-01-2023 17:30,27.7,39,0
14-01-2023 17:45,27,41,0
14-01-2023 18:00,26.2,44,0
14-01-2023 18:15,25.2,47,0
14-01-2023 18:30,24.7,49,0
14-01-2023 18:45,23.8,55,0
14-01-2023 19:00,23,58,0
14-01-2023 19:15,22.7,60,0
14-01-2023 19:30,22.6,59,0
14-01-2023 19:45,22.2,59,0
14-01-2023 20:00,21.8,61,0
14-01-2023 20:15,21.2,62,0
14-01-2023 20:30,20.3,66,0
14-01-2023 20:45,20.2,67,0
14-01-2023 21:00,19.6,69,0
14-01-2023 21:15,19.1,70,0
14-01-2023 21:30,18.1,75,0
14-01-2023 21:45,17.4,78,0
14-01-2023 22:00,17,79,0
14-01-2023 22:15,17,82,0
14-01-2023 22:30,16.2,83,0
14-01-2023 23:00,16.9,83,0
14-01-2023 23:15,16.2,84,0
14-01-2023 23:30,15.9,86,0
14-01-2023 23:45,15.3,85,0
15-01-2023 00:00,14.9,87,0
15-01-2023 00:30,14,90,0
15-01-2023 00:45,14.8,89,0
15-01-2023 01:00,14.6,88,0
15-01-2023 01:15,14.5,88,0
15-01-2023 01:30,14.4,88,0
15-01-2023 01:45,14.3,88,0
15-01-2023 02:00,14,89,0
15-01-2023 02:15,13.9,89,0
15-01-2023 02:30,13.6,89,0
15-01-2023 02:45,13.5,90,0
15-01-2023 03:00,13.3,90,0
15-01-2023 03:15,13.4,90,0
15-01-2023 03:30,13.2,90,0
15-01-2023 03:45,13.2,90,0
15-01-2023 04:00,13.2,90,0
15-01-2023 04:15,13.2,90,0
15-01-2023 04:30,13.2,90,0
15-01-2023 04:45,13,90,0
15-01-2023 05:00,12.8,91,0
15-01-2023 05:15,12.6,90,0
15-01-2023 05:30,12.5,91,0
15-01-2023 05:45,12.3,91,0
15-01-2023 06:00,12.2,91,0
15-01-2023 06:15,12.2,91,0
15-01-2023 06:30,12.2,91,0
15-01-2023 06:45,11.9,91,0
15-01-2023 07:00,12.2,91,0
15-01-2023 07:15,12.3,91,0
15-01-2023 07:30,12.2,91,0
15-01-2023 07:45,12.3,91,0
15-01-2023 08:00,12.8,90,0
15-01-2023 08:15,13.7,89,0
15-01-2023 08:30,14.5,88,0
15-01-2023 08:45,15.9,84,0
15-01-2023 09:00,17.1,79,0
15-01-2023 09:15,17.9,75,0
15-01-2023 09:30,19.3,72,0
15-01-2023 09:45,20.9,67,0
15-01-2023 10:00,22.8,62,0
15-01-2023 10:15,24.4,55,0
15-01-2023 10:30,24.6,52,0
15-01-2023 10:45,25.2,51,0
15-01-2023 11:00,25.6,49,0
15-01-2023 11:15,26.1,48,0
15-01-2023 11:30,25.9,48,0
15-01-2023 11:45,25.9,47,0
15-01-2023 12:00,26.9,48,0
15-01-2023 12:15,27.7,44,0
15-01-2023 12:30,27.4,44,0
15-01-2023 12:45,28,44,0
15-01-2023 13:00,28.1,41,0
15-01-2023 13:15,28.9,40,0
15-01-2023 13:30,29,40,0
15-01-2023 13:45,29.6,40,0
15-01-2023 14:00,30.4,33,0
15-01-2023 14:15,30.8,34,0
15-01-2023 14:30,30.8,36,0
15-01-2023 14:45,31.7,27,0
15-01-2023 15:00,31.8,29,0
15-01-2023 15:15,31.9,29,0
15-01-2023 15:30,32.1,28,0
15-01-2023 15:45,31.8,29,0
15-01-2023 16:00,32.3,28,0
15-01-2023 16:15,32.5,29,0
15-01-2023 16:30,32.2,29,0
15-01-2023 16:45,32.2,29,0
15-01-2023 17:00,30.5,36,0
15-01-2023 17:15,29.7,37,0
15-01-2023 17:30,29,38,0
15-01-2023 17:45,28.3,38,0
15-01-2023 18:00,27.5,37,0
15-01-2023 18:15,26.8,40,0
15-01-2023 18:30,26.2,43,0
15-01-2023 18:45,25.3,46,0
15-01-2023 19:00,24.5,50,0
15-01-2023 19:15,24,53,0
15-01-2023 19:30,23.3,56,0
15-01-2023 19:45,22.7,58,0
15-01-2023 20:00,22.4,59,0
15-01-2023 20:15,21.9,61,0
15-01-2023 20:30,21.5,63,0
15-01-2023 20:45,21.1,65,0
15-01-2023 21:00,20.5,65,0
15-01-2023 21:15,20.1,67,0
15-01-2023 21:30,18.8,71,0
15-01-2023 21:45,18.2,72,0
15-01-2023 22:00,17.9,75,0
15-01-2023 22:15,17.5,75,0
15-01-2023 22:30,17,77,0
15-01-2023 22:45,16.8,79,0
15-01-2023 23:00,16.3,83,0
15-01-2023 23:15,16.3,86,0
15-01-2023 23:30,16.7,85,0
15-01-2023 23:45,17.2,84,0
16-01-2023 00:00,16.8,83,0
16-01-2023 00:30,16.6,85,0
16-01-2023 00:45,16.4,87,0
16-01-2023 01:00,16.4,86,0
16-01-2023 01:15,16.2,87,0
16-01-2023 01:30,15.8,87,0
16-01-2023 01:45,15.3,88,0
16-01-2023 02:00,14.6,89,0
16-01-2023 02:15,14.2,89,0
16-01-2023 02:30,14.1,90,0
16-01-2023 02:45,13.8,90,0
16-01-2023 03:00,13.4,91,0
16-01-2023 03:30,13.4,91,0
16-01-2023 03:45,13.6,91,0
16-01-2023 04:00,14.2,90,0
16-01-2023 04:15,14.3,90,0
16-01-2023 04:30,14.2,90,0
16-01-2023 04:45,14,90,0
16-01-2023 05:00,14.1,91,0
16-01-2023 05:15,13.8,90,0
16-01-2023 05:30,13.7,91,0
16-01-2023 05:45,13.4,91,0
16-01-2023 06:00,13.1,91,0
16-01-2023 06:15,13.2,91,0
16-01-2023 06:30,13.1,91,0
16-01-2023 06:45,13,91,0
16-01-2023 07:00,13.1,91,0
16-01-2023 07:15,13.2,91,0
16-01-2023 07:30,13,91,0
16-01-2023 07:45,13.4,91,0
16-01-2023 08:00,13.9,90,0
16-01-2023 08:15,14.9,88,0
16-01-2023 08:30,15.9,86,0
16-01-2023 08:45,16.8,81,0
16-01-2023 09:00,17.8,79,0
16-01-2023 09:15,19.2,73,0
16-01-2023 09:30,21.3,66,0
16-01-2023 09:45,23.4,60,0
16-01-2023 10:00,25,54,0
16-01-2023 10:15,24.8,53,0
16-01-2023 10:30,25.1,50,0
16-01-2023 10:45,26.4,48,0
16-01-2023 11:00,26.5,45,0
16-01-2023 11:15,27.6,41,0
16-01-2023 11:30,27.3,39,0
16-01-2023 11:45,27.9,42,0
16-01-2023 12:00,28.5,38,0
16-01-2023 12:15,29.2,32,0
16-01-2023 12:30,29.9,24,0
16-01-2023 12:45,30.3,21,0
16-01-2023 13:00,31,20,0
16-01-2023 13:15,31.3,21,0
16-01-2023 13:30,31.5,19,0
16-01-2023 13:45,31.9,16,0
16-01-2023 14:00,32.1,15,0
16-01-2023 14:15,32.6,14,0
16-01-2023 14:30,32.3,11,0
16-01-2023 14:45,32.6,13,0
16-01-2023 15:00,32.6,14,0
16-01-2023 15:15,32.5,15,0
16-01-2023 15:30,32.3,16,0
16-01-2023 15:45,32.2,16,0
16-01-2023 16:00,32.1,17,0
16-01-2023 16:15,31.7,18,0
16-01-2023 16:30,31.9,21,0
16-01-2023 16:45,31.3,24,0
16-01-2023 17:00,30.7,25,0
16-01-2023 17:15,30,25,0
16-01-2023 17:30,29.6,26,0
16-01-2023 17:45,28.8,28,0
16-01-2023 18:00,27.7,29,0
16-01-2023 18:15,26.5,32,0
16-01-2023 18:30,26.1,34,0
16-01-2023 18:45,25.7,36,0
16-01-2023 19:00,24.9,39,0
16-01-2023 19:15,24.1,41,0
16-01-2023 19:30,23.2,44,0
16-01-2023 19:45,22.4,47,0
16-01-2023 20:00,22.3,50,0
16-01-2023 20:15,21.4,53,0
16-01-2023 20:30,19.8,58,0
16-01-2023 20:45,20.2,59,0
16-01-2023 21:00,18.2,64,0
16-01-2023 21:15,18.6,64,0
16-01-2023 21:30,18.2,66,0
16-01-2023 21:45,19.2,63,0
16-01-2023 22:00,18.7,65,0
16-01-2023 22:15,17.6,67,0
16-01-2023 22:30,17,71,0
16-01-2023 22:45,16.2,74,0
16-01-2023 23:00,15.6,77,0
16-01-2023 23:15,15.8,81,0
16-01-2023 23:30,16.2,80,0
16-01-2023 23:45,16.4,81,0
17-01-2023 00:00,16.7,78,0
17-01-2023 00:30,15.1,82,0
17-01-2023 00:45,14.2,87,0
17-01-2023 01:00,13.7,88,0
17-01-2023 01:15,13.5,89,0
17-01-2023 01:30,13.2,89,0
17-01-2023 01:45,12.8,89,0
17-01-2023 02:00,12.5,89,0
17-01-2023 02:15,12.4,90,0
17-01-2023 02:30,13.5,90,0
17-01-2023 02:45,13.9,88,0
17-01-2023 03:00,13.6,87,0
17-01-2023 03:15,13.5,88,0
17-01-2023 03:30,13.4,88,0
17-01-2023 03:45,13.4,88,0
17-01-2023 04:00,13.3,87,0
17-01-2023 04:15,13.2,87,0
17-01-2023 04:30,13.1,87,0
17-01-2023 04:45,12.8,88,0
17-01-2023 05:00,12.6,88,0
17-01-2023 05:15,12.6,89,0
17-01-2023 05:30,12.7,89,0
17-01-2023 05:45,12.7,89,0
17-01-2023 06:00,12.7,89,0
17-01-2023 06:15,12.5,89,0
17-01-2023 06:30,12.6,89,0
17-01-2023 06:45,12.6,89,0
17-01-2023 07:00,12.4,89,0
17-01-2023 07:15,12.2,90,0
17-01-2023 07:30,12.3,89,0
17-01-2023 07:45,13,88,0
17-01-2023 08:00,13.9,87,0
17-01-2023 08:15,14.5,85,0
17-01-2023 08:30,15,81,0
17-01-2023 08:45,15.9,77,0
17-01-2023 09:00,17.2,73,0
17-01-2023 09:15,20.1,65,0
17-01-2023 09:30,21.1,59,0
17-01-2023 09:45,22.6,55,0
17-01-2023 10:00,23.8,51,0
17-01-2023 10:15,24.4,48,0
17-01-2023 10:30,26,46,0
17-01-2023 10:45,25.7,42,0
17-01-2023 11:00,27,39,0
17-01-2023 11:15,27.9,38,0
17-01-2023 11:30,27.8,36,0
17-01-2023 11:45,28.3,34,0
17-01-2023 12:00,29.2,28,0
17-01-2023 12:15,29.4,28,0
17-01-2023 12:30,29.5,32,0
17-01-2023 12:45,30.4,34,0
17-01-2023 13:00,30.3,25,0
17-01-2023 13:15,31,27,0
17-01-2023 13:30,30.7,24,0
17-01-2023 13:45,31,23,0
17-01-2023 14:00,31.4,24,0
17-01-2023 14:15,32.4,22,0
17-01-2023 14:30,31.9,22,0
17-01-2023 14:45,32.3,22,0
17-01-2023 15:00,32.2,19,0
17-01-2023 15:15,32.4,19,0
17-01-2023 15:30,32.4,19,0
17-01-2023 15:45,33.1,19,0
17-01-2023 16:00,32.3,18,0
17-01-2023 16:15,32.6,19,0
17-01-2023 16:30,31.7,20,0
17-01-2023 16:45,31.5,21,0
17-01-2023 17:00,31,24,0
17-01-2023 17:15,30.2,25,0
17-01-2023 17:30,29.6,27,0
17-01-2023 17:45,29,29,0
17-01-2023 18:00,27.9,33,0
17-01-2023 18:15,26.9,36,0
17-01-2023 18:30,26.4,39,0
17-01-2023 18:45,25.9,40,0
17-01-2023 19:00,24.8,43,0
17-01-2023 19:15,24.3,43,0
17-01-2023 19:30,23.7,44,0
17-01-2023 19:45,22.9,46,0
17-01-2023 20:00,22.5,47,0
17-01-2023 20:15,22,49,0
17-01-2023 20:30,21.7,50,0
17-01-2023 20:45,20.5,52,0
17-01-2023 21:00,18.7,64,0
17-01-2023 21:15,18.3,62,0
17-01-2023 21:30,18.8,61,0
17-01-2023 22:00,17.4,68,0
17-01-2023 22:15,17,70,0
17-01-2023 22:30,17.1,70,0
17-01-2023 22:45,17.9,68,0
17-01-2023 23:00,17.5,70,0
17-01-2023 23:15,16.4,72,0
17-01-2023 23:30,15.6,77,0
17-01-2023 23:45,16.8,74,0
18-01-2023 00:00,16.7,73,0
18-01-2023 00:30,16.2,75,0
18-01-2023 00:45,16.2,76,0
18-01-2023 01:00,15.7,78,0
18-01-2023 01:15,15.9,78,0
18-01-2023 01:30,15.1,79,0
18-01-2023 01:45,14.3,85,0
18-01-2023 02:00,13.6,88,0
18-01-2023 02:15,13.3,89,0
18-01-2023 02:30,14.1,88,0
18-01-2023 02:45,14.4,86,0
18-01-2023 03:00,14.2,86,0
18-01-2023 03:15,14,86,0
18-01-2023 03:30,13.9,86,0
18-01-2023 03:45,13.9,85,0
18-01-2023 04:00,14,86,0
18-01-2023 04:15,13.6,86,0
18-01-2023 04:30,13.5,87,0
18-01-2023 04:45,13.3,87,0
18-01-2023 05:00,13.5,87,0
18-01-2023 05:15,13.4,87,0
18-01-2023 05:30,13.4,88,0
18-01-2023 05:45,13.6,87,0
18-01-2023 06:00,13.6,87,0
18-01-2023 06:15,13.4,87,0
18-01-2023 06:30,13.2,88,0
18-01-2023 06:45,13.1,88,0
18-01-2023 07:00,13.1,88,0
18-01-2023 07:15,13,88,0
18-01-2023 07:30,13.2,88,0
18-01-2023 07:45,13.8,86,0
18-01-2023 08:00,14.4,83,0
18-01-2023 08:15,15.7,75,0
18-01-2023 08:30,16.7,72,0
18-01-2023 08:45,18.1,67,0
18-01-2023 09:00,19.4,63,0
18-01-2023 09:15,20.8,60,0
18-01-2023 09:30,22.6,54,0
18-01-2023 09:45,24.6,49,0
18-01-2023 10:00,25.2,48,0
18-01-2023 10:15,26.3,46,0
18-01-2023 10:30,26.3,43,0
18-01-2023 10:45,27.3,43,0
18-01-2023 11:00,27.3,42,0
18-01-2023 11:15,27.9,44,0
18-01-2023 11:30,28.6,39,0
18-01-2023 11:45,29.1,35,0
18-01-2023 12:00,28.6,37,0
18-01-2023 12:15,29,37,0
18-01-2023 12:30,29.2,35,0
18-01-2023 12:45,29.8,35,0
18-01-2023 13:00,29.9,36,0
18-01-2023 13:15,30.5,35,0
18-01-2023 13:30,31.7,32,0
18-01-2023 13:45,31.5,27,0
18-01-2023 14:00,30.9,30,0
18-01-2023 14:30,32.5,28,0
18-01-2023 15:00,31.8,28,0
18-01-2023 15:15,32.8,25,0
18-01-2023 15:30,31.4,27,0
18-01-2023 15:45,32.7,27,0
18-01-2023 16:00,31.6,27,0
18-01-2023 16:15,32.3,25,0
18-01-2023 16:30,32.6,28,0
18-01-2023 17:00,31.5,26,0
18-01-2023 17:15,31.3,27,0
18-01-2023 17:30,30.8,28,0
18-01-2023 17:45,30.6,30,0
18-01-2023 18:00,28.6,34,0
18-01-2023 18:15,27.8,33,0
18-01-2023 18:30,27.4,36,0
18-01-2023 19:00,25.6,43,0
18-01-2023 19:15,25.1,43,0
18-01-2023 19:30,24.7,43,0
18-01-2023 19:45,24.2,44,0
18-01-2023 20:00,22.7,48,0
18-01-2023 20:30,20.5,61,0
18-01-2023 20:45,20,60,0
18-01-2023 21:00,19.4,67,0
18-01-2023 21:15,18.7,71,0
18-01-2023 21:30,18.3,69,0
18-01-2023 21:45,18.4,67,0
18-01-2023 22:00,18.1,67,0
18-01-2023 22:30,17.2,74,0
18-01-2023 22:45,17,79,0
18-01-2023 23:00,16.7,74,0
18-01-2023 23:15,16.7,73,0
18-01-2023 23:30,16.1,78,0
18-01-2023 23:45,16.1,77,0
19-01-2023 00:00,17.3,72,0
19-01-2023 00:30,17.8,71,0
19-01-2023 00:45,17.4,72,0
19-01-2023 01:00,17,73,0
19-01-2023 01:15,16.3,74,0
19-01-2023 01:30,16,78,0
19-01-2023 01:45,16.2,76,0
19-01-2023 02:00,16.1,78,0
19-01-2023 02:15,16,76,0
19-01-2023 02:30,15.9,78,0
19-01-2023 02:45,15.8,79,0
19-01-2023 03:00,15.6,81,0
19-01-2023 03:15,15.5,81,0
19-01-2023 03:30,15.3,82,0
19-01-2023 03:45,15.1,82,0
19-01-2023 04:00,15,82,0
19-01-2023 04:15,14.9,81,0
19-01-2023 04:30,14.9,84,0
19-01-2023 04:45,14.9,83,0
19-01-2023 05:00,14.6,84,0
19-01-2023 05:15,14.2,86,0
19-01-2023 05:30,14.4,86,0
19-01-2023 05:45,14.3,84,0
19-01-2023 06:00,14.4,85,0
19-01-2023 06:15,14.2,85,0
19-01-2023 06:30,14.2,86,0
19-01-2023 06:45,14,86,0
19-01-2023 07:00,13.8,86,0
19-01-2023 07:15,14,87,0
19-01-2023 07:30,14.1,86,0
19-01-2023 07:45,14.4,84,0
19-01-2023 08:00,15.2,81,0
19-01-2023 08:15,15.9,78,0
19-01-2023 08:30,16.4,77,0
19-01-2023 08:45,16.9,73,0
19-01-2023 09:00,18.7,68,0
19-01-2023 09:15,20.2,62,0
19-01-2023 09:30,21.8,58,0
19-01-2023 09:45,23.5,53,0
19-01-2023 10:00,25.1,50,0
19-01-2023 10:15,25.4,47,0
19-01-2023 10:30,26.1,48,0
19-01-2023 10:45,26.2,48,0
19-01-2023 11:00,26.3,48,0
19-01-2023 11:15,27,46,0
19-01-2023 11:30,27.8,44,0
19-01-2023 11:45,27.7,43,0
19-01-2023 12:00,27.8,43,0
19-01-2023 12:15,28,42,0
19-01-2023 12:30,28.5,40,0
19-01-2023 12:45,28.8,39,0
19-01-2023 13:00,29.7,37,0
19-01-2023 13:15,29.9,37,0
19-01-2023 13:30,30.1,37,0
19-01-2023 13:45,31.4,36,0
19-01-2023 14:00,31.2,32,0
19-01-2023 14:15,31.8,30,0
19-01-2023 14:30,32.1,29,0
19-01-2023 14:45,31.2,31,0
19-01-2023 15:00,32.8,28,0
19-01-2023 15:15,33.1,24,0
19-01-2023 15:30,32.4,25,0
19-01-2023 15:45,32.4,25,0
19-01-2023 16:00,32.9,26,0
19-01-2023 16:15,31.9,27,0
19-01-2023 16:30,32.5,26,0
19-01-2023 16:45,33.2,26,0
19-01-2023 17:00,32.1,26,0
19-01-2023 17:15,31.8,27,0
19-01-2023 17:30,31.5,28,0
19-01-2023 17:45,29.8,33,0
19-01-2023 18:00,29.2,33,0
19-01-2023 18:15,28.6,33,0
19-01-2023 18:30,27.8,35,0
19-01-2023 18:45,27,39,0
19-01-2023 19:00,26.1,41,0
19-01-2023 19:15,25.1,44,0
19-01-2023 19:30,24.4,48,0
19-01-2023 19:45,24.6,48,0
19-01-2023 20:00,24.3,49,0
19-01-2023 20:15,23.4,53,0
19-01-2023 20:30,23.3,54,0
19-01-2023 20:45,22,61,0
19-01-2023 21:00,20.9,63,0
19-01-2023 21:15,20.4,68,0
19-01-2023 21:30,20,68,0
19-01-2023 21:45,19.5,70,0
19-01-2023 22:00,19.2,71,0
19-01-2023 22:15,18.7,72,0
19-01-2023 22:30,18.5,75,0
19-01-2023 22:45,17.6,75,0
19-01-2023 23:00,17.2,78,0
19-01-2023 23:15,17.2,77,0
19-01-2023 23:30,17.2,75,0
19-01-2023 23:45,17,78,0
20-01-2023 00:00,17,77,0
20-01-2023 00:30,17.7,78,0
20-01-2023 00:45,17.8,77,0
20-01-2023 01:00,17.3,81,0
20-01-2023 01:15,17.3,82,0
20-01-2023 01:30,17.5,80,0
20-01-2023 01:45,17.2,82,0
20-01-2023 02:00,16.8,84,0
20-01-2023 02:15,16.6,84,0
20-01-2023 02:30,16.6,85,0
20-01-2023 02:45,16.3,86,0
20-01-2023 03:00,16.2,87,0
20-01-2023 03:15,16.1,87,0
20-01-2023 03:30,15.9,87,0
20-01-2023 03:45,15.6,88,0
20-01-2023 04:00,15.4,88,0
20-01-2023 04:15,15.3,88,0
20-01-2023 04:30,15.1,89,0
20-01-2023 04:45,14.8,89,0
20-01-2023 05:00,14.9,89,0
20-01-2023 05:15,14.7,89,0
20-01-2023 05:30,14.7,89,0
20-01-2023 05:45,14.4,89,0
20-01-2023 06:00,14.6,89,0
20-01-2023 06:15,14.3,89,0
20-01-2023 06:30,14.4,89,0
20-01-2023 06:45,14.3,89,0
20-01-2023 07:00,14.3,89,0
20-01-2023 07:15,13.8,89,0
20-01-2023 07:30,13.3,90,0
20-01-2023 07:45,13.4,91,0
20-01-2023 08:00,14.1,90,0
20-01-2023 08:15,15.1,89,0
20-01-2023 08:30,16.8,86,0
20-01-2023 09:00,19.1,72,0
20-01-2023 09:15,21.2,68,0
20-01-2023 09:30,22.4,64,0
20-01-2023 09:45,23.2,60,0
20-01-2023 10:00,23.8,56,0
20-01-2023 10:15,24,60,0
20-01-2023 10:30,24.5,58,0
20-01-2023 10:45,25,54,0
20-01-2023 11:00,25.8,50,0
20-01-2023 11:15,26.3,47,0
20-01-2023 11:30,27,46,0
20-01-2023 11:45,27.5,45,0
20-01-2023 12:00,27.7,44,0
20-01-2023 12:15,28.3,43,0
20-01-2023 12:30,29,39,0
20-01-2023 12:45,29.4,38,0
20-01-2023 13:00,30,32,0
20-01-2023 13:15,30.2,31,0
20-01-2023 13:30,30,30,0
20-01-2023 13:45,30.6,31,0
20-01-2023 14:00,31.3,28,0
20-01-2023 14:15,31.2,29,0
20-01-2023 14:30,31.2,30,0
20-01-2023 14:45,31.5,29,0
20-01-2023 15:00,31.7,31,0
20-01-2023 15:15,31.7,28,0
20-01-2023 15:30,32.7,27,0
20-01-2023 15:45,32.9,28,0
20-01-2023 16:00,32,27,0
20-01-2023 16:15,31.5,28,0
20-01-2023 16:30,31.5,27,0
20-01-2023 16:45,30.9,28,0
20-01-2023 17:00,30.6,28,0
20-01-2023 17:15,30.3,29,0
20-01-2023 17:30,29.8,31,0
20-01-2023 17:45,29.1,33,0
20-01-2023 18:00,28.3,35,0
20-01-2023 18:15,27.4,38,0
20-01-2023 18:30,26.8,39,0
20-01-2023 18:45,26.4,39,0
20-01-2023 19:00,26,40,0
20-01-2023 19:15,25.2,43,0
20-01-2023 19:30,24.6,46,0
20-01-2023 19:45,24.9,43,0
20-01-2023 20:00,24.6,42,0
20-01-2023 20:15,23.7,46,0
20-01-2023 20:30,23,47,0
20-01-2023 20:45,22.6,48,0
20-01-2023 21:00,21,56,0
20-01-2023 21:15,20,58,0
20-01-2023 21:30,19.5,61,0
20-01-2023 21:45,19.1,61,0
20-01-2023 22:00,18.4,65,0
20-01-2023 22:15,18,69,0
20-01-2023 22:30,17.7,70,0
20-01-2023 22:45,17.3,72,0
20-01-2023 23:00,16.8,74,0
20-01-2023 23:15,16.8,80,0
20-01-2023 23:30,16.1,81,0
20-01-2023 23:45,16,79,0
21-01-2023 00:00,15.7,83,0
21-01-2023 00:30,15.2,85,0
21-01-2023 00:45,14.9,84,0
21-01-2023 01:00,15,84,0
21-01-2023 01:15,14.8,83,0
21-01-2023 01:30,15.2,83,0
21-01-2023 01:45,15.7,78,0
21-01-2023 02:00,15.5,82,0
21-01-2023 02:15,15.6,81,0
21-01-2023 02:30,15.6,79,0
21-01-2023 02:45,15.6,78,0
21-01-2023 03:00,15.4,79,0
21-01-2023 03:15,15.3,79,0
21-01-2023 03:30,15,82,0
21-01-2023 03:45,14.7,83,0
21-01-2023 04:00,14.8,85,0
21-01-2023 04:15,14.9,83,0
21-01-2023 04:30,14.7,83,0
21-01-2023 04:45,14.6,85,0
21-01-2023 05:00,14.5,85,0
21-01-2023 05:15,14.6,85,0
21-01-2023 05:30,14.5,86,0
21-01-2023 05:45,14.4,87,0
21-01-2023 06:00,14.2,87,0
21-01-2023 06:15,14.2,87,0
21-01-2023 06:30,14.1,87,0
21-01-2023 06:45,13.9,87,0
21-01-2023 07:00,13.8,87,0
21-01-2023 07:15,14,87,0
21-01-2023 07:30,14.1,87,0
21-01-2023 07:45,14.4,86,0
21-01-2023 08:00,15.2,84,0
21-01-2023 08:15,16.2,80,0
21-01-2023 08:30,17.4,75,0
21-01-2023 08:45,18.6,70,0
21-01-2023 09:00,20,68,0
21-01-2023 09:15,21.1,62,0
21-01-2023 09:30,21.2,61,0
21-01-2023 09:45,22,58,0
21-01-2023 10:00,23.3,54,0
21-01-2023 10:15,24.5,49,0
21-01-2023 10:30,26.2,44,0
21-01-2023 10:45,27.7,41,0
21-01-2023 11:00,28.1,39,0
21-01-2023 11:15,28.3,40,0
21-01-2023 11:30,28.3,40,0
21-01-2023 11:45,28.2,41,0
21-01-2023 12:00,28.5,38,0
21-01-2023 12:15,29.5,37,0
21-01-2023 12:30,29.3,37,0
21-01-2023 12:45,29.3,36,0
21-01-2023 13:00,30.1,34,0
21-01-2023 13:15,30.7,36,0
21-01-2023 13:30,29.9,31,0
21-01-2023 13:45,30.9,33,0
21-01-2023 14:00,31.5,32,0
21-01-2023 14:30,31.1,29,0
21-01-2023 14:45,30.6,33,0
21-01-2023 15:00,31.2,30,0
21-01-2023 15:15,31.8,30,0
21-01-2023 15:30,30.7,31,0
21-01-2023 15:45,31.7,29,0
21-01-2023 16:00,31.8,30,0
21-01-2023 16:15,30.9,30,0
21-01-2023 16:30,30.6,30,0
21-01-2023 16:45,30.2,31,0
21-01-2023 17:00,30,32,0
21-01-2023 17:15,29.7,33,0
21-01-2023 17:30,29.1,34,0
21-01-2023 17:45,28.4,35,0
21-01-2023 18:00,27.7,36,0
21-01-2023 18:15,27.1,38,0
21-01-2023 18:30,26.5,40,0
21-01-2023 18:45,26,41,0
21-01-2023 19:00,25.2,43,0
21-01-2023 19:15,24.8,47,0
21-01-2023 19:30,24.3,51,0
21-01-2023 19:45,23.9,53,0
21-01-2023 20:00,23.3,55,0
21-01-2023 20:15,22.9,57,0
21-01-2023 20:30,22.5,58,0
21-01-2023 20:45,22.2,59,0
21-01-2023 21:00,22.1,58,0
21-01-2023 21:15,22.1,57,0
21-01-2023 21:30,21.8,55,0
21-01-2023 21:45,21.4,56,0
21-01-2023 22:00,20.8,57,0
21-01-2023 22:15,19.6,64,0
21-01-2023 22:30,18.9,65,0
21-01-2023 22:45,18.5,65,0
21-01-2023 23:00,17.9,73,0
21-01-2023 23:15,17.3,73,0
21-01-2023 23:30,17.1,77,0
21-01-2023 23:45,16.5,79,0
22-01-2023 00:00,16.3,78,0
22-01-2023 00:30,16,78,0
22-01-2023 00:45,15.6,83,0
22-01-2023 01:00,15.4,87,0
22-01-2023 01:15,15.1,87,0
22-01-2023 01:30,14.8,87,0
22-01-2023 01:45,14.5,83,0
22-01-2023 02:00,14.6,86,0
22-01-2023 02:15,14.4,87,0
22-01-2023 02:30,14.2,88,0
22-01-2023 02:45,13.9,87,0
22-01-2023 03:00,13.7,88,0
22-01-2023 03:15,13.3,88,0
22-01-2023 03:30,13.1,89,0
22-01-2023 03:45,13.1,89,0
22-01-2023 04:00,12.9,89,0
22-01-2023 04:15,12.9,89,0
22-01-2023 04:30,12.8,88,0
22-01-2023 04:45,12.7,89,0
22-01-2023 05:00,12.6,89,0
22-01-2023 05:15,12.8,88,0
22-01-2023 05:30,13.6,82,0
22-01-2023 05:45,13.4,81,0
22-01-2023 06:00,12.8,87,0
22-01-2023 06:15,12.4,88,0
22-01-2023 06:30,12,88,0
22-01-2023 06:45,11.9,89,0
22-01-2023 07:00,11.7,90,0
22-01-2023 07:15,11.4,89,0
22-01-2023 07:30,12,89,0
22-01-2023 07:45,12.5,89,0
22-01-2023 08:00,13.7,88,0
22-01-2023 08:15,15.4,80,0
22-01-2023 08:30,16.6,70,0
22-01-2023 08:45,17.4,68,0
22-01-2023 09:00,18.3,66,0
22-01-2023 09:15,20.2,61,0
22-01-2023 09:30,21.5,55,0
22-01-2023 09:45,23.6,47,0
22-01-2023 10:00,24.9,42,0
22-01-2023 10:15,26,37,0
22-01-2023 10:30,25.7,40,0
22-01-2023 10:45,25.8,41,0
22-01-2023 11:00,25.8,38,0
22-01-2023 11:15,26,37,0
22-01-2023 11:30,27,35,0
22-01-2023 11:45,27.3,38,0
22-01-2023 12:00,26.9,42,0
22-01-2023 12:15,27.7,41,0
22-01-2023 12:30,28.2,40,0
22-01-2023 12:45,28.4,40,0
22-01-2023 13:00,28.6,40,0
22-01-2023 13:15,30.1,38,0
22-01-2023 13:30,30.2,37,0
22-01-2023 13:45,29.6,39,0
22-01-2023 14:00,29.8,39,0
22-01-2023 14:15,30.4,39,0
22-01-2023 14:30,30.3,38,0
22-01-2023 14:45,30.5,34,0
22-01-2023 15:00,30.8,34,0
22-01-2023 15:15,30.7,34,0
22-01-2023 15:30,31.4,33,0
22-01-2023 15:45,30.8,33,0
22-01-2023 16:00,30.6,32,0
22-01-2023 16:15,31,34,0
22-01-2023 16:30,30.5,34,0
22-01-2023 16:45,29.7,36,0
22-01-2023 17:00,28.8,36,0
22-01-2023 17:15,28.3,37,0
22-01-2023 17:30,28.1,38,0
22-01-2023 17:45,27.4,39,0
22-01-2023 18:00,26.7,40,0
22-01-2023 18:15,25.9,42,0
22-01-2023 18:30,25,44,0
22-01-2023 18:45,24.4,44,0
22-01-2023 19:00,23.9,45,0
22-01-2023 19:15,23.7,44,0
22-01-2023 19:30,23.3,44,0
22-01-2023 19:45,23,43,0
22-01-2023 20:00,22.6,44,0
22-01-2023 20:15,22.1,47,0
22-01-2023 20:30,21.7,49,0
22-01-2023 20:45,21.4,50,0
22-01-2023 21:00,21.2,51,0
22-01-2023 21:15,20.6,54,0
22-01-2023 21:30,20.4,55,0
22-01-2023 21:45,20.3,55,0
22-01-2023 22:00,19.8,57,0
22-01-2023 22:15,19,61,0
22-01-2023 22:30,18,64,0
22-01-2023 22:45,17.6,68,0
22-01-2023 23:00,17.1,70,0
22-01-2023 23:15,16.8,69,0
22-01-2023 23:30,17.1,70,0
22-01-2023 23:45,17.2,68,0
23-01-2023 00:00,17.5,70,0
23-01-2023 00:30,15.8,77,0
23-01-2023 00:45,15.4,77,0
23-01-2023 01:00,15.5,81,0
23-01-2023 01:15,15.4,79,0
23-01-2023 01:30,15.1,78,0
23-01-2023 01:45,14.9,82,0
23-01-2023 02:00,14.7,84,0
23-01-2023 02:15,14.6,86,0
23-01-2023 02:30,14.3,86,0
23-01-2023 02:45,14,86,0
23-01-2023 03:00,13.9,87,0
23-01-2023 03:15,13.9,87,0
23-01-2023 03:30,13.8,87,0
23-01-2023 03:45,13.3,87,0
23-01-2023 04:00,13.2,88,0
23-01-2023 04:15,13.4,88,0
23-01-2023 04:30,13.2,88,0
23-01-2023 04:45,13.6,88,0
23-01-2023 05:00,13.2,88,0
23-01-2023 05:15,12.9,89,0
23-01-2023 05:30,12.9,89,0
23-01-2023 05:45,13.7,88,0
23-01-2023 06:00,13.9,86,0
23-01-2023 06:15,13.8,87,0
23-01-2023 06:30,13.8,86,0
23-01-2023 06:45,13.7,86,0
23-01-2023 07:00,13.4,87,0
23-01-2023 07:15,13.4,87,0
23-01-2023 07:30,13.5,87,0
23-01-2023 07:45,14,86,0
23-01-2023 08:00,14.8,84,0
23-01-2023 08:15,15.6,80,0
23-01-2023 08:30,16.8,75,0
23-01-2023 08:45,18.3,70,0
23-01-2023 09:00,19.8,65,0
23-01-2023 09:15,19.6,64,0
23-01-2023 09:30,20.2,63,0
23-01-2023 09:45,21.8,57,0
23-01-2023 10:00,23.4,50,0
23-01-2023 10:15,25.2,47,0
23-01-2023 10:30,25.1,47,0
23-01-2023 10:45,25,51,0
23-01-2023 11:00,25.9,47,0
23-01-2023 11:15,26.6,48,0
23-01-2023 11:30,26.7,48,0
23-01-2023 11:45,27.3,45,0
23-01-2023 12:00,27.1,45,0
23-01-2023 12:15,27.9,44,0
23-01-2023 12:30,29,41,0
23-01-2023 12:45,29.1,40,0
23-01-2023 13:00,28.8,40,0
23-01-2023 13:15,29.1,41,0
23-01-2023 13:30,29.2,39,0
23-01-2023 13:45,29.7,38,0
23-01-2023 14:00,30.4,36,0
23-01-2023 14:15,30,38,0
23-01-2023 14:30,30.1,36,0
23-01-2023 14:45,30.4,36,0
23-01-2023 15:00,31.7,35,0
23-01-2023 15:15,31.5,33,0
23-01-2023 15:30,31.3,34,0
23-01-2023 15:45,31.2,35,0
23-01-2023 16:00,30.4,36,0
23-01-2023 16:15,30.2,36,0
23-01-2023 16:30,29.5,39,0
23-01-2023 16:45,29,39,0
23-01-2023 17:00,28.9,39,0
23-01-2023 17:15,28.3,40,0
23-01-2023 17:30,27.9,41,0
23-01-2023 17:45,27.4,42,0
23-01-2023 18:00,26.6,43,0
23-01-2023 18:15,25.9,44,0
23-01-2023 18:30,25.3,46,0
23-01-2023 18:45,24.7,47,0
23-01-2023 19:00,24.2,49,0
23-01-2023 19:15,23.7,51,0
23-01-2023 19:30,23,53,0
23-01-2023 19:45,22.6,53,0
23-01-2023 20:00,22.3,53,0
23-01-2023 20:15,22.4,52,0
23-01-2023 20:30,21.8,53,0
23-01-2023 20:45,21.6,53,0
23-01-2023 21:00,21,56,0
23-01-2023 21:15,20.4,59,0
23-01-2023 21:30,20,61,0
23-01-2023 21:45,19.5,62,0
23-01-2023 22:00,18.5,67,0
23-01-2023 22:15,18,69,0
23-01-2023 22:30,18.5,67,0
23-01-2023 22:45,18.5,67,0
23-01-2023 23:00,17.7,68,0
23-01-2023 23:15,17.2,72,0
23-01-2023 23:30,18.1,70,0
23-01-2023 23:45,17.6,72,0
24-01-2023 00:00,17.3,74,0
24-01-2023 00:30,16.3,79,0
24-01-2023 00:45,15.8,81,0
24-01-2023 01:00,15.5,84,0
24-01-2023 01:15,15.3,84,0
24-01-2023 01:30,15.1,87,0
24-01-2023 01:45,14.8,87,0
24-01-2023 02:00,14.6,87,0
24-01-2023 02:15,14.6,88,0
24-01-2023 02:30,14.4,88,0
24-01-2023 02:45,14.2,89,0
24-01-2023 03:00,14.1,90,0
24-01-2023 03:15,14.1,90,0
24-01-2023 03:30,14,90,0
24-01-2023 03:45,13.8,90,0
24-01-2023 04:00,13.7,90,0
24-01-2023 04:15,13.6,90,0
24-01-2023 04:30,14,90,0
24-01-2023 04:45,14.3,89,0
24-01-2023 05:00,14.6,88,0
24-01-2023 05:15,14,88,0
24-01-2023 05:30,14.4,89,0
24-01-2023 05:45,13.6,88,0
24-01-2023 06:00,13.1,89,0
24-01-2023 06:15,12.7,90,0
24-01-2023 06:30,12.8,91,0
24-01-2023 06:45,12.7,91,0
24-01-2023 07:00,12.7,91,0
24-01-2023 07:30,12.8,91,0
24-01-2023 07:45,13.6,91,0
24-01-2023 08:00,14.7,89,0
24-01-2023 08:15,15.3,87,0
24-01-2023 08:30,16.1,85,0
24-01-2023 08:45,16.7,82,0
24-01-2023 09:00,18.2,75,0
24-01-2023 09:15,19.3,71,0
24-01-2023 09:30,20.6,66,0
24-01-2023 09:45,22.6,60,0
24-01-2023 10:00,24.5,52,0
24-01-2023 10:15,24.9,49,0
24-01-2023 10:30,24.9,50,0
24-01-2023 10:45,25.5,48,0
24-01-2023 11:00,26.1,49,0
24-01-2023 11:15,26.6,49,0
24-01-2023 11:30,26.3,49,0
24-01-2023 11:45,27.2,49,0
24-01-2023 12:00,27.3,49,0
24-01-2023 12:15,28.2,46,0
24-01-2023 12:30,28.2,45,0
24-01-2023 12:45,28.5,45,0
24-01-2023 13:00,29.2,46,0
24-01-2023 13:15,29.9,43,0
24-01-2023 13:30,29.8,43,0
24-01-2023 13:45,29.8,43,0
24-01-2023 14:00,29.9,44,0
24-01-2023 14:15,30,43,0
24-01-2023 14:30,30.2,44,0
24-01-2023 14:45,30.4,41,0
24-01-2023 15:00,29.3,43,0
24-01-2023 15:15,29.2,43,0
24-01-2023 15:30,28.6,44,0
24-01-2023 15:45,28.6,43,0
24-01-2023 16:00,28.4,44,0
24-01-2023 16:30,28.5,44,0
24-01-2023 16:45,27.6,45,0
24-01-2023 17:00,27.1,45,0
24-01-2023 17:15,26.7,45,0
24-01-2023 17:30,26.6,46,0
24-01-2023 17:45,25.8,47,0
24-01-2023 18:00,25.2,47,0
24-01-2023 18:15,24.6,49,0
24-01-2023 18:30,24.1,50,0
24-01-2023 18:45,23.4,51,0
24-01-2023 19:00,23,52,0
24-01-2023 19:15,22.7,53,0
24-01-2023 19:30,22.1,55,0
24-01-2023 19:45,21.8,56,0
24-01-2023 20:00,21.5,57,0
24-01-2023 20:15,21.2,58,0
24-01-2023 20:30,21,58,0
24-01-2023 20:45,20.7,59,0
24-01-2023 21:00,20.5,59,0
24-01-2023 21:15,20.3,59,0
24-01-2023 21:30,20.1,61,0
24-01-2023 21:45,19.8,62,0
24-01-2023 22:00,19.5,64,0
24-01-2023 22:30,18.3,67,0
24-01-2023 22:45,18,69,0
24-01-2023 23:00,18.1,69,0
24-01-2023 23:15,17.6,70,0
24-01-2023 23:30,16.9,74,0
24-01-2023 23:45,16.7,74,0
25-01-2023 00:00,17,73,0
25-01-2023 00:30,17.4,72,0
25-01-2023 00:45,17.3,72,0
25-01-2023 01:00,17.7,68,0
25-01-2023 01:30,17.4,69,0
25-01-2023 01:45,17.2,70,0
25-01-2023 02:00,17.1,70,0
25-01-2023 02:15,17,71,0
25-01-2023 02:30,16.8,71,0
25-01-2023 02:45,16.6,72,0
25-01-2023 03:00,16.3,74,0
25-01-2023 03:15,16.7,72,0
25-01-2023 03:30,16.7,73,0
25-01-2023 03:45,16.8,73,0
25-01-2023 04:00,16.6,73,0
25-01-2023 04:15,16.4,75,0
25-01-2023 04:30,16.6,73,0
25-01-2023 04:45,16.7,73,0
25-01-2023 05:00,16.5,74,0
25-01-2023 05:15,16.2,75,0
25-01-2023 05:30,16.1,76,0
25-01-2023 05:45,16,76,0
25-01-2023 06:00,15.8,76,0
25-01-2023 06:15,15.8,76,0
25-01-2023 06:30,15.4,79,0
25-01-2023 06:45,14.9,81,0
25-01-2023 07:00,14.8,85,0
25-01-2023 07:15,14.8,86,0
25-01-2023 07:30,15.2,84,0
25-01-2023 07:45,15.3,83,0
25-01-2023 08:00,16.2,80,0
25-01-2023 08:15,16.3,78,0
25-01-2023 08:30,16.5,77,0
25-01-2023 08:45,17.7,72,0
25-01-2023 09:00,19.3,70,0
25-01-2023 09:15,20.9,62,0
25-01-2023 09:30,21.9,59,0
25-01-2023 09:45,23,56,0
25-01-2023 10:00,23.7,53,0
25-01-2023 10:15,24.4,51,0
25-01-2023 10:30,25.2,50,0
25-01-2023 10:45,26.1,48,0
25-01-2023 11:00,26.6,47,0
25-01-2023 11:15,27,45,0
25-01-2023 11:30,27.6,45,0
25-01-2023 12:00,27.5,46,0
25-01-2023 12:15,28.2,45,0
25-01-2023 12:30,28.1,45,0
25-01-2023 12:45,28.9,45,0
25-01-2023 13:00,28.5,45,0
25-01-2023 13:15,28.7,46,0
25-01-2023 13:30,29.5,43,0
25-01-2023 13:45,30.4,42,0
25-01-2023 14:00,30.5,42,0
25-01-2023 14:15,30.7,41,0
25-01-2023 14:30,30.6,41,0
25-01-2023 14:45,30.9,41,0
25-01-2023 15:00,29.9,42,0
25-01-2023 15:15,29.2,45,0
25-01-2023 15:30,29.7,46,0
25-01-2023 15:45,30.8,41,0
25-01-2023 16:00,30.3,42,0
25-01-2023 16:15,30.1,41,0
25-01-2023 16:30,29.7,42,0
25-01-2023 16:45,29.3,43,0
25-01-2023 17:00,29.2,44,0
25-01-2023 17:15,28.9,44,0
25-01-2023 17:30,28.7,44,0
25-01-2023 17:45,27.9,45,0
25-01-2023 18:00,27.3,46,0
25-01-2023 18:15,26.6,48,0
25-01-2023 18:30,25.9,50,0
25-01-2023 18:45,25.5,50,0
25-01-2023 19:00,24.8,52,0
25-01-2023 19:15,24.2,55,0
25-01-2023 19:30,23.7,56,0
25-01-2023 19:45,23.6,56,0
25-01-2023 20:00,23.4,57,0
25-01-2023 20:15,23.1,57,0
25-01-2023 20:30,23.1,56,0
25-01-2023 20:45,22.6,57,0
25-01-2023 21:00,22.3,59,0
25-01-2023 21:15,22.4,59,0
25-01-2023 21:30,22.2,59,0
25-01-2023 21:45,22.1,60,0
25-01-2023 22:00,21.9,60,0
25-01-2023 22:15,21.8,60,0
25-01-2023 22:30,21.6,61,0
25-01-2023 22:45,21.8,60,0
25-01-2023 23:00,21.8,60,0
25-01-2023 23:15,21.6,59,0
25-01-2023 23:30,21.1,62,0
25-01-2023 23:45,21,62,0
26-01-2023 00:00,20.7,64,0
26-01-2023 00:30,20,66,0
26-01-2023 00:45,19.9,67,0
26-01-2023 01:00,19.8,68,0
26-01-2023 01:15,19.5,69,0
26-01-2023 01:30,19.2,72,0
26-01-2023 01:45,19.4,71,0
26-01-2023 02:00,19.3,72,0
26-01-2023 02:15,19.1,73,0
26-01-2023 02:30,18.7,74,0
26-01-2023 02:45,18.5,75,0
26-01-2023 03:00,18.2,77,0
26-01-2023 03:15,18.5,75,0
26-01-2023 03:30,19.6,69,0
26-01-2023 03:45,19.7,68,0
26-01-2023 04:00,20.3,64,0
26-01-2023 04:15,20.9,60,0
26-01-2023 04:30,20.9,60,0
26-01-2023 04:45,20.9,59,0
26-01-2023 05:00,20.9,59,0
26-01-2023 05:15,20.9,59,0
26-01-2023 05:30,20.8,59,0
26-01-2023 05:45,20.5,60,0
26-01-2023 06:00,20.5,60,0
26-01-2023 06:15,20.3,60,0
26-01-2023 06:30,19.5,65,0
26-01-2023 06:45,18.9,68,0
26-01-2023 07:00,18.9,68,0
26-01-2023 07:15,18.8,68,0
26-01-2023 07:30,18.7,69,0
26-01-2023 07:45,18.7,69,0
26-01-2023 08:00,19.5,66,0
26-01-2023 08:15,20.5,64,0
26-01-2023 08:30,21.6,58,0
26-01-2023 08:45,22.1,56,0
26-01-2023 09:00,23,55,0
26-01-2023 09:15,23.8,51,0
26-01-2023 09:30,24.3,50,0
26-01-2023 09:45,24.9,50,0
26-01-2023 10:00,25.9,51,0
26-01-2023 10:15,24.4,55,0
26-01-2023 10:30,25.2,56,0
26-01-2023 10:45,25.5,55,0
26-01-2023 11:00,26,57,0
26-01-2023 11:15,26.6,57,0
26-01-2023 11:30,26.4,55,0
26-01-2023 11:45,27,55,0
26-01-2023 12:00,27.7,55,0
26-01-2023 12:15,28,53,0
26-01-2023 12:30,29.3,51,0
26-01-2023 12:45,29.1,50,0
26-01-2023 13:00,29.5,51,0
26-01-2023 13:30,29.7,47,0
26-01-2023 13:45,30.8,43,0
26-01-2023 14:00,32.4,43,0
26-01-2023 14:15,31.8,42,0
26-01-2023 14:30,31.3,44,0
26-01-2023 15:00,31.8,41,0
26-01-2023 15:15,31.9,42,0
26-01-2023 15:30,31.8,41,0
26-01-2023 15:45,31.2,44,0
26-01-2023 16:00,32.1,41,0
26-01-2023 16:15,32.6,38,0
26-01-2023 16:30,31.5,38,0
26-01-2023 16:45,31.4,38,0
26-01-2023 17:00,30.7,41,0
26-01-2023 17:15,30.7,40,0
26-01-2023 17:30,31.1,40,0
26-01-2023 17:45,30,44,0
26-01-2023 18:00,29.2,46,0
26-01-2023 18:15,28.7,47,0
26-01-2023 18:30,28.3,48,0
26-01-2023 18:45,27.8,49,0
26-01-2023 19:00,26.9,53,0
26-01-2023 19:30,26.1,55,0
26-01-2023 19:45,25.7,56,0
26-01-2023 20:00,25.3,58,0
26-01-2023 20:15,25.1,58,0
26-01-2023 20:30,25,58,0
26-01-2023 20:45,24.7,59,0
26-01-2023 21:00,24.2,60,0
26-01-2023 21:30,22.9,65,0
26-01-2023 22:00,23.1,66,0
26-01-2023 22:15,23.5,63,0
26-01-2023 22:30,23,65,0
26-01-2023 22:45,22.9,65,0
26-01-2023 23:00,22.6,67,0
26-01-2023 23:15,22.4,67,0
26-01-2023 23:30,22.3,67,0
26-01-2023 23:45,22.2,67,0
27-01-2023 00:00,22,68,0
27-01-2023 00:30,21.5,70,0
27-01-2023 00:45,21.3,70,0
27-01-2023 01:00,20.8,71,0
27-01-2023 01:15,21.1,71,0
27-01-2023 01:30,21.9,70,0
27-01-2023 01:45,22.2,70,0
27-01-2023 02:00,22.2,71,0
27-01-2023 02:15,22.3,72,0
27-01-2023 02:30,22.4,72,0
27-01-2023 02:45,22.5,71,0
27-01-2023 03:00,22.5,72,0
27-01-2023 03:15,22.4,72,0
27-01-2023 03:30,22.3,72,0
27-01-2023 03:45,22.1,73,0
27-01-2023 04:00,21.7,74,0
27-01-2023 04:15,21.6,74,0
27-01-2023 04:30,21.5,75,0
27-01-2023 04:45,21.5,75,0
27-01-2023 05:00,21.3,75,0
27-01-2023 05:15,21.1,76,0
27-01-2023 05:30,20.9,78,0
27-01-2023 05:45,20.9,78,0
27-01-2023 06:00,20.7,79,0
27-01-2023 06:15,20.6,80,0
27-01-2023 06:30,20.5,81,0
27-01-2023 06:45,20.2,83,0
27-01-2023 07:00,20.3,84,0
27-01-2023 07:15,20.2,84,0
27-01-2023 07:30,20,85,0
27-01-2023 07:45,20.2,84,0
27-01-2023 08:00,20.5,83,0
27-01-2023 08:15,21,80,0
27-01-2023 08:30,21.4,77,0
27-01-2023 08:45,22.1,74,0
27-01-2023 09:00,23.2,70,0
27-01-2023 09:15,24.1,66,0
27-01-2023 09:30,25,61,0
27-01-2023 09:45,25.1,56,0
27-01-2023 10:00,25.4,57,0
27-01-2023 10:15,25.5,55,0
27-01-2023 10:52,25.9,50.9,0
27-01-2023 11:52,27.5,41.6,0
27-01-2023 12:52,28.7,35.9,0
27-01-2023 13:52,29.6,33.4,0
27-01-2023 14:52,29.8,35.7,0
27-01-2023 15:52,29.9,35.7,0
27-01-2023 16:52,29.5,34.7,0
27-01-2023 17:52,27.9,40.3,0
27-01-2023 18:52,25.2,42.2,0
27-01-2023 19:52,22.9,47.9,0
27-01-2023 20:52,21.7,49.8,0
27-01-2023 21:52,21.1,52.5,0
27-01-2023 22:52,20.2,60.6,0
27-01-2023 23:52,17.6,71.2,0
28-01-2023 00:52,16.5,76.6,0
28-01-2023 01:52,15.6,84.9,0
28-01-2023 02:52,15.6,78.6,0
28-01-2023 03:52,16,75.9,0
28-01-2023 04:52,14.8,80.7,0
28-01-2023 05:52,14.5,80.6,0
28-01-2023 06:52,12.8,86.5,0
28-01-2023 07:52,15,79.8,0
28-01-2023 08:52,20.7,54.7,0
28-01-2023 09:52,24.2,45.4,0
28-01-2023 10:52,25.7,42.9,0
28-01-2023 11:52,27.2,41.6,0
28-01-2023 12:52,28.7,39.8,0
28-01-2023 13:52,29.2,34,0
28-01-2023 14:52,30,29.8,0
28-01-2023 15:52,30.1,28,0
28-01-2023 16:52,29.4,30.3,0
28-01-2023 17:52,27.6,31.2,0
28-01-2023 18:52,24.5,37,0
28-01-2023 19:52,21.3,46.5,0
28-01-2023 20:52,20.6,46.8,0
28-01-2023 21:52,19.4,52.3,0
28-01-2023 22:52,18.4,59.2,0
28-01-2023 23:52,17.8,63.1,0
29-01-2023 00:52,15.5,73.6,0
29-01-2023 01:52,15.2,75.1,0
29-01-2023 02:52,13.1,83.5,0
29-01-2023 03:52,12.8,83.6,0
29-01-2023 04:52,13.9,80.2,0
29-01-2023 05:52,14.1,81,0
29-01-2023 06:52,12.9,85.9,0
29-01-2023 07:52,13,84.3,0
29-01-2023 08:52,19.2,66.9,0
29-01-2023 09:52,21.9,55.7,0
29-01-2023 10:52,25,46.2,0
29-01-2023 11:52,26.7,41.8,0
29-01-2023 12:52,28.1,36.2,0
29-01-2023 13:52,29,35.9,0
29-01-2023 14:52,30.2,33.1,0
29-01-2023 15:52,30.2,29.9,0
29-01-2023 16:52,29.4,29.6,0
29-01-2023 17:52,27.3,45.6,0
29-01-2023 18:52,25.1,58.4,0
29-01-2023 19:52,23.4,72.7,0
29-01-2023 20:52,22.6,75.4,0
29-01-2023 21:52,21.7,80,0
29-01-2023 22:52,21.3,80.9,0
29-01-2023 23:52,19.5,86.6,0
30-01-2023 00:52,18.2,88.4,0
30-01-2023 01:52,17.7,91.8,0
30-01-2023 02:52,16.8,91.9,0
30-01-2023 03:52,16.3,92.8,0
30-01-2023 04:52,16.1,93.5,0
30-01-2023 05:52,15.7,94,0
30-01-2023 06:52,14.9,94.3,0
30-01-2023 07:52,15.5,93.8,0
30-01-2023 08:52,19.2,84.4,0
30-01-2023 09:52,23.2,73.2,0
30-01-2023 10:52,24.8,64.8,0
30-01-2023 11:52,26.4,54.3,0
30-01-2023 12:52,28.1,51.4,0
30-01-2023 13:52,28.4,50.4,0
30-01-2023 14:52,29.3,41.4,0
30-01-2023 15:52,29.7,36.8,0
30-01-2023 16:52,29,39.5,0
30-01-2023 17:52,27.2,48.3,0
30-01-2023 18:52,26,55.1,0
30-01-2023 19:52,24.2,63.5,0
30-01-2023 20:52,21.3,71.9,0
30-01-2023 21:52,21.5,73,0
30-01-2023 22:52,20.2,76.3,0
30-01-2023 23:52,18.5,82.6,0
31-01-2023 00:52,18.7,81.3,0
31-01-2023 01:52,21.3,69.5,0
31-01-2023 02:52,21.5,67.3,0
31-01-2023 03:52,21,69.8,0
31-01-2023 04:52,20.5,71.3,0
31-01-2023 05:52,19.5,75,0
31-01-2023 06:52,19.6,74.4,0
31-01-2023 07:52,19.9,73.5,0
31-01-2023 08:52,22.3,67.7,0
31-01-2023 09:52,24,61,0
31-01-2023 10:52,26.5,55.6,0
31-01-2023 11:52,27.3,54.3,0
31-01-2023 12:52,28.4,47.1,0
31-01-2023 13:52,29.1,39.9,0
31-01-2023 14:52,29.8,35.3,0
31-01-2023 15:52,30.1,35,0
31-01-2023 16:52,29.8,36.7,0
31-01-2023 17:52,28.1,37.4,0
31-01-2023 18:52,26.2,39.5,0
31-01-2023 19:52,24.9,42.5,0
31-01-2023 20:52,22.5,52.4,0
31-01-2023 21:52,23.2,48.2,0
31-01-2023 22:52,23.7,54.8,0
31-01-2023 23:52,22.8,61,0
01-02-2023 00:52,22,65.4,0
01-02-2023 01:52,21.5,66.4,0
01-02-2023 02:52,21,66.5,0
01-02-2023 03:52,20.3,66.7,0
01-02-2023 04:52,19.5,68.5,0
01-02-2023 05:52,18.4,72.9,0
01-02-2023 06:52,18.1,73.3,0
01-02-2023 07:52,17.5,74.8,0
01-02-2023 08:52,21.7,63.2,0
01-02-2023 09:52,23.6,54.8,0
01-02-2023 10:52,25,51.8,0
01-02-2023 11:52,25.5,53.4,0
01-02-2023 12:52,26.9,52.4,0
01-02-2023 13:52,27,50.1,0
01-02-2023 14:52,28.4,47.5,0
01-02-2023 15:52,27.8,47.2,0
01-02-2023 16:52,26.9,49.7,0
01-02-2023 17:52,25.9,51.5,0
01-02-2023 18:52,24.5,55.2,0
01-02-2023 19:52,23.6,58.5,0
01-02-2023 20:52,23.1,59.6,0
01-02-2023 21:52,22.6,59.6,0
01-02-2023 22:52,19.9,69.7,0
01-02-2023 23:52,21.8,62.8,0
02-02-2023 00:52,21.1,65,0
02-02-2023 01:52,20.6,64.6,0
02-02-2023 02:52,20.3,63.1,0
02-02-2023 03:52,20,61.5,0
02-02-2023 04:52,19.5,62.2,0
02-02-2023 05:52,17.1,72.9,0
02-02-2023 06:52,16.1,76.5,0
02-02-2023 07:52,17.5,72.9,0
02-02-2023 08:52,21.2,55,0
02-02-2023 09:52,24.4,45.9,0
02-02-2023 10:52,25.7,44.5,0
02-02-2023 11:52,27.2,43.8,0
02-02-2023 12:52,27.9,38.8,0
02-02-2023 13:52,28.5,38.4,0
02-02-2023 14:52,28.9,36.9,0
02-02-2023 15:52,29.1,35.3,0
02-02-2023 16:52,28.7,32.7,0
02-02-2023 17:52,27.2,36.8,0
02-02-2023 18:52,23.1,46.8,0
02-02-2023 19:52,23.9,46.4,0
02-02-2023 20:52,22.5,48.3,0
02-02-2023 21:52,22.2,48.1,0
02-02-2023 22:52,21.5,50.6,0
02-02-2023 23:52,18.2,62.9,0
03-02-2023 00:52,16.8,68.9,0
03-02-2023 01:52,16.4,70.8,0
03-02-2023 02:52,16.1,70,0
03-02-2023 03:52,14,81.5,0
03-02-2023 04:52,13.4,78.8,0
03-02-2023 05:52,15,76.4,0
03-02-2023 06:52,14.4,78.8,0
03-02-2023 07:52,14,83.2,0
03-02-2023 08:52,18.6,68.9,0
03-02-2023 09:52,23.8,41.7,0
03-02-2023 10:52,25.7,35.9,0
03-02-2023 11:52,26.9,30.9,0
03-02-2023 12:52,28.2,35.8,0
03-02-2023 13:52,29.2,30.9,0
03-02-2023 14:52,29.6,25.2,0
03-02-2023 15:52,30.1,28.9,0
03-02-2023 16:52,30.2,28.1,0
03-02-2023 17:52,28.2,28.4,0
03-02-2023 18:52,22.5,42.7,0
03-02-2023 19:52,21,48.2,0
03-02-2023 20:52,19.4,54.5,0
03-02-2023 21:52,20.6,50.1,0
03-02-2023 22:52,18.6,56.5,0
03-02-2023 23:52,18,62,0
04-02-2023 00:52,17.5,68.3,0
04-02-2023 01:52,15.4,74.4,0
04-02-2023 02:52,16.1,75.1,0
04-02-2023 03:52,15.2,78.7,0
04-02-2023 04:52,13.1,82.4,0
04-02-2023 05:52,12.2,84.6,0
04-02-2023 06:52,11.8,87.6,0
04-02-2023 07:52,14.2,80.8,0
04-02-2023 08:52,17.7,72.5,0
04-02-2023 09:52,23.8,39.8,0
04-02-2023 10:52,26.9,33.5,0
04-02-2023 11:52,27.8,28.7,0
04-02-2023 12:52,28.4,24.2,0
04-02-2023 13:52,29.7,25.7,0
04-02-2023 14:52,31.4,22.2,0
04-02-2023 15:52,31.6,22.2,0
04-02-2023 16:52,30.8,22.9,0
04-02-2023 17:52,30,24.6,0
04-02-2023 18:52,24.6,37.7,0
04-02-2023 19:52,23.9,37.5,0
04-02-2023 20:52,20.3,52.3,0
04-02-2023 21:52,18.7,57.7,0
04-02-2023 22:52,18.1,62.5,0
04-02-2023 23:52,16.9,63.6,0
05-02-2023 00:52,17.4,63.8,0
05-02-2023 01:52,16.4,70.1,0
05-02-2023 02:52,13.8,81,0
05-02-2023 03:52,13.7,79.5,0
05-02-2023 04:52,14.8,76.3,0
05-02-2023 05:52,13.7,75.4,0
05-02-2023 06:52,13.2,82.1,0
05-02-2023 07:52,14.2,77.8,0
05-02-2023 08:52,18,67.1,0
05-02-2023 09:52,24.2,45.5,0
05-02-2023 10:52,27.2,32,0
05-02-2023 11:52,28.4,30.9,0
05-02-2023 12:52,29.6,29.7,0
05-02-2023 13:52,31.2,30.3,0
05-02-2023 14:52,32.3,23,0
05-02-2023 15:52,32.3,26.8,0
05-02-2023 16:52,32.6,20.3,0
05-02-2023 17:52,30.6,25,0
05-02-2023 18:52,27.7,30.6,0
05-02-2023 19:52,24.9,38.5,0
05-02-2023 20:52,23.1,44.5,0
05-02-2023 21:52,19.8,56.5,0
05-02-2023 22:52,18.3,61.7,0
05-02-2023 23:52,17.4,65.6,0
06-02-2023 00:52,16.9,73.3,0
06-02-2023 01:52,17.1,69.6,0
06-02-2023 02:52,16,74.4,0
06-02-2023 03:52,14.1,78.2,0
06-02-2023 04:52,14.9,79.5,0
06-02-2023 05:52,14.3,80,0
06-02-2023 06:52,14.3,80.5,0
06-02-2023 07:52,15.2,77.4,0
06-02-2023 08:52,19.1,66,0
06-02-2023 09:52,25.3,44.6,0
06-02-2023 10:52,28.4,40.4,0
06-02-2023 11:52,30.6,27.7,0
06-02-2023 12:52,31.6,26.3,0
06-02-2023 13:52,32.1,25,0
06-02-2023 14:52,33.6,19.7,0
06-02-2023 15:52,33.2,19.3,0
06-02-2023 16:52,32.1,22.9,0
06-02-2023 17:52,30.1,22.4,0
06-02-2023 18:52,26.8,29,0
06-02-2023 19:52,23.9,35.3,0
06-02-2023 20:52,22.5,39.1,0
06-02-2023 21:52,21.2,45.7,0
06-02-2023 22:52,19.2,53.2,0
06-02-2023 23:52,17.2,60.8,0
07-02-2023 00:52,17,61.5,0
07-02-2023 01:52,17.4,63.7,0
07-02-2023 02:52,16.3,68.3,0
07-02-2023 03:52,15.6,73.7,0
07-02-2023 04:52,15.1,74.6,0
07-02-2023 05:52,14.9,76.4,0
07-02-2023 06:52,12.3,85.6,0
07-02-2023 07:52,15.3,74.5,0
07-02-2023 08:52,18.9,62.5,0
07-02-2023 09:52,24.7,39.9,0
07-02-2023 10:52,27.3,36.9,0
07-02-2023 11:52,28.8,32.9,0
07-02-2023 12:52,30.1,26.3,0
07-02-2023 13:52,30.4,28.9,0
07-02-2023 14:52,31.4,33.4,0
07-02-2023 15:52,32.2,24.7,0
07-02-2023 16:52,31.7,25.5,0
07-02-2023 17:52,30.9,25,0
07-02-2023 18:52,27.5,32.9,0
07-02-2023 19:52,25,38.8,0
07-02-2023 20:52,23.6,39.5,0
07-02-2023 21:52,19.7,53.1,0
07-02-2023 22:52,18.8,58.1,0
07-02-2023 23:52,18.6,57.8,0
08-02-2023 00:52,17.9,62.6,0
08-02-2023 01:52,17,66.9,0
08-02-2023 02:52,16.4,68.9,0
08-02-2023 03:52,16,71.8,0
08-02-2023 04:52,15.1,74,0
08-02-2023 05:52,12.8,85.5,0
08-02-2023 06:52,12.5,82.6,0
08-02-2023 07:52,14.9,76.9,0
08-02-2023 08:52,19,63.9,0
08-02-2023 09:52,25.7,45,0
08-02-2023 10:52,27.5,38.6,0
08-02-2023 11:52,28.9,34.9,0
08-02-2023 12:52,30.2,32.7,0
08-02-2023 13:52,31.8,33,0
08-02-2023 14:52,32,26,0
08-02-2023 15:52,33.8,23.1,0
08-02-2023 16:52,33.4,25.3,0
08-02-2023 17:52,31.7,24.4,0
08-02-2023 18:52,26.2,35.6,0
08-02-2023 19:52,25.3,39.1,0
08-02-2023 20:52,22.8,42.7,0
08-02-2023 21:52,20.2,55,0
08-02-2023 22:52,18.5,67.1,0
08-02-2023 23:52,19.5,60,0
09-02-2023 00:52,18.7,62.9,0
09-02-2023 01:52,17.5,68.7,0
09-02-2023 02:52,16.8,72.3,0
09-02-2023 03:52,15.9,74.1,0
09-02-2023 04:52,14.9,77.4,0
09-02-2023 05:52,13.7,82.1,0
09-02-2023 06:52,12.7,86.7,0
09-02-2023 07:52,15.6,76.3,0
09-02-2023 08:52,19.4,62,0
09-02-2023 09:52,25.8,38,0
09-02-2023 10:52,27.7,33.7,0
09-02-2023 11:52,29.1,31.9,0
09-02-2023 12:52,31,26,0
09-02-2023 13:52,32,25.2,0
09-02-2023 14:52,33.1,23.5,0
09-02-2023 15:52,33.9,18.5,0
09-02-2023 16:52,33.4,18.3,0
09-02-2023 17:52,31.9,15.4,0
09-02-2023 18:52,26.2,29,0
09-02-2023 19:52,26,31.6,0
09-02-2023 20:52,22.3,43.9,0
09-02-2023 21:52,20.8,51.7,0
09-02-2023 22:52,19.2,56,0
09-02-2023 23:52,18.1,59.4,0
10-02-2023 00:52,16.6,68.3,0
10-02-2023 01:52,17.7,64.2,0
10-02-2023 02:52,15.5,71.2,0
10-02-2023 03:52,16.3,70,0
10-02-2023 04:52,15.5,70.1,0
10-02-2023 05:52,15.2,70.6,0
10-02-2023 06:52,13,77.9,0
10-02-2023 07:52,16.1,68.6,0
10-02-2023 08:52,19.6,58.9,0
10-02-2023 09:52,26.3,35.6,0
10-02-2023 10:52,29.9,33.5,0
10-02-2023 11:52,31.5,28.3,0
10-02-2023 12:52,32.4,20.9,0
10-02-2023 13:52,33,21,0
10-02-2023 14:52,33,20.5,0
10-02-2023 15:52,34,19.9,0
10-02-2023 16:52,34,22.7,0
10-02-2023 17:52,32,22.4,0
10-02-2023 18:52,28.3,25.8,0
10-02-2023 19:52,26.2,31.9,0
10-02-2023 20:52,24,41.3,0
10-02-2023 21:52,21.4,49.3,0
10-02-2023 22:52,20.3,49.8,0
10-02-2023 23:52,17.3,65.6,0
11-02-2023 00:52,16.5,70,0
11-02-2023 01:52,15.3,76.8,0
11-02-2023 02:52,14.4,73.6,0
11-02-2023 03:52,16.1,65.4,0
11-02-2023 04:52,15.6,67.2,0
11-02-2023 05:52,14.8,69.6,0
11-02-2023 06:52,14.3,67.1,0
11-02-2023 07:52,15.2,67.4,0
11-02-2023 08:52,19.3,52.8,0
11-02-2023 09:52,26.3,28.8,0
11-02-2023 10:52,30.3,19.3,0
11-02-2023 11:52,31.8,15.7,0
11-02-2023 12:52,33.5,15,0
11-02-2023 13:52,34.2,15.5,0
11-02-2023 14:52,34.9,14.1,0
11-02-2023 15:52,34.7,17,0
11-02-2023 16:52,34.5,14.6,0
11-02-2023 17:52,32.2,15.4,0
11-02-2023 18:52,28.8,17.5,0
11-02-2023 19:52,25.3,24.3,0
11-02-2023 20:52,21.5,41.2,0
11-02-2023 21:52,18.6,46.8,0
11-02-2023 22:52,17.2,55.7,0
11-02-2023 23:52,15.9,55.2,0
12-02-2023 00:52,16.7,56.9,0
12-02-2023 01:52,15.9,61.1,0
12-02-2023 02:52,15.2,66.7,0
12-02-2023 03:52,14.8,68.3,0
12-02-2023 04:52,13.4,72.8,0
12-02-2023 05:52,12.1,78.4,0
12-02-2023 06:52,11.5,81.2,0
12-02-2023 07:52,14.7,67.4,0
12-02-2023 08:52,18.8,53.7,0
12-02-2023 09:52,25.1,40.5,0
12-02-2023 10:52,27.9,30.5,0
12-02-2023 11:52,30.4,29.5,0
12-02-2023 12:52,32.3,20.1,0
12-02-2023 13:52,32.9,19.4,0
12-02-2023 14:52,33.4,18.1,0
12-02-2023 15:52,33.6,19.6,0
12-02-2023 16:52,33.3,20.2,0
12-02-2023 17:52,31,22.7,0
12-02-2023 18:52,27.6,26.3,0
12-02-2023 19:52,26.6,26.5,0
12-02-2023 20:52,25.8,28.5,0
12-02-2023 21:52,24.5,30.9,0
12-02-2023 22:52,23.6,33.4,0
12-02-2023 23:52,22.5,35.1,0
13-02-2023 00:52,20.9,40.6,0
13-02-2023 01:52,22.4,35.5,0
13-02-2023 02:52,19.4,43.3,0
13-02-2023 03:52,16.4,57.3,0
13-02-2023 04:52,14.1,62.8,0
13-02-2023 05:52,13.3,73.5,0
13-02-2023 06:52,12.1,73.4,0
13-02-2023 07:52,14.9,67.7,0
13-02-2023 08:52,22,48.3,0
13-02-2023 09:52,24.7,33.1,0
13-02-2023 10:52,27.6,25.2,0
13-02-2023 11:52,29.2,26.4,0
13-02-2023 12:52,29.9,23.5,0
13-02-2023 13:52,30.9,20.4,0
13-02-2023 14:52,33.2,19.2,0
13-02-2023 15:52,33.3,16.5,0
13-02-2023 16:52,33.3,12.4,0
13-02-2023 17:52,31.8,16.5,0
13-02-2023 18:52,26.9,24.5,0
13-02-2023 19:52,21.3,42.7,0
13-02-2023 20:52,19.7,41.9,0
13-02-2023 21:52,18.6,42.2,0
13-02-2023 22:52,20,41.4,0
13-02-2023 23:52,19,43.1,0
14-02-2023 00:52,18.3,44.4,0
14-02-2023 01:52,16.8,50,0
14-02-2023 02:52,14.3,58.9,0
14-02-2023 03:52,12.5,68.5,0
14-02-2023 04:52,12,69.2,0
14-02-2023 05:52,12.9,68.9,0
14-02-2023 06:52,10.8,75.9,0
14-02-2023 07:52,14.4,67.1,0
14-02-2023 08:52,18.9,52.7,0
14-02-2023 09:52,26.2,27.5,0
14-02-2023 10:52,27.8,27.6,0
14-02-2023 11:52,29.1,17.3,0
14-02-2023 12:52,30.2,21.6,0
14-02-2023 13:52,31.8,16.4,0
14-02-2023 14:52,32.5,14.3,0
14-02-2023 15:52,33.3,16.6,0
14-02-2023 16:52,33.1,13.9,0
14-02-2023 17:52,31.3,17.2,0
14-02-2023 18:52,25.1,26.9,0
14-02-2023 19:52,21,41.2,0
14-02-2023 20:52,19.4,54.8,0
14-02-2023 21:52,20,40.5,0
14-02-2023 22:52,19,43.9,0
14-02-2023 23:52,17.9,46.9,0
15-02-2023 00:00,16.4,53.6,0
15-02-2023 00:15,0,0,0
15-02-2023 00:30,17.2,42,0
15-02-2023 00:45,16.8,43,0
15-02-2023 01:00,16.9,43,0
15-02-2023 01:15,16.5,47,0
15-02-2023 01:30,16.3,47,0
15-02-2023 01:45,16.4,47,0
15-02-2023 02:00,16.1,48,0
15-02-2023 02:15,15.8,50,0
15-02-2023 02:30,15.8,50,0
15-02-2023 02:45,15.5,51,0
15-02-2023 03:00,15.2,51,0
15-02-2023 03:15,15.1,49,0
15-02-2023 03:30,14.6,51,0
15-02-2023 03:45,14.3,51,0
15-02-2023 04:00,14.5,52,0
15-02-2023 04:15,14.3,52,0
15-02-2023 04:30,14,54,0
15-02-2023 04:45,14,55,0
15-02-2023 05:00,14.1,54,0
15-02-2023 05:30,14,52,0
15-02-2023 05:45,13.4,54,0
15-02-2023 06:00,13.1,54,0
15-02-2023 06:15,13.1,55,0
15-02-2023 06:30,12.9,54,0
15-02-2023 06:45,12.2,54,0
15-02-2023 07:00,12.2,55,0
15-02-2023 07:15,12.1,56,0
15-02-2023 07:30,12.4,59,0
15-02-2023 07:45,13.7,57,0
15-02-2023 08:00,15.3,52,0
15-02-2023 08:15,16.3,49,0
15-02-2023 08:30,17.7,47,0
15-02-2023 08:45,19.2,41,0
15-02-2023 09:00,20.5,37,0
15-02-2023 09:15,22.6,32,0
15-02-2023 09:30,25.3,26,0
15-02-2023 09:45,26.7,23,0
15-02-2023 10:00,27.1,22,0
15-02-2023 10:15,27.6,21,0
15-02-2023 10:30,28.4,19,0
15-02-2023 10:45,29,22,0
15-02-2023 11:00,30.2,17,0
15-02-2023 11:15,31.2,17,0
15-02-2023 11:30,31.2,17,0
15-02-2023 11:45,31.3,17,0
15-02-2023 12:00,31.3,15,0
15-02-2023 12:15,32.2,12,0
15-02-2023 12:30,32.5,11,0
15-02-2023 12:45,32.7,10,0
15-02-2023 13:00,33.4,9,0
15-02-2023 13:15,33.7,8,0
15-02-2023 13:30,33.6,8,0
15-02-2023 13:45,34,10,0
15-02-2023 14:00,33.7,11,0
15-02-2023 14:15,34.5,10,0
15-02-2023 14:30,35.8,12,0
15-02-2023 14:45,34.7,9,0
15-02-2023 15:00,35.5,10,0
15-02-2023 15:15,35.2,8,0
15-02-2023 15:30,35.2,8,0
15-02-2023 15:45,35.9,8,0
15-02-2023 16:00,36.1,8,0
15-02-2023 16:15,35.6,8,0
15-02-2023 16:30,35.4,8,0
15-02-2023 16:45,34.7,8,0
15-02-2023 17:00,34.6,8,0
15-02-2023 17:15,33.9,9,0
15-02-2023 17:30,34,9,0
15-02-2023 17:45,33.8,10,0
15-02-2023 18:00,33.2,9,0
15-02-2023 18:15,32.1,10,0
15-02-2023 18:30,30.4,11,0
15-02-2023 18:45,29.6,12,0
15-02-2023 19:00,29.1,12,0
15-02-2023 19:15,28.3,14,0
15-02-2023 19:30,27.6,14,0
15-02-2023 19:45,26.8,15,0
15-02-2023 20:00,26.3,16,0
15-02-2023 20:15,25.9,17,0
15-02-2023 20:30,25.3,18,0
15-02-2023 20:45,24.7,19,0
15-02-2023 21:00,24.3,19,0
15-02-2023 21:15,23.4,21,0
15-02-2023 21:30,22.9,23,0
15-02-2023 21:45,22.6,23,0
15-02-2023 22:00,22,25,0
15-02-2023 22:15,21.1,28,0
15-02-2023 22:30,20.8,29,0
15-02-2023 22:45,20.6,30,0
15-02-2023 23:00,20.3,31,0
15-02-2023 23:15,20.4,30,0
15-02-2023 23:30,20.4,30,0
15-02-2023 23:45,20.1,31,0
16-02-2023 00:00,19.6,32,0
16-02-2023 00:15,19.4,33,0
16-02-2023 00:30,19.3,32,0
16-02-2023 00:45,19.6,31,0
16-02-2023 01:00,19.7,31,0
16-02-2023 01:15,19,33,0
16-02-2023 01:30,18.9,33,0
16-02-2023 01:45,18.8,34,0
16-02-2023 02:00,18.2,36,0
16-02-2023 02:15,17.7,38,0
16-02-2023 02:30,17.9,36,0
16-02-2023 02:45,17.9,36,0
16-02-2023 03:00,18.2,35,0
16-02-2023 03:15,17.5,37,0
16-02-2023 03:45,15.7,42,0
16-02-2023 04:00,15.8,39,0
16-02-2023 04:15,15.4,44,0
16-02-2023 04:30,14.8,45,0
16-02-2023 04:45,14.6,47,0
16-02-2023 05:00,14.5,44,0
16-02-2023 05:15,15.3,40,0
16-02-2023 05:30,15.8,38,0
16-02-2023 05:45,15,42,0
16-02-2023 06:00,14,46,0
16-02-2023 06:15,14.2,44,0
16-02-2023 06:30,14.3,44,0
16-02-2023 06:45,13.6,52,0
16-02-2023 07:00,13.1,53,0
16-02-2023 07:15,13,54,0
16-02-2023 07:30,14.1,53,0
16-02-2023 07:45,15.7,50,0
16-02-2023 08:00,17.9,45,0
16-02-2023 08:15,19.9,37,0
16-02-2023 08:30,22.6,33,0
16-02-2023 08:45,24.4,28,0
16-02-2023 09:00,26.3,24,0
16-02-2023 09:15,28.6,23,0
16-02-2023 09:30,30.5,23,0
16-02-2023 09:45,30.2,21,0
16-02-2023 10:00,30.1,18,0
16-02-2023 10:15,30.8,17,0
16-02-2023 10:30,31.3,14,0
16-02-2023 10:45,31.3,13,0
16-02-2023 11:00,31.8,13,0
16-02-2023 11:30,32.4,14,0
16-02-2023 11:45,32.3,14,0
16-02-2023 12:00,32.5,12,0
16-02-2023 12:15,32.8,11,0
16-02-2023 12:30,33.7,11,0
16-02-2023 12:45,33.5,12,0
16-02-2023 13:00,33.9,14,0
16-02-2023 13:15,33.9,11,0
16-02-2023 13:30,33.7,12,0
16-02-2023 13:45,34.3,12,0
16-02-2023 14:00,35.4,10,0
16-02-2023 14:15,35.8,10,0
16-02-2023 14:30,36,12,0
16-02-2023 14:45,35,12,0
16-02-2023 15:00,36.2,11,0
16-02-2023 15:15,36.1,11,0
16-02-2023 15:30,36.1,12,0
16-02-2023 15:45,36.1,10,0
16-02-2023 16:00,36.3,12,0
16-02-2023 16:15,35.6,10,0
16-02-2023 16:30,36,10,0
16-02-2023 16:45,35.5,10,0
16-02-2023 17:00,35.2,11,0
16-02-2023 17:15,34.9,12,0
16-02-2023 17:30,34.3,13,0
16-02-2023 17:45,33.7,12,0
16-02-2023 18:00,33.1,9,0
16-02-2023 18:15,32.1,11,0
16-02-2023 18:30,30.9,11,0
16-02-2023 18:45,30,13,0
16-02-2023 19:00,29.4,13,0
16-02-2023 19:15,28.8,14,0
16-02-2023 19:30,27.4,16,0
16-02-2023 19:45,25.7,18,0
16-02-2023 20:00,24.7,21,0
16-02-2023 20:15,23.9,22,0
16-02-2023 20:30,23.5,24,0
16-02-2023 20:45,23.3,26,0
16-02-2023 21:00,23,37,0
16-02-2023 21:15,23,35,0
16-02-2023 21:30,23.2,35,0
16-02-2023 21:45,23.5,32,0
16-02-2023 22:00,22.7,36,0
16-02-2023 22:15,22,38,0
16-02-2023 22:30,22,38,0
16-02-2023 22:45,21.6,40,0
16-02-2023 23:00,21.1,42,0
16-02-2023 23:15,21.5,41,0
16-02-2023 23:30,20.9,42,0
16-02-2023 23:45,20.4,45,0
17-02-2023 00:00,19.9,46,0
17-02-2023 00:15,19.6,47,0
17-02-2023 00:30,19.3,47,0
17-02-2023 00:45,19.2,48,0
17-02-2023 01:00,19.2,48,0
17-02-2023 01:15,19.2,50,0
17-02-2023 01:30,18.9,52,0
17-02-2023 01:45,18.2,53,0
17-02-2023 02:00,18.4,53,0
17-02-2023 02:15,18.4,55,0
17-02-2023 02:30,18,56,0
17-02-2023 02:45,17.8,57,0
17-02-2023 03:00,17.4,59,0
17-02-2023 03:15,17.2,60,0
17-02-2023 03:30,17,61,0
17-02-2023 03:45,16.5,63,0
17-02-2023 04:00,16.4,63,0
17-02-2023 04:15,16.3,63,0
17-02-2023 04:30,16.3,63,0
17-02-2023 04:45,16,64,0
17-02-2023 05:00,15.9,65,0
17-02-2023 05:15,15.8,63,0
17-02-2023 05:30,15.1,66,0
17-02-2023 05:45,14.9,67,0
17-02-2023 06:00,15.4,65,0
17-02-2023 06:30,14.9,67,0
17-02-2023 06:45,14.7,67,0
17-02-2023 07:00,14.9,68,0
17-02-2023 07:15,15,67,0
17-02-2023 07:30,15.4,66,0
17-02-2023 07:45,16.4,63,0
17-02-2023 08:00,18,59,0
17-02-2023 08:15,19,55,0
17-02-2023 08:30,20.5,48,0
17-02-2023 08:45,22.3,45,0
17-02-2023 09:00,24.9,41,0
17-02-2023 09:15,27.4,36,0
17-02-2023 09:30,29,29,0
17-02-2023 09:45,30,23,0
17-02-2023 10:00,30.5,22,0
17-02-2023 10:15,31.7,16,0
17-02-2023 10:30,31.7,13,0
17-02-2023 10:45,31.6,13,0
17-02-2023 11:00,31.7,12,0
17-02-2023 11:15,32.1,13,0
17-02-2023 11:30,32.4,14,0
17-02-2023 11:45,33,14,0
17-02-2023 12:00,33.3,12,0
17-02-2023 12:15,33.7,13,0
17-02-2023 12:30,33.6,12,0
17-02-2023 12:45,34.6,11,0
17-02-2023 13:00,34,11,0
17-02-2023 13:15,34.3,9,0
17-02-2023 13:30,34.2,9,0
17-02-2023 13:45,34.8,10,0
17-02-2023 14:00,35.5,10,0
17-02-2023 14:15,35.6,9,0
17-02-2023 14:30,35.6,9,0
17-02-2023 14:45,36.1,9,0
17-02-2023 15:00,35.8,8,0
17-02-2023 15:15,35.8,9,0
17-02-2023 15:30,35.9,9,0
17-02-2023 15:45,36.7,7,0
17-02-2023 16:00,36,9,0
17-02-2023 16:15,35.6,8,0
17-02-2023 16:30,35.9,7,0
17-02-2023 16:45,36,7,0
17-02-2023 17:00,36,7,0
17-02-2023 17:15,35.6,8,0
17-02-2023 17:30,35.1,8,0
17-02-2023 17:45,34.8,8,0
17-02-2023 18:00,34.2,8,0
17-02-2023 18:15,33,9,0
17-02-2023 18:30,31.4,10,0
17-02-2023 18:45,30.2,10,0
17-02-2023 19:00,29.1,11,0
17-02-2023 19:15,27.9,12,0
17-02-2023 19:30,26.4,15,0
17-02-2023 19:45,25.2,17,0
17-02-2023 20:00,24.2,18,0
17-02-2023 20:15,23.2,19,0
17-02-2023 20:30,23.1,22,0
17-02-2023 20:45,23.7,19,0
17-02-2023 21:00,24.3,19,0
17-02-2023 21:15,24.2,19,0
17-02-2023 21:30,24.1,20,0
17-02-2023 21:45,23.7,20,0
17-02-2023 22:00,22.8,22,0
17-02-2023 22:15,22.6,23,0
17-02-2023 22:30,22.1,25,0
17-02-2023 22:45,21.5,25,0
17-02-2023 23:00,21.1,27,0
17-02-2023 23:30,20.2,31,0
17-02-2023 23:45,19.6,34,0
18-02-2023 00:00,18.9,37,0
18-02-2023 00:30,18.5,37,0
18-02-2023 00:45,18.7,37,0
18-02-2023 01:00,18.3,38,0
18-02-2023 01:15,18,41,0
18-02-2023 01:30,17.9,40,0
18-02-2023 01:45,17.7,40,0
18-02-2023 02:00,17.4,40,0
18-02-2023 02:15,17.1,41,0
18-02-2023 02:30,17,42,0
18-02-2023 02:45,17,41,0
18-02-2023 03:00,17,40,0
18-02-2023 03:15,16.9,40,0
18-02-2023 03:30,16.5,42,0
18-02-2023 03:45,16.1,43,0
18-02-2023 04:00,15.5,46,0
18-02-2023 04:15,15.5,47,0
18-02-2023 04:30,15.6,47,0
18-02-2023 04:45,15.6,47,0
18-02-2023 05:00,15.4,48,0
18-02-2023 05:15,15.3,48,0
18-02-2023 05:30,15,49,0
18-02-2023 05:45,14.5,50,0
18-02-2023 06:00,14.1,50,0
18-02-2023 06:15,14.3,50,0
18-02-2023 06:30,14.2,49,0
18-02-2023 06:45,14,50,0
18-02-2023 07:00,14.2,51,0
18-02-2023 07:15,14.5,49,0
18-02-2023 07:30,15.2,47,0
18-02-2023 07:45,16.1,46,0
18-02-2023 08:00,17.5,42,0
18-02-2023 08:15,18.5,39,0
18-02-2023 08:30,19.8,37,0
18-02-2023 08:45,21.9,34,0
18-02-2023 09:00,24.3,28,0
18-02-2023 09:15,25.9,21,0
18-02-2023 09:30,27.2,20,0
18-02-2023 09:45,28.6,20,0
18-02-2023 10:00,30.5,19,0
18-02-2023 10:15,31.4,18,0
18-02-2023 10:30,31.2,16,0
18-02-2023 10:45,32.3,14,0
18-02-2023 11:00,32.1,13,0
18-02-2023 11:15,32.2,11,0
18-02-2023 11:30,32.1,11,0
18-02-2023 11:45,31.8,11,0
18-02-2023 12:00,32.6,12,0
18-02-2023 12:15,32.4,12,0
18-02-2023 12:30,33.1,14,0
18-02-2023 12:45,33.2,12,0
18-02-2023 13:00,33.3,12,0
18-02-2023 13:15,33.4,11,0
18-02-2023 13:30,34.3,11,0
18-02-2023 13:45,34.3,11,0
18-02-2023 14:00,34.7,10,0
18-02-2023 14:15,35.2,10,0
18-02-2023 14:30,34.9,10,0
18-02-2023 14:45,35.8,11,0
18-02-2023 15:00,35.7,9,0
18-02-2023 15:15,36.4,8,0
18-02-2023 15:30,36.5,9,0
18-02-2023 15:45,36.3,8,0
18-02-2023 16:00,36.6,8,0
18-02-2023 16:15,36.1,8,0
18-02-2023 16:30,36.2,8,0
18-02-2023 16:45,35.8,8,0
18-02-2023 17:00,35.5,7,0
18-02-2023 17:15,35.6,8,0
18-02-2023 17:30,35.2,8,0
18-02-2023 17:45,34.6,8,0
18-02-2023 18:00,33.7,8,0
18-02-2023 18:15,32.8,8,0
18-02-2023 18:30,31.3,9,0
18-02-2023 18:45,30.1,10,0
18-02-2023 19:00,29.2,11,0
18-02-2023 19:15,28.2,12,0
18-02-2023 19:30,28,12,0
18-02-2023 19:45,27.3,13,0
18-02-2023 20:00,26.9,14,0
18-02-2023 20:15,26.5,14,0
18-02-2023 20:30,26,15,0
18-02-2023 20:45,25.8,15,0
18-02-2023 21:00,25.2,16,0
18-02-2023 21:15,23.5,21,0
18-02-2023 21:30,23.4,20,0
18-02-2023 21:45,22.9,21,0
18-02-2023 22:00,23,21,0
18-02-2023 22:15,22.2,22,0
18-02-2023 22:30,22.3,22,0
18-02-2023 22:45,22.2,22,0
18-02-2023 23:00,21.7,23,0
18-02-2023 23:15,20.5,26,0
18-02-2023 23:30,19.7,28,0
18-02-2023 23:45,19.4,28,0
19-02-2023 00:00,19.6,28,0
19-02-2023 00:15,19.3,29,0
19-02-2023 00:30,18.9,29,0
19-02-2023 00:45,18.8,29,0
19-02-2023 01:00,19.2,29,0
19-02-2023 01:15,17.7,32,0
19-02-2023 01:30,17.4,32,0
19-02-2023 01:45,17,33,0
19-02-2023 02:00,16.8,35,0
19-02-2023 02:15,17.6,30,0
19-02-2023 02:30,18.4,27,0
19-02-2023 02:45,17.5,28,0
19-02-2023 03:00,17.2,30,0
19-02-2023 03:15,16.9,29,0
19-02-2023 03:30,16.7,30,0
19-02-2023 03:45,16,33,0
19-02-2023 04:00,15.4,35,0
19-02-2023 04:15,14.5,38,0
19-02-2023 04:30,14.5,38,0
19-02-2023 04:45,14.2,38,0
19-02-2023 05:00,13.9,44,0
19-02-2023 05:15,13.6,42,0
19-02-2023 05:30,13.3,53,0
19-02-2023 05:45,12.9,51,0
19-02-2023 06:00,12.8,55,0
19-02-2023 06:15,12.1,62,0
19-02-2023 06:30,12.2,53,0
19-02-2023 06:45,11.9,49,0
19-02-2023 07:00,11.5,57,0
19-02-2023 07:15,11.7,69,0
19-02-2023 07:30,12.5,62,0
19-02-2023 07:45,14,60,0
19-02-2023 08:00,16.3,57,0
19-02-2023 08:15,18.4,56,0
19-02-2023 08:30,20,45,0
19-02-2023 08:45,21.3,41,0
19-02-2023 09:00,23.1,40,0
19-02-2023 09:15,24.5,38,0
19-02-2023 09:30,26.2,37,0
19-02-2023 09:45,26.7,30,0
19-02-2023 10:00,28,29,0
19-02-2023 10:15,28.3,24,0
19-02-2023 10:30,28.8,25,0
19-02-2023 10:45,30.1,25,0
19-02-2023 11:00,30,24,0
19-02-2023 11:15,31.2,22,0
19-02-2023 11:30,31.6,19,0
19-02-2023 11:45,32,19,0
19-02-2023 12:00,32.8,18,0
19-02-2023 12:15,32.9,17,0
19-02-2023 12:30,32.8,17,0
19-02-2023 12:45,32.5,17,0
19-02-2023 13:00,33.6,17,0
19-02-2023 13:15,33.7,16,0
19-02-2023 13:30,34.2,15,0
19-02-2023 13:45,34.1,19,0
19-02-2023 14:00,34.1,16,0
19-02-2023 14:15,35,16,0
19-02-2023 14:30,35.7,15,0
19-02-2023 14:45,36.6,16,0
19-02-2023 15:00,35.8,14,0
19-02-2023 15:15,35.2,11,0
19-02-2023 15:30,36.2,12,0
19-02-2023 16:00,35.7,14,0
19-02-2023 16:15,36.1,11,0
19-02-2023 16:30,36.4,11,0
19-02-2023 16:45,36.2,13,0
19-02-2023 17:00,35.9,12,0
19-02-2023 17:15,35.7,13,0
19-02-2023 17:30,35.4,13,0
19-02-2023 17:45,35,13,0
19-02-2023 18:00,34.2,13,0
19-02-2023 18:15,33.1,15,0
19-02-2023 18:30,31.9,17,0
19-02-2023 18:45,30.1,19,0
19-02-2023 19:00,28.9,21,0
19-02-2023 19:15,28,22,0
19-02-2023 19:30,24.9,36,0
19-02-2023 19:45,24.9,30,0
19-02-2023 20:00,24.6,32,0
19-02-2023 20:15,24.1,33,0
19-02-2023 20:30,23.5,35,0
19-02-2023 20:45,23.6,33,0
19-02-2023 21:00,23.1,33,0
19-02-2023 21:15,22.8,34,0
19-02-2023 21:30,23.7,28,0
19-02-2023 21:45,23.4,30,0
19-02-2023 22:00,21.4,35,0
19-02-2023 22:15,20.4,39,0
19-02-2023 22:30,19.8,40,0
19-02-2023 22:45,19.8,40,0
19-02-2023 23:00,20.7,38,0
19-02-2023 23:15,19.9,41,0
19-02-2023 23:30,20.2,38,0
19-02-2023 23:45,19.1,41,0
20-02-2023 00:00,18,49,0
20-02-2023 00:15,18.4,45,0
20-02-2023 00:30,18.7,44,0
20-02-2023 00:45,18.9,43,0
20-02-2023 01:00,18.5,45,0
20-02-2023 01:15,17.4,51,0
20-02-2023 01:30,17.3,52,0
20-02-2023 01:45,16.1,58,0
20-02-2023 02:00,14.9,61,0
20-02-2023 02:15,14.7,67,0
20-02-2023 02:30,14.5,66,0
20-02-2023 02:45,14.4,68,0
20-02-2023 03:00,15.5,64,0
20-02-2023 03:15,16.1,61,0
20-02-2023 03:30,15.8,62,0
20-02-2023 03:45,16,62,0
20-02-2023 04:00,15.5,64,0
20-02-2023 04:15,15.5,66,0
20-02-2023 04:30,15.1,67,0
20-02-2023 04:45,15.1,66,0
20-02-2023 05:00,14.9,65,0
20-02-2023 05:15,15.2,64,0
20-02-2023 05:30,15.1,64,0
20-02-2023 05:45,14.9,63,0
20-02-2023 06:00,14.6,65,0
20-02-2023 06:15,14.7,66,0
20-02-2023 06:30,12.9,74,0
20-02-2023 06:45,12.2,76,0
20-02-2023 07:00,12.3,75,0
20-02-2023 07:15,13.7,71,0
20-02-2023 07:30,14.3,69,0
20-02-2023 07:45,15,66,0
20-02-2023 08:00,15.7,63,0
20-02-2023 08:15,17,57,0
20-02-2023 08:30,18.2,51,0
20-02-2023 09:15,23.7,40,0
20-02-2023 09:30,25.1,36,0
20-02-2023 09:45,26.8,35,0
20-02-2023 10:00,28.7,31,0
20-02-2023 10:15,30.1,29,0
20-02-2023 10:30,30.1,32,0
20-02-2023 10:45,30.2,34,0
20-02-2023 11:00,30.6,34,0
20-02-2023 11:15,30.5,33,0
20-02-2023 11:30,30.9,32,0
20-02-2023 11:45,31.9,31,0
20-02-2023 12:00,32.1,28,0
20-02-2023 12:15,32,27,0
20-02-2023 12:30,32.5,26,0
20-02-2023 12:45,32.8,27,0
20-02-2023 13:00,33.1,25,0
20-02-2023 13:15,33.4,24,0
20-02-2023 13:30,33.6,23,0
20-02-2023 13:45,34.5,23,0
20-02-2023 14:00,34.9,22,0
20-02-2023 14:15,34.5,21,0
20-02-2023 14:30,34.9,20,0
20-02-2023 14:45,35.1,20,0
20-02-2023 15:00,35.8,21,0
20-02-2023 15:15,35.3,19,0
20-02-2023 15:30,35.9,19,0
20-02-2023 15:45,36.1,20,0
20-02-2023 16:00,35.7,19,0
20-02-2023 16:15,35.7,21,0
20-02-2023 16:30,36.3,20,0
20-02-2023 17:15,35.7,20,0
20-02-2023 17:30,34.8,21,0
20-02-2023 17:45,34.2,22,0
20-02-2023 18:00,33.7,23,0
20-02-2023 18:15,32.3,24,0
20-02-2023 18:30,31,25,0
20-02-2023 18:45,29,28,0
20-02-2023 19:00,27.3,35,0
20-02-2023 19:15,27.2,33,0
20-02-2023 19:30,28,29,0
20-02-2023 19:45,26.2,34,0
20-02-2023 20:00,27.1,35,0
20-02-2023 20:15,28.1,35,0
20-02-2023 20:30,27.6,38,0
20-02-2023 20:45,27.5,38,0
20-02-2023 21:00,26.9,39,0
20-02-2023 21:15,25.9,42,0
20-02-2023 21:30,24.6,46,0
20-02-2023 21:45,23.6,49,0
20-02-2023 22:00,22.9,51,0
20-02-2023 22:15,21.8,56,0
20-02-2023 22:30,21.4,57,0
20-02-2023 22:45,21,58,0
20-02-2023 23:00,20.7,58,0
20-02-2023 23:15,20.2,62,0
20-02-2023 23:30,19.8,61,0
20-02-2023 23:45,19.5,62,0
21-02-2023 00:00,19.7,60,0
21-02-2023 00:15,19,62,0
21-02-2023 00:30,18.7,64,0
21-02-2023 00:45,18.4,66,0
21-02-2023 01:00,18.2,64,0
21-02-2023 01:15,17.6,68,0
21-02-2023 01:30,17.2,68,0
21-02-2023 01:45,16.7,74,0
21-02-2023 02:00,16.2,73,0
21-02-2023 02:15,16.2,73,0
21-02-2023 02:30,16,72,0
21-02-2023 02:45,15.9,71,0
21-02-2023 03:00,15.2,74,0
21-02-2023 03:15,15.3,77,0
21-02-2023 03:30,15.2,78,0
21-02-2023 03:45,15.4,74,0
21-02-2023 04:00,15.5,75,0
21-02-2023 04:15,15.8,73,0
21-02-2023 04:30,16.6,71,0
21-02-2023 04:45,16.7,68,0
21-02-2023 05:00,16.2,70,0
21-02-2023 05:15,15.7,71,0
21-02-2023 05:30,16.2,69,0
21-02-2023 05:45,16.1,69,0
21-02-2023 06:00,16.1,69,0
21-02-2023 06:15,16.1,69,0
21-02-2023 06:30,16,69,0
21-02-2023 06:45,15.7,70,0
21-02-2023 07:00,15.2,70,0
21-02-2023 07:15,15.3,72,0
21-02-2023 07:30,15.9,69,0
21-02-2023 07:45,16.7,67,0
21-02-2023 08:00,17.4,65,0
21-02-2023 08:15,18.6,61,0
21-02-2023 08:30,19.7,57,0
21-02-2023 09:15,24.4,45,0
21-02-2023 09:30,26.3,40,0
21-02-2023 09:45,28.1,34,0
21-02-2023 10:00,29.6,33,0
21-02-2023 10:15,29.8,29,0
21-02-2023 10:30,30.7,27,0
21-02-2023 10:45,31.8,25,0
21-02-2023 11:00,31.9,23,0
21-02-2023 11:15,32.4,25,0
21-02-2023 11:30,33.1,21,0
21-02-2023 12:00,34.3,20,0
21-02-2023 12:15,33.6,21,0
21-02-2023 12:30,33.8,19,0
21-02-2023 12:45,34.4,17,0
21-02-2023 13:00,35.2,18,0
21-02-2023 13:15,35.2,16,0
21-02-2023 13:30,36.1,16,0
21-02-2023 13:45,36.3,14,0
21-02-2023 14:00,36,18,0
21-02-2023 14:15,36.3,15,0
21-02-2023 14:30,37.9,14,0
21-02-2023 14:45,37.8,13,0
21-02-2023 15:00,37.2,10,0
21-02-2023 15:15,38.7,9,0
21-02-2023 15:30,38.1,11,0
21-02-2023 15:45,38.3,15,0
21-02-2023 16:00,38.7,12,0
21-02-2023 16:15,37.9,11,0
21-02-2023 16:30,37.5,13,0
21-02-2023 16:45,36.9,14,0
21-02-2023 17:00,38.3,13,0
21-02-2023 17:15,35.9,20,0
21-02-2023 17:30,35.2,20,0
21-02-2023 17:45,34.3,20,0
21-02-2023 18:00,33.6,21,0
21-02-2023 18:15,32.7,21,0
21-02-2023 18:30,32,22,0
21-02-2023 18:45,31.3,22,0
21-02-2023 19:00,30.8,22,0
21-02-2023 19:15,30,23,0
21-02-2023 19:30,29.3,25,0
21-02-2023 19:45,28.5,27,0
21-02-2023 20:00,27.5,32,0
21-02-2023 20:15,26.9,36,0
21-02-2023 20:30,26.5,38,0
21-02-2023 20:45,25.8,39,0
21-02-2023 21:00,24.8,41,0
21-02-2023 21:15,23.9,43,0
21-02-2023 21:30,22.5,49,0
21-02-2023 21:45,22,50,0
21-02-2023 22:00,22.2,51,0
21-02-2023 22:15,21.9,53,0
21-02-2023 22:30,21.8,53,0
21-02-2023 22:45,21.4,54,0
21-02-2023 23:15,20.2,62,0
21-02-2023 23:30,19.6,63,0
21-02-2023 23:45,19,65,0
22-02-2023 00:00,19,67,0
22-02-2023 00:15,18.8,65,0
22-02-2023 00:30,18.3,66,0
22-02-2023 00:45,18.2,68,0
22-02-2023 01:00,18.3,66,0
22-02-2023 01:15,17.8,67,0
22-02-2023 01:30,17.2,70,0
22-02-2023 01:45,17.2,71,0
22-02-2023 02:00,16.9,71,0
22-02-2023 02:15,16.6,73,0
22-02-2023 02:30,16.3,71,0
22-02-2023 02:45,16.1,73,0
22-02-2023 03:00,15.8,78,0
22-02-2023 03:15,15.6,80,0
22-02-2023 03:30,15.6,79,0
22-02-2023 03:45,15.5,73,0
22-02-2023 04:00,15.3,74,0
22-02-2023 04:15,15.1,77,0
22-02-2023 04:30,16.2,70,0
22-02-2023 04:45,16.3,69,0
22-02-2023 05:00,16.1,71,0
22-02-2023 05:15,15.8,71,0
22-02-2023 05:30,14.8,77,0
22-02-2023 05:45,14.2,81,0
22-02-2023 06:00,14,81,0
22-02-2023 06:15,13.5,84,0
22-02-2023 06:30,13.6,84,0
22-02-2023 06:45,13.4,84,0
22-02-2023 07:00,13.6,76,0
22-02-2023 07:15,14.3,79,0
22-02-2023 07:30,15.6,72,0
22-02-2023 07:45,16.7,67,0
22-02-2023 08:00,17.8,60,0
22-02-2023 08:15,18.7,60,0
22-02-2023 08:30,19.9,56,0
22-02-2023 08:45,21.4,50,0
22-02-2023 09:00,23.5,43,0
22-02-2023 09:15,25.7,36,0
22-02-2023 09:30,27.7,34,0
22-02-2023 09:45,29,29,0
22-02-2023 10:00,29.8,26,0
22-02-2023 10:15,30.3,26,0
22-02-2023 10:30,31.8,25,0
22-02-2023 10:45,31.5,22,0
22-02-2023 11:00,31.7,23,0
22-02-2023 11:15,32.1,21,0
22-02-2023 11:30,32,21,0
22-02-2023 11:45,32.7,21,0
22-02-2023 12:00,32.8,23,0
22-02-2023 12:15,33.2,22,0
22-02-2023 12:30,33,22,0
22-02-2023 12:45,33.4,21,0
22-02-2023 13:00,33.6,22,0
22-02-2023 13:15,34.3,21,0
22-02-2023 13:30,34,19,0
22-02-2023 13:45,34.7,18,0
22-02-2023 14:15,34.8,15,0
22-02-2023 14:30,36.8,15,0
22-02-2023 14:45,35.2,19,0
22-02-2023 15:00,35.2,19,0
22-02-2023 15:15,35.9,19,0
22-02-2023 15:30,36.7,14,0
22-02-2023 15:45,37.3,16,0
22-02-2023 16:00,37.1,14,0
22-02-2023 16:15,35.7,16,0
22-02-2023 16:30,36,16,0
22-02-2023 16:45,36.8,17,0
22-02-2023 17:00,35.6,16,0
22-02-2023 17:15,35,17,0
22-02-2023 17:30,35.8,16,0
22-02-2023 17:45,34.6,19,0
22-02-2023 18:00,33.4,18,0
22-02-2023 18:15,32.2,21,0
22-02-2023 18:30,31.6,20,0
22-02-2023 18:45,30.7,21,0
22-02-2023 19:00,30.2,22,0
22-02-2023 19:15,29.7,22,0
22-02-2023 19:30,29,23,0
22-02-2023 19:45,28.1,25,0
22-02-2023 20:00,27.9,26,0
22-02-2023 20:15,27.3,28,0
22-02-2023 20:30,25.9,36,0
22-02-2023 20:45,24.3,40,0
22-02-2023 21:00,22.9,45,0
22-02-2023 21:15,22.7,46,0
22-02-2023 21:30,22.1,45,0
22-02-2023 21:45,22.3,46,0
22-02-2023 22:00,22.7,44,0
22-02-2023 22:15,23.6,45,0
22-02-2023 22:30,23.3,46,0
22-02-2023 22:45,23.2,45,0
22-02-2023 23:00,22.5,51,0
22-02-2023 23:15,22.1,51,0
22-02-2023 23:30,21.5,54,0
22-02-2023 23:45,20.9,55,0
23-02-2023 00:00,21.2,55,0
23-02-2023 00:15,20.5,57,0
23-02-2023 00:30,20,60,0
23-02-2023 00:45,19,63,0
23-02-2023 01:00,18.7,65,0
23-02-2023 01:15,18.4,66,0
23-02-2023 01:30,17.3,68,0
23-02-2023 01:45,17.5,65,0
23-02-2023 02:00,16.9,68,0
23-02-2023 02:15,16.7,68,0
23-02-2023 02:30,16.8,68,0
23-02-2023 02:45,16,70,0
23-02-2023 03:00,15.8,70,0
23-02-2023 03:15,17,73,0
23-02-2023 03:30,17,73,0
23-02-2023 03:45,17.1,77,0
23-02-2023 04:00,17.7,75,0
23-02-2023 04:15,16.9,77,0
23-02-2023 04:30,16.1,80,0
23-02-2023 04:45,16.8,80,0
23-02-2023 05:00,16.3,80,0
23-02-2023 05:15,16.5,79,0
23-02-2023 05:30,16.6,77,0
23-02-2023 05:45,16.5,75,0
23-02-2023 06:00,16.5,77,0
23-02-2023 06:15,16.3,78,0
23-02-2023 06:30,15.9,76,0
23-02-2023 06:45,14.6,85,0
23-02-2023 07:00,14.6,83,0
23-02-2023 07:15,14.7,86,0
23-02-2023 07:30,16,78,0
23-02-2023 07:45,17.4,72,0
23-02-2023 08:00,18.6,69,0
23-02-2023 08:15,19,66,0
23-02-2023 08:30,19.5,66,0
23-02-2023 08:45,21,62,0
23-02-2023 09:00,22.2,58,0
23-02-2023 09:15,23.3,55,0
23-02-2023 09:30,25.2,48,0
23-02-2023 09:45,27.6,42,0
23-02-2023 10:00,29.5,39,0
23-02-2023 10:15,29.8,35,0
23-02-2023 10:30,30.7,27,0
23-02-2023 10:45,31.3,27,0
23-02-2023 11:00,31.8,24,0
23-02-2023 11:15,32.4,26,0
23-02-2023 11:30,32.1,26,0
23-02-2023 11:45,32.8,24,0
23-02-2023 12:00,33,25,0
23-02-2023 12:15,33.2,23,0
23-02-2023 12:30,33.9,20,0
23-02-2023 12:45,33.7,19,0
23-02-2023 13:00,33.7,17,0
23-02-2023 13:15,34.4,17,0
23-02-2023 13:30,34.9,17,0
23-02-2023 13:45,34.5,18,0
23-02-2023 14:00,34.5,20,0
23-02-2023 14:15,34.9,17,0
23-02-2023 14:30,35.3,19,0
23-02-2023 14:45,35.5,17,0
23-02-2023 15:00,35.4,16,0
23-02-2023 15:15,36.3,15,0
23-02-2023 15:30,35.5,16,0
23-02-2023 15:45,35.6,16,0
23-02-2023 16:00,35.5,15,0
23-02-2023 16:15,36.5,13,0
23-02-2023 16:30,36.4,14,0
23-02-2023 16:45,35.7,16,0
23-02-2023 17:00,35.3,14,0
23-02-2023 17:15,35,14,0
23-02-2023 17:30,34.6,14,0
23-02-2023 17:45,34.2,15,0
23-02-2023 18:00,33,20,0
23-02-2023 18:15,31.7,20,0
23-02-2023 18:30,30.7,21,0
23-02-2023 18:45,29.2,24,0
23-02-2023 19:00,27.8,26,0
23-02-2023 19:15,26.8,31,0
23-02-2023 19:30,26.1,32,0
23-02-2023 19:45,25.4,33,0
23-02-2023 20:00,24.8,34,0
23-02-2023 20:15,24.3,37,0
23-02-2023 20:30,24.9,37,0
23-02-2023 20:45,25.5,34,0
23-02-2023 21:00,24.9,35,0
23-02-2023 21:15,25.2,34,0
23-02-2023 21:30,24.1,41,0
23-02-2023 21:45,22.7,47,0
23-02-2023 22:00,23,42,0
23-02-2023 22:15,23.8,40,0
23-02-2023 22:30,21.4,50,0
23-02-2023 22:45,20.8,52,0
23-02-2023 23:00,20.8,51,0
23-02-2023 23:15,20.2,54,0
23-02-2023 23:30,20.1,54,0
23-02-2023 23:45,19.2,59,0
24-02-2023 00:00,18.7,59,0
24-02-2023 00:30,18.5,59,0
24-02-2023 00:45,18,64,0
24-02-2023 01:00,17.3,63,0
24-02-2023 01:15,17.5,64,0
24-02-2023 01:30,17.1,63,0
24-02-2023 01:45,17.7,64,0
24-02-2023 02:00,17.2,65,0
24-02-2023 02:15,16.8,64,0
24-02-2023 02:30,18.1,62,0
24-02-2023 02:45,18.3,61,0
24-02-2023 03:00,17.8,62,0
24-02-2023 03:15,17.8,64,0
24-02-2023 03:30,17.6,63,0
24-02-2023 03:45,17.6,63,0
24-02-2023 04:00,17.4,65,0
24-02-2023 04:15,17,68,0
24-02-2023 04:30,16.7,67,0
24-02-2023 04:45,16.8,66,0
24-02-2023 05:00,16.5,67,0
24-02-2023 05:15,16.5,64,0
24-02-2023 05:30,16,65,0
24-02-2023 05:45,16,65,0
24-02-2023 06:00,14.8,69,0
24-02-2023 06:30,13.8,74,0
24-02-2023 06:45,13.9,74,0
24-02-2023 07:00,13.8,74,0
24-02-2023 07:15,14.7,72,0
24-02-2023 07:30,16.1,66,0
24-02-2023 07:45,15.4,73,0
24-02-2023 08:00,17.1,68,0
24-02-2023 08:15,19.7,56,0
24-02-2023 08:30,21.8,51,0
24-02-2023 08:45,23.1,48,0
24-02-2023 09:00,23.8,47,0
24-02-2023 09:15,25.2,45,0
24-02-2023 09:30,28.3,31,0
24-02-2023 09:45,28.5,34,0
24-02-2023 10:00,28.5,27,0
24-02-2023 10:15,29.7,27,0
24-02-2023 10:30,31.2,24,0
24-02-2023 10:45,32.3,24,0
24-02-2023 11:00,32.4,16,0
24-02-2023 11:15,32.4,15,0
24-02-2023 11:30,32.7,16,0
24-02-2023 11:45,33.1,16,0
24-02-2023 12:00,33.3,16,0
24-02-2023 12:30,33.8,17,0
24-02-2023 12:45,33.4,17,0
24-02-2023 13:00,33.3,18,0
24-02-2023 13:15,34.4,15,0
24-02-2023 13:30,34.2,14,0
24-02-2023 13:45,34.5,14,0
24-02-2023 14:00,34.7,17,0
24-02-2023 14:15,35.6,14,0
24-02-2023 14:30,35.1,15,0
24-02-2023 14:45,36.2,13,0
24-02-2023 15:00,35.3,14,0
24-02-2023 15:15,36.3,13,0
24-02-2023 15:30,36.6,12,0
24-02-2023 15:45,36.9,15,0
24-02-2023 16:00,36.3,13,0
24-02-2023 16:15,36.5,13,0
24-02-2023 16:30,36,15,0
24-02-2023 16:45,36.2,14,0
24-02-2023 17:00,36,13,0
24-02-2023 17:15,35.9,13,0
24-02-2023 17:30,35.6,13,0
24-02-2023 17:45,34.9,13,0
24-02-2023 18:00,34.1,14,0
24-02-2023 18:15,33.1,15,0
24-02-2023 18:30,31.8,16,0
24-02-2023 18:45,29,22,0
24-02-2023 19:00,27.5,23,0
24-02-2023 19:15,26.7,27,0
24-02-2023 19:30,25.8,29,0
24-02-2023 19:45,24.2,39,0
24-02-2023 20:00,23.3,38,0
24-02-2023 20:15,23.7,39,0
24-02-2023 20:30,24.5,35,0
24-02-2023 20:45,24.9,32,0
24-02-2023 21:00,25.2,33,0
24-02-2023 21:15,24.7,36,0
24-02-2023 21:30,24.2,39,0
24-02-2023 21:45,23.2,43,0
24-02-2023 22:00,22,47,0
24-02-2023 22:15,21.8,47,0
24-02-2023 22:30,21.1,49,0
24-02-2023 22:45,20.1,55,0
24-02-2023 23:00,19.8,56,0
24-02-2023 23:15,19.5,54,0
24-02-2023 23:30,19.2,58,0
24-02-2023 23:45,19,58,0
25-02-2023 00:00,18.6,63,0
25-02-2023 00:15,18.8,60,0
25-02-2023 00:30,17.8,67,0
25-02-2023 00:45,17.5,66,0
25-02-2023 01:00,17.7,62,0
25-02-2023 01:15,17.3,67,0
25-02-2023 01:30,16.8,70,0
25-02-2023 01:45,18,63,0
25-02-2023 02:00,18.6,61,0
25-02-2023 02:15,18.5,62,0
25-02-2023 02:30,18.8,61,0
25-02-2023 02:45,18.6,60,0
25-02-2023 03:00,17.6,64,0
25-02-2023 03:15,17.5,65,0
25-02-2023 03:30,17.8,64,0
25-02-2023 03:45,17.5,65,0
25-02-2023 04:00,17.6,65,0
25-02-2023 04:15,17.6,65,0
25-02-2023 04:30,17.4,66,0
25-02-2023 04:45,17.5,65,0
25-02-2023 05:00,17.2,67,0
25-02-2023 05:15,16.7,67,0
25-02-2023 05:30,16.7,68,0
25-02-2023 05:45,16.7,67,0
25-02-2023 06:00,16.5,67,0
25-02-2023 06:15,16.5,68,0
25-02-2023 06:30,16.6,68,0
25-02-2023 06:45,16.3,68,0
25-02-2023 07:00,16.2,69,0
25-02-2023 07:15,16.2,69,0
25-02-2023 07:30,16.5,68,0
25-02-2023 07:45,17.5,66,0
25-02-2023 08:00,18.2,63,0
25-02-2023 08:15,18.9,61,0
25-02-2023 08:30,20.2,57,0
25-02-2023 08:45,21.7,53,0
25-02-2023 09:00,24.4,48,0
25-02-2023 09:15,25,46,0
25-02-2023 09:30,27,42,0
25-02-2023 09:45,28.5,39,0
25-02-2023 10:00,29.9,30,0
25-02-2023 10:15,31,27,0
25-02-2023 10:30,32.5,22,0
25-02-2023 10:45,31.8,27,0
25-02-2023 11:00,32.4,25,0
25-02-2023 11:15,32.5,21,0
25-02-2023 11:30,33.3,20,0
25-02-2023 11:45,33.2,20,0
25-02-2023 12:00,33.2,19,0
25-02-2023 12:15,33.3,19,0
25-02-2023 12:30,33.3,18,0
25-02-2023 12:45,33.7,17,0
25-02-2023 13:00,34,18,0
25-02-2023 13:15,33.9,17,0
25-02-2023 13:30,34.4,16,0
25-02-2023 13:45,35.1,15,0
25-02-2023 14:00,35.9,16,0
25-02-2023 14:15,35.8,16,0
25-02-2023 14:30,35.4,16,0
25-02-2023 14:45,35.6,15,0
25-02-2023 15:00,35.6,16,0
25-02-2023 15:15,35.8,15,0
25-02-2023 15:30,36.4,15,0
25-02-2023 15:45,36,15,0
25-02-2023 16:00,37.1,13,0
25-02-2023 16:15,36.8,14,0
25-02-2023 16:30,36,14,0
25-02-2023 16:45,35.5,17,0
25-02-2023 17:00,35.2,17,0
25-02-2023 17:15,34.7,17,0
25-02-2023 17:30,34.8,17,0
25-02-2023 17:45,33.7,19,0
25-02-2023 18:00,33.1,20,0
25-02-2023 18:15,32.2,21,0
25-02-2023 18:30,30.8,24,0
25-02-2023 18:45,29.7,25,0
25-02-2023 19:00,28,28,0
25-02-2023 19:15,26.9,33,0
25-02-2023 19:30,26.3,32,0
25-02-2023 19:45,25.4,37,0
25-02-2023 20:00,26.6,34,0
25-02-2023 20:15,26.2,35,0
25-02-2023 20:30,26.1,35,0
25-02-2023 20:45,26.1,33,0
25-02-2023 21:00,24.4,39,0
25-02-2023 21:15,25.4,36,0
25-02-2023 21:30,24.9,37,0
25-02-2023 21:45,24.2,40,0
25-02-2023 22:00,23.9,41,0
25-02-2023 22:15,24.6,37,0
25-02-2023 22:30,24.2,39,0
25-02-2023 22:45,23.5,40,0
25-02-2023 23:00,21.8,47,0
25-02-2023 23:15,20.6,54,0
25-02-2023 23:30,19.8,53,0
25-02-2023 23:45,19.8,48,0
26-02-2023 00:00,19.6,52,0
26-02-2023 00:30,19.2,56,0
26-02-2023 00:45,19,56,0
26-02-2023 01:00,18.6,56,0
26-02-2023 01:15,17.9,61,0
26-02-2023 01:30,17.4,61,0
26-02-2023 01:45,16.6,65,0
26-02-2023 02:00,17,64,0
26-02-2023 02:15,17.1,65,0
26-02-2023 02:30,18.3,61,0
26-02-2023 02:45,18.3,58,0
26-02-2023 03:00,18.3,60,0
26-02-2023 03:15,18.3,57,0
26-02-2023 03:30,18.2,61,0
26-02-2023 03:45,18.2,61,0
26-02-2023 04:00,18.1,62,0
26-02-2023 04:15,17.6,63,0
26-02-2023 04:30,17.4,64,0
26-02-2023 04:45,17.1,65,0
26-02-2023 05:00,17.1,64,0
26-02-2023 05:15,16.9,64,0
26-02-2023 05:30,16.9,64,0
26-02-2023 05:45,16.8,64,0
26-02-2023 06:00,16.2,67,0
26-02-2023 06:15,16,66,0
26-02-2023 06:30,16,67,0
26-02-2023 06:45,16.1,65,0
26-02-2023 07:00,16,65,0
26-02-2023 07:15,16.1,65,0
26-02-2023 07:30,16.3,65,0
26-02-2023 07:45,17.4,61,0
26-02-2023 08:00,17.7,60,0
26-02-2023 08:15,18.7,58,0
26-02-2023 08:30,19.8,56,0
26-02-2023 08:45,20.9,52,0
26-02-2023 09:00,22.2,47,0
26-02-2023 09:15,24.3,44,0
26-02-2023 09:30,26.3,39,0
26-02-2023 09:45,27.6,35,0
26-02-2023 10:00,29.5,29,0
26-02-2023 10:15,31,26,0
26-02-2023 10:30,31.7,27,0
26-02-2023 10:45,31.4,23,0
26-02-2023 11:00,32.4,23,0
26-02-2023 11:15,33.3,24,0
26-02-2023 11:30,33.5,21,0
26-02-2023 11:45,33.9,21,0
26-02-2023 12:00,33.6,18,0
26-02-2023 12:15,34,18,0
26-02-2023 12:30,34.4,18,0
26-02-2023 12:45,34.3,19,0
26-02-2023 13:00,34.7,17,0
26-02-2023 13:15,34.6,16,0
26-02-2023 13:30,34.9,16,0
26-02-2023 13:45,34.6,17,0
26-02-2023 14:00,35.3,14,0
26-02-2023 14:30,36.2,14,0
26-02-2023 14:45,36.1,14,0
26-02-2023 15:00,36,12,0
26-02-2023 15:15,37.1,12,0
26-02-2023 15:30,36.2,12,0
26-02-2023 15:45,36.4,12,0
26-02-2023 16:00,36.5,12,0
26-02-2023 16:15,36.8,13,0
26-02-2023 16:30,35.8,12,0
26-02-2023 16:45,36.6,12,0
26-02-2023 17:00,37.1,11,0
26-02-2023 17:15,35.7,13,0
26-02-2023 17:30,35.2,14,0
26-02-2023 17:45,33.8,18,0
26-02-2023 18:00,32.7,18,0
26-02-2023 18:15,32.6,19,0
26-02-2023 18:30,31.2,19,0
26-02-2023 18:45,29.3,22,0
26-02-2023 19:00,28.6,24,0
26-02-2023 19:15,27.6,24,0
26-02-2023 19:30,26.5,29,0
26-02-2023 19:45,26,32,0
26-02-2023 20:00,26.3,30,0
26-02-2023 20:15,24.9,39,0
26-02-2023 20:30,24,41,0
26-02-2023 20:45,24.8,37,0
26-02-2023 21:00,24.6,36,0
26-02-2023 21:15,24.3,37,0
26-02-2023 21:30,23.5,41,0
26-02-2023 21:45,24.1,35,0
26-02-2023 22:00,24.5,34,0
26-02-2023 22:15,24.3,34,0
26-02-2023 22:30,23.4,37,0
26-02-2023 22:45,22.9,39,0
26-02-2023 23:00,21,52,0
26-02-2023 23:15,21,46,0
26-02-2023 23:30,21.2,45,0
26-02-2023 23:45,21,45,0
27-02-2023 00:00,21,46,0
27-02-2023 00:15,21,47,0
27-02-2023 00:30,20.8,48,0
27-02-2023 00:45,20.2,52,0
27-02-2023 01:00,20.2,51,0
27-02-2023 01:15,19.8,52,0
27-02-2023 01:30,19.3,52,0
27-02-2023 01:45,19.7,51,0
27-02-2023 02:00,19.8,53,0
27-02-2023 02:15,19.6,53,0
27-02-2023 02:30,19.2,54,0
27-02-2023 02:45,18.9,57,0
27-02-2023 03:00,18.9,56,0
27-02-2023 03:15,18.8,57,0
27-02-2023 03:30,18.7,56,0
27-02-2023 03:45,18.2,59,0
27-02-2023 04:00,18.1,60,0
27-02-2023 04:15,17.9,61,0
27-02-2023 04:30,17.4,62,0
27-02-2023 04:45,16.9,60,0
27-02-2023 05:00,16.5,61,0
27-02-2023 05:30,15.8,67,0
27-02-2023 05:45,15.3,66,0
27-02-2023 06:00,15.1,68,0
27-02-2023 06:15,14.9,76,0
27-02-2023 06:30,14.1,74,0
27-02-2023 06:45,14,78,0
27-02-2023 07:00,14,80,0
27-02-2023 07:15,14.2,80,0
27-02-2023 07:30,14.9,75,0
27-02-2023 07:45,16.2,70,0
27-02-2023 08:00,18.1,64,0
27-02-2023 08:15,19.1,59,0
27-02-2023 08:30,20.2,56,0
27-02-2023 08:45,21.9,49,0
27-02-2023 09:00,23.3,46,0
27-02-2023 09:15,25.3,39,0
27-02-2023 09:30,27.3,34,0
27-02-2023 09:45,28.9,29,0
27-02-2023 10:00,29.2,28,0
27-02-2023 10:15,29.6,28,0
27-02-2023 10:30,30.2,29,0
27-02-2023 10:45,31.2,28,0
27-02-2023 11:00,31.8,27,0
27-02-2023 11:15,31.5,27,0
27-02-2023 11:30,31.8,27,0
27-02-2023 11:45,32.1,26,0
27-02-2023 12:00,32.6,26,0
27-02-2023 12:15,33,26,0
27-02-2023 12:30,33.5,23,0
27-02-2023 12:45,33.8,23,0
27-02-2023 13:00,34.1,20,0
27-02-2023 13:15,34.1,18,0
27-02-2023 13:30,34.3,19,0
27-02-2023 13:45,34.9,18,0
27-02-2023 14:00,35.4,15,0
27-02-2023 14:15,35.1,16,0
27-02-2023 14:30,36,16,0
27-02-2023 14:45,36.1,16,0
27-02-2023 15:00,35.6,16,0
27-02-2023 15:15,35.7,15,0
27-02-2023 15:30,35.5,15,0
27-02-2023 15:45,36.4,15,0
27-02-2023 16:00,36.2,14,0
27-02-2023 16:15,36,15,0
27-02-2023 16:30,35.9,15,0
27-02-2023 16:45,35.7,15,0
27-02-2023 17:00,35.4,15,0
27-02-2023 17:15,35.3,15,0
27-02-2023 17:30,34.5,16,0
27-02-2023 17:45,33.7,19,0
27-02-2023 18:00,32.2,24,0
27-02-2023 18:15,31.7,24,0
27-02-2023 18:30,31.2,25,0
27-02-2023 18:45,30.6,26,0
27-02-2023 19:00,29.7,28,0
27-02-2023 19:15,29.5,27,0
27-02-2023 19:30,29.2,26,0
27-02-2023 19:45,28.7,27,0
27-02-2023 20:00,28.3,27,0
27-02-2023 20:15,27.4,28,0
27-02-2023 20:30,25.9,33,0
27-02-2023 20:45,24.7,38,0
27-02-2023 21:00,25.2,35,0
27-02-2023 21:15,25,34,0
27-02-2023 21:30,24.6,36,0
27-02-2023 21:45,23.7,42,0
27-02-2023 22:00,21.4,50,0
27-02-2023 22:15,21.6,49,0
27-02-2023 22:30,21.7,47,0
27-02-2023 22:45,20.8,49,0
27-02-2023 23:00,20.1,52,0
27-02-2023 23:15,19.9,54,0
27-02-2023 23:30,19.7,53,0
27-02-2023 23:45,18.8,59,0
28-02-2023 00:00,18.6,59,0
28-02-2023 00:15,18.9,58,0
28-02-2023 00:30,19,56,0
28-02-2023 00:45,20.2,53,0
28-02-2023 01:00,19.7,53,0
28-02-2023 01:15,19.4,57,0
28-02-2023 01:30,19,58,0
28-02-2023 01:45,19,56,0
28-02-2023 02:00,18.2,60,0
28-02-2023 02:15,18.1,59,0
28-02-2023 02:30,18,59,0
28-02-2023 02:45,16.9,65,0
28-02-2023 03:00,16.8,64,0
28-02-2023 03:15,16.2,69,0
28-02-2023 03:30,16.3,66,0
28-02-2023 03:45,15.9,69,0
28-02-2023 04:00,15.3,70,0
28-02-2023 04:15,15.2,71,0
28-02-2023 04:30,15.8,70,0
28-02-2023 04:45,16.6,65,0
28-02-2023 05:00,16.2,68,0
28-02-2023 05:15,16.1,66,0
28-02-2023 05:30,16.3,63,0
28-02-2023 05:45,16.2,65,0
28-02-2023 06:00,16.6,63,0
28-02-2023 06:15,16.6,62,0
28-02-2023 06:30,16,65,0
28-02-2023 06:45,15.4,67,0
28-02-2023 07:00,15.3,67,0
28-02-2023 07:15,16,63,0
28-02-2023 07:30,16.6,62,0
28-02-2023 07:45,16.9,62,0
28-02-2023 08:00,17.8,58,0
28-02-2023 08:15,18.7,55,0
28-02-2023 08:30,19,55,0
28-02-2023 08:45,20,52,0
28-02-2023 09:00,21.5,47,0
28-02-2023 09:15,24,45,0
28-02-2023 09:30,25.7,37,0
28-02-2023 09:45,26.3,34,0
28-02-2023 10:00,27.4,30,0
28-02-2023 10:15,29.2,22,0
28-02-2023 10:30,29.7,22,0
28-02-2023 10:45,30.1,22,0
28-02-2023 11:00,30.9,22,0
28-02-2023 11:15,31.2,24,0
28-02-2023 11:30,31.6,22,0
28-02-2023 11:45,31.8,21,0
28-02-2023 12:00,32.1,21,0
28-02-2023 12:30,32.8,20,0
28-02-2023 12:45,32.8,19,0
28-02-2023 13:00,34.1,19,0
28-02-2023 13:15,33.9,20,0
28-02-2023 13:30,34.3,17,0
28-02-2023 13:45,34.1,20,0
28-02-2023 14:00,33.9,21,0
28-02-2023 14:15,34.9,18,0
28-02-2023 14:30,35,17,0
28-02-2023 14:45,35,17,0
28-02-2023 15:00,35.3,16,0
28-02-2023 15:15,35.4,17,0
28-02-2023 15:30,34.7,18,0
28-02-2023 15:45,35.2,15,0
28-02-2023 16:00,35.4,15,0
28-02-2023 16:15,35,16,0
28-02-2023 16:30,34.9,15,0
28-02-2023 16:45,34.5,15,0
28-02-2023 17:00,35.2,15,0
28-02-2023 17:15,34.6,16,0
28-02-2023 17:30,33.7,15,0
28-02-2023 17:45,33.1,15,0
28-02-2023 18:00,32.6,15,0
28-02-2023 18:15,31.8,16,0
28-02-2023 18:30,30.7,18,0
28-02-2023 18:45,29.8,19,0
28-02-2023 19:00,29,20,0
28-02-2023 19:15,28.3,22,0
28-02-2023 19:30,28.2,21,0
28-02-2023 19:45,27.9,23,0
28-02-2023 20:00,27.1,25,0
28-02-2023 20:15,27.2,23,0
28-02-2023 20:30,27.3,20,0
28-02-2023 20:45,27.1,22,0
28-02-2023 21:00,26.3,24,0
28-02-2023 21:15,24.9,28,0
28-02-2023 21:30,23.3,37,0
28-02-2023 21:45,21.9,40,0
28-02-2023 22:00,21,45,0
28-02-2023 22:15,20.5,44,0
28-02-2023 22:30,20.4,42,0
28-02-2023 22:45,19.9,47,0
28-02-2023 23:00,18.6,51,0
28-02-2023 23:15,19.4,47,0
28-02-2023 23:30,19.1,46,0
28-02-2023 23:45,20.1,44,0
01-03-2023 00:00,19.9,45,0
01-03-2023 00:15,19.9,46,0
01-03-2023 00:30,19.6,46,0
01-03-2023 00:45,19.1,49,0
01-03-2023 01:00,18.9,50,0
01-03-2023 01:15,19.7,45,0
01-03-2023 01:30,18,56,0
01-03-2023 01:45,18.3,52,0
01-03-2023 02:00,18.8,51,0
01-03-2023 02:15,18.5,52,0
01-03-2023 02:30,18.4,51,0
01-03-2023 02:45,18,54,0
01-03-2023 03:00,16.4,64,0
01-03-2023 03:15,15.8,64,0
01-03-2023 03:30,16.5,59,0
01-03-2023 03:45,16.3,61,0
01-03-2023 04:00,15.7,65,0
01-03-2023 04:15,15.3,69,0
01-03-2023 04:30,15.2,69,0
01-03-2023 04:45,15.5,67,0
01-03-2023 05:00,15.4,66,0
01-03-2023 05:30,14.9,69,0
01-03-2023 05:45,14.4,74,0
01-03-2023 06:00,14.4,70,0
01-03-2023 06:30,14.1,70,0
01-03-2023 06:45,14,72,0
01-03-2023 07:00,13.9,72,0
01-03-2023 07:15,14.6,70,0
01-03-2023 07:30,16,62,0
01-03-2023 07:45,16.7,55,0
01-03-2023 08:00,17.6,54,0
01-03-2023 08:15,18.2,52,0
01-03-2023 08:30,19.5,48,0
01-03-2023 08:45,20.4,45,0
01-03-2023 09:00,22,37,0
01-03-2023 09:15,23.4,33,0
01-03-2023 09:30,25.2,30,0
01-03-2023 09:45,26.8,28,0
01-03-2023 10:00,29,27,0
01-03-2023 10:15,29.4,25,0
01-03-2023 10:30,29.9,26,0
01-03-2023 10:45,30.1,26,0
01-03-2023 11:00,30.7,26,0
01-03-2023 11:15,30.9,25,0
01-03-2023 11:30,31.8,24,0
01-03-2023 11:45,32.6,23,0
01-03-2023 12:00,32.3,23,0
01-03-2023 12:15,32.2,22,0
01-03-2023 12:30,33,22,0
01-03-2023 12:45,33,22,0
01-03-2023 13:00,33.1,22,0
01-03-2023 13:15,33.2,21,0
01-03-2023 13:30,33.7,22,0
01-03-2023 13:45,34.1,20,0
01-03-2023 14:00,34.4,17,0
01-03-2023 14:30,34.8,19,0
01-03-2023 14:45,35.1,19,0
01-03-2023 15:00,34.6,18,0
01-03-2023 15:15,35.7,17,0
01-03-2023 15:30,35.3,17,0
01-03-2023 15:45,34.8,16,0
01-03-2023 16:00,36.2,16,0
01-03-2023 16:15,35.2,17,0
01-03-2023 16:30,35.3,16,0
01-03-2023 16:45,35.6,17,0
01-03-2023 17:00,35,19,0
01-03-2023 17:15,33.9,19,0
01-03-2023 17:30,33.4,19,0
01-03-2023 17:45,33,21,0
01-03-2023 18:00,31.8,24,0
01-03-2023 18:15,30.8,25,0
01-03-2023 18:30,30.2,26,0
01-03-2023 18:45,29.7,27,0
01-03-2023 19:00,28.4,30,0
01-03-2023 19:15,27.6,31,0
01-03-2023 19:30,26.9,33,0
01-03-2023 19:45,26.6,34,0
01-03-2023 20:00,25.3,37,0
01-03-2023 20:15,26.1,36,0
01-03-2023 20:30,26.2,34,0
01-03-2023 20:45,26.3,33,0
01-03-2023 21:00,24.8,38,0
01-03-2023 21:15,24.6,39,0
01-03-2023 21:30,23.6,45,0
01-03-2023 21:45,23.2,46,0
01-03-2023 22:00,23.7,44,0
01-03-2023 22:15,23.7,43,0
01-03-2023 22:30,23.6,45,0
01-03-2023 22:45,23.2,45,0
01-03-2023 23:00,23.3,44,0
01-03-2023 23:15,21.9,54,0
01-03-2023 23:30,22.2,47,0
01-03-2023 23:45,20.8,53,0
02-03-2023 00:00,21,53,0
02-03-2023 00:15,20.2,57,0
02-03-2023 00:30,19.8,58,0
02-03-2023 00:45,19.5,59,0
02-03-2023 01:00,19.4,61,0
02-03-2023 01:15,19.4,61,0
02-03-2023 01:30,20.1,58,0
02-03-2023 01:45,20.2,59,0
02-03-2023 02:00,19.9,61,0
02-03-2023 02:15,20,60,0
02-03-2023 02:30,19.7,62,0
02-03-2023 02:45,19.5,60,0
02-03-2023 03:00,19.3,61,0
02-03-2023 03:15,19,63,0
02-03-2023 03:30,17.9,67,0
02-03-2023 03:45,17.3,69,0
02-03-2023 04:00,17.5,67,0
02-03-2023 04:15,17,67,0
02-03-2023 04:30,17,69,0
02-03-2023 04:45,16.8,67,0
02-03-2023 05:00,16.9,70,0
02-03-2023 05:15,16.3,71,0
02-03-2023 05:30,16.1,71,0
02-03-2023 05:45,16.7,70,0
02-03-2023 06:00,17.6,68,0
02-03-2023 06:15,17.6,67,0
02-03-2023 06:30,17.6,68,0
02-03-2023 06:45,17.3,69,0
02-03-2023 07:00,17.2,69,0
02-03-2023 07:15,17.4,67,0
02-03-2023 07:30,18,64,0
02-03-2023 07:45,18.5,62,0
02-03-2023 08:00,18.7,62,0
02-03-2023 08:15,19.7,58,0
02-03-2023 08:30,20.8,56,0
02-03-2023 08:45,22.1,52,0
02-03-2023 09:00,23.6,50,0
02-03-2023 09:15,24.8,46,0
02-03-2023 09:30,26.3,42,0
02-03-2023 09:45,28.2,39,0
02-03-2023 10:00,29.3,35,0
02-03-2023 10:15,29.8,35,0
02-03-2023 10:30,30.8,33,0
02-03-2023 10:45,31,30,0
02-03-2023 11:00,30.8,31,0
02-03-2023 11:15,30.9,30,0
02-03-2023 11:30,31.4,30,0
02-03-2023 11:45,31.9,29,0
02-03-2023 12:00,32,30,0
02-03-2023 12:15,32.6,29,0
02-03-2023 12:30,32.8,27,0
02-03-2023 12:45,33.3,27,0
02-03-2023 13:00,33.1,25,0
02-03-2023 13:15,33.4,24,0
02-03-2023 13:30,33.9,24,0
02-03-2023 13:45,33.8,24,0
02-03-2023 14:00,33.8,23,0
02-03-2023 14:15,34.2,20,0
02-03-2023 14:30,34.5,22,0
02-03-2023 14:45,34.6,21,0
02-03-2023 15:00,34.3,21,0
02-03-2023 15:15,34.3,22,0
02-03-2023 15:30,35.2,21,0
02-03-2023 15:45,34.3,21,0
02-03-2023 16:00,34.3,22,0
02-03-2023 16:15,34.3,21,0
02-03-2023 16:30,33.6,22,0
02-03-2023 16:45,33.7,21,0
02-03-2023 17:00,33.4,23,0
02-03-2023 17:15,33.3,23,0
02-03-2023 17:30,32.8,23,0
02-03-2023 18:00,31.8,25,0
02-03-2023 18:15,31,26,0
02-03-2023 18:30,30.1,27,0
02-03-2023 18:45,29,30,0
02-03-2023 19:00,27.9,32,0
02-03-2023 19:15,27.1,32,0
02-03-2023 19:30,26.7,32,0
02-03-2023 19:45,26.2,36,0
02-03-2023 20:00,25.4,38,0
02-03-2023 20:15,24.8,37,0
02-03-2023 20:30,24.6,38,0
02-03-2023 20:45,24.2,41,0
02-03-2023 21:00,24,44,0
02-03-2023 21:15,24.7,44,0
02-03-2023 21:30,24.5,44,0
02-03-2023 21:45,24,46,0
02-03-2023 22:00,23.7,46,0
02-03-2023 22:15,23.1,46,0
02-03-2023 22:30,23.2,49,0
02-03-2023 22:45,23.1,47,0
02-03-2023 23:00,23.3,45,0
02-03-2023 23:15,24,42,0
02-03-2023 23:30,22.9,49,0
02-03-2023 23:45,21.7,51,0
03-03-2023 00:00,22.1,49,0
03-03-2023 00:15,21.9,52,0
03-03-2023 00:30,21.9,52,0
03-03-2023 00:45,21.6,54,0
03-03-2023 01:00,21.1,55,0
03-03-2023 01:15,21.3,55,0
03-03-2023 01:30,20.7,57,0
03-03-2023 01:45,20.8,56,0
03-03-2023 02:00,21.1,56,0
03-03-2023 02:15,20.7,57,0
03-03-2023 02:30,20.2,60,0
03-03-2023 02:45,20.4,59,0
03-03-2023 03:00,20.1,61,0
03-03-2023 03:15,20,60,0
03-03-2023 03:30,20,60,0
03-03-2023 03:45,19.6,61,0
03-03-2023 04:00,19,61,0
03-03-2023 04:15,18.5,66,0
03-03-2023 04:30,18.2,67,0
03-03-2023 04:45,18.1,67,0
03-03-2023 05:00,16.9,73,0
03-03-2023 05:15,16.5,75,0
03-03-2023 05:30,17,72,0
03-03-2023 05:45,17.8,70,0
03-03-2023 06:00,18.2,69,0
03-03-2023 06:15,18.1,69,0
03-03-2023 06:30,17.9,68,0
03-03-2023 06:45,17.7,69,0
03-03-2023 07:00,17.6,70,0
03-03-2023 07:15,17.6,70,0
03-03-2023 07:30,17.8,70,0
03-03-2023 07:45,18.5,67,0
03-03-2023 08:00,19.1,67,0
03-03-2023 08:15,19.9,65,0
03-03-2023 08:30,21.1,61,0
03-03-2023 08:45,22.3,58,0
03-03-2023 09:00,23.7,53,0
03-03-2023 09:15,25.2,47,0
03-03-2023 09:30,26.7,44,0
03-03-2023 09:45,28.4,38,0
03-03-2023 10:00,30.2,34,0
03-03-2023 10:15,30.4,32,0
03-03-2023 10:30,30.8,32,0
03-03-2023 10:45,31.4,30,0
03-03-2023 11:00,31.8,29,0
03-03-2023 11:30,32.6,27,0
03-03-2023 11:45,32.6,26,0
03-03-2023 12:00,32.9,27,0
03-03-2023 12:15,33.1,24,0
03-03-2023 12:30,33.5,24,0
03-03-2023 12:45,33.8,25,0
03-03-2023 13:00,33.9,24,0
03-03-2023 13:15,34.1,25,0
03-03-2023 13:30,34.9,23,0
03-03-2023 13:45,34.4,20,0
03-03-2023 14:00,34.4,22,0
03-03-2023 14:15,34.1,22,0
03-03-2023 14:30,34.6,22,0
03-03-2023 14:45,34.7,22,0
03-03-2023 15:00,34.4,22,0
03-03-2023 15:15,35.3,22,0
03-03-2023 15:30,34.6,22,0
03-03-2023 15:45,34.6,22,0
03-03-2023 16:00,34.6,23,0
03-03-2023 16:15,34.2,22,0
03-03-2023 16:30,34,24,0
03-03-2023 16:45,34,23,0
03-03-2023 17:00,33.7,24,0
03-03-2023 17:15,33.3,25,0
03-03-2023 17:30,33.2,26,0
03-03-2023 17:45,32.5,26,0
03-03-2023 18:00,32.1,28,0
03-03-2023 18:15,31.4,29,0
03-03-2023 18:30,30.6,32,0
03-03-2023 18:45,29.3,34,0
03-03-2023 19:00,28.3,37,0
03-03-2023 19:15,27.5,39,0
03-03-2023 19:30,27,40,0
03-03-2023 19:45,26.5,41,0
03-03-2023 20:00,25.7,46,0
03-03-2023 20:15,25.3,45,0
03-03-2023 20:30,25,41,0
03-03-2023 20:45,25.4,46,0
03-03-2023 21:00,25.9,42,0
03-03-2023 21:15,24.6,46,0
03-03-2023 21:30,24,48,0
03-03-2023 21:45,23.8,47,0
03-03-2023 22:00,23.5,48,0
03-03-2023 22:15,24.1,48,0
03-03-2023 22:30,24.5,46,0
03-03-2023 22:45,24.5,46,0
03-03-2023 23:00,24.2,47,0
03-03-2023 23:15,24,49,0
03-03-2023 23:30,23.8,47,0
03-03-2023 23:45,23.3,51,0
04-03-2023 00:00,23,53,0
04-03-2023 00:15,23.2,50,0
04-03-2023 00:30,22.7,53,0
04-03-2023 00:45,22.5,54,0
04-03-2023 01:00,22.2,55,0
04-03-2023 01:15,21.9,56,0
04-03-2023 01:30,21.6,57,0
04-03-2023 01:45,21.6,58,0
04-03-2023 02:00,21.3,57,0
04-03-2023 02:15,21.4,58,0
04-03-2023 02:30,21.1,58,0
04-03-2023 02:45,21,59,0
04-03-2023 03:00,21.1,60,0
04-03-2023 03:15,20.9,61,0
04-03-2023 03:30,20.5,63,0
04-03-2023 03:45,20.3,63,0
04-03-2023 04:00,20.2,63,0
04-03-2023 04:15,19.8,63,0
04-03-2023 04:30,20.1,63,0
04-03-2023 04:45,20.1,62,0
04-03-2023 05:00,20.1,64,0
04-03-2023 05:15,19.9,65,0
04-03-2023 05:30,19.8,65,0
04-03-2023 05:45,19.5,65,0
04-03-2023 06:00,19.5,65,0
04-03-2023 06:15,19.7,65,0
04-03-2023 06:30,19.3,67,0
04-03-2023 06:45,19.1,68,0
04-03-2023 07:00,19.2,68,0
04-03-2023 07:15,19.3,68,0
04-03-2023 07:30,19.2,69,0
04-03-2023 07:45,19,71,0
04-03-2023 08:00,19.5,72,0
04-03-2023 08:15,20.6,70,0
04-03-2023 08:30,22.3,60,0
04-03-2023 08:45,23,58,0
04-03-2023 09:00,23.9,55,0
04-03-2023 09:15,25.5,50,0
04-03-2023 09:30,26.8,48,0
04-03-2023 09:45,28.3,44,0
04-03-2023 10:00,29.6,41,0
04-03-2023 10:15,30.5,37,0
04-03-2023 10:30,30.4,34,0
04-03-2023 10:45,31.1,33,0
04-03-2023 11:00,31.5,30,0
04-03-2023 11:15,32.1,30,0
04-03-2023 11:30,32.4,28,0
04-03-2023 11:45,32.9,27,0
04-03-2023 12:00,33.6,27,0
04-03-2023 12:15,33.9,24,0
04-03-2023 12:30,34.2,26,0
04-03-2023 12:45,34,26,0
04-03-2023 13:00,34.2,24,0
04-03-2023 13:15,34.3,24,0
04-03-2023 13:30,34.7,24,0
04-03-2023 13:45,34.5,23,0
04-03-2023 14:00,34.6,23,0
04-03-2023 14:15,35.2,23,0
04-03-2023 14:30,35.7,22,0
04-03-2023 14:45,35.2,24,0
04-03-2023 15:00,35.6,19,0
04-03-2023 15:15,36,19,0
04-03-2023 15:30,35.3,21,0
04-03-2023 15:45,35.2,20,0
04-03-2023 16:00,36.1,19,0
04-03-2023 16:15,37,19,0
04-03-2023 16:30,35.3,21,0
04-03-2023 16:45,34.5,22,0
04-03-2023 17:00,34.2,23,0
04-03-2023 17:15,34,23,0
04-03-2023 17:30,33.5,25,0
04-03-2023 17:45,32.9,27,0
04-03-2023 18:00,32.2,28,0
04-03-2023 18:15,31.4,29,0
04-03-2023 18:30,30.6,31,0
04-03-2023 18:45,29.9,32,0
04-03-2023 19:00,28.6,35,0
04-03-2023 19:15,27.5,39,0
04-03-2023 19:30,26.6,42,0
04-03-2023 19:45,26.7,38,0
04-03-2023 20:00,26.9,39,0
04-03-2023 20:15,26.4,39,0
04-03-2023 20:30,26.1,41,0
04-03-2023 20:45,25.9,40,0
04-03-2023 21:00,25.7,39,0
04-03-2023 21:15,25.6,44,0
04-03-2023 21:30,25.6,44,0
04-03-2023 21:45,25.2,46,0
04-03-2023 22:00,24.6,47,0
04-03-2023 22:15,24.9,45,0
04-03-2023 22:30,25.4,44,0
04-03-2023 22:45,25.1,45,0
04-03-2023 23:00,24.9,46,0
04-03-2023 23:15,24.9,45,0
04-03-2023 23:30,25.1,44,0
04-03-2023 23:45,24.7,45,0
05-03-2023 00:00,24.3,47,0
05-03-2023 00:15,24.2,47,0
05-03-2023 00:30,23.4,50,0
05-03-2023 00:45,22.5,53,0
05-03-2023 01:00,21.8,56,0
05-03-2023 01:15,21.4,57,0
05-03-2023 01:30,21.2,57,0
05-03-2023 01:45,21.1,56,0
05-03-2023 02:00,21.1,58,0
05-03-2023 02:15,21.2,58,0
05-03-2023 02:30,21.2,59,0
05-03-2023 02:45,20.6,63,0
05-03-2023 03:00,20.1,63,0
05-03-2023 03:15,19.8,66,0
05-03-2023 03:30,19.2,71,0
05-03-2023 03:45,18.8,71,0
05-03-2023 04:00,18.6,70,0
05-03-2023 04:15,18.6,70,0
05-03-2023 04:30,19.1,66,0
05-03-2023 04:45,20,64,0
05-03-2023 05:00,18.9,68,0
05-03-2023 05:15,18.7,69,0
05-03-2023 05:30,18.5,68,0
05-03-2023 05:45,18.3,69,0
05-03-2023 06:00,18.6,67,0
05-03-2023 06:15,19.2,66,0
05-03-2023 06:30,19.4,64,0
05-03-2023 06:45,19.5,64,0
05-03-2023 07:00,19.2,65,0
05-03-2023 07:15,19.5,63,0
05-03-2023 07:30,20,61,0
05-03-2023 07:45,20.2,63,0
05-03-2023 08:00,20.7,60,0
05-03-2023 08:15,21.3,59,0
05-03-2023 08:30,22.3,55,0
05-03-2023 08:45,23.2,51,0
05-03-2023 09:00,24.3,50,0
05-03-2023 09:15,25.5,47,0
05-03-2023 09:30,26.9,43,0
05-03-2023 09:45,29.2,37,0
05-03-2023 10:00,31,33,0
05-03-2023 10:15,31.8,31,0
05-03-2023 10:30,32.5,30,0
05-03-2023 10:45,31.7,32,0
05-03-2023 11:00,31.8,31,0
05-03-2023 11:15,32.5,29,0
05-03-2023 11:30,33.2,27,0
05-03-2023 11:45,33.2,25,0
05-03-2023 12:00,33.6,26,0
05-03-2023 12:15,33.7,25,0
05-03-2023 12:30,34.5,24,0
05-03-2023 12:45,34.7,22,0
05-03-2023 13:00,34.8,22,0
05-03-2023 13:15,34.9,22,0
05-03-2023 13:30,35,22,0
05-03-2023 13:45,34.9,22,0
05-03-2023 14:00,35.7,23,0
05-03-2023 14:15,35.6,21,0
05-03-2023 14:30,35.8,21,0
05-03-2023 14:45,36.4,20,0
05-03-2023 15:00,35.2,21,0
05-03-2023 15:15,36.1,20,0
05-03-2023 15:30,35.6,21,0
05-03-2023 15:45,35.2,20,0
05-03-2023 16:00,35.5,22,0
05-03-2023 16:15,35.3,19,0
05-03-2023 16:30,35.5,22,0
05-03-2023 16:45,35.1,21,0
05-03-2023 17:00,35.2,21,0
05-03-2023 17:15,34.5,23,0
05-03-2023 17:30,33.7,23,0
05-03-2023 17:45,33,24,0
05-03-2023 18:00,32.4,27,0
05-03-2023 18:15,31.7,29,0
05-03-2023 18:30,30.8,31,0
05-03-2023 18:45,29.5,34,0
05-03-2023 19:00,28.9,33,0
05-03-2023 19:15,28.5,37,0
05-03-2023 19:30,27.7,36,0
05-03-2023 19:45,27.4,39,0
05-03-2023 20:00,26.5,40,0
05-03-2023 20:15,26.1,42,0
05-03-2023 20:30,25.8,42,0
05-03-2023 20:45,25.7,45,0
05-03-2023 21:00,26.2,41,0
05-03-2023 21:15,26.4,43,0
05-03-2023 21:30,26.4,41,0
05-03-2023 21:45,25.9,43,0
05-03-2023 22:00,25.5,45,0
05-03-2023 22:15,24.9,46,0
05-03-2023 22:30,24.3,50,0
05-03-2023 22:45,24.4,47,0
05-03-2023 23:00,24.6,47,0
05-03-2023 23:15,24.5,47,0
05-03-2023 23:30,24.6,48,0
05-03-2023 23:45,24.2,50,0
06-03-2023 00:00,23.9,51,0
06-03-2023 00:15,23.9,52,0
06-03-2023 00:30,24.1,50,0
06-03-2023 00:45,24,50,0
06-03-2023 01:00,24,50,0
06-03-2023 01:15,23.7,51,0
06-03-2023 01:30,23.5,52,0
06-03-2023 01:45,23.1,53,0
06-03-2023 02:00,22.9,55,0
06-03-2023 02:15,22.8,53,0
06-03-2023 02:30,21.3,60,0
06-03-2023 02:45,20.9,63,0
06-03-2023 03:00,20.7,63,0
06-03-2023 03:15,21.7,59,0
06-03-2023 03:30,21.5,61,0
06-03-2023 03:45,21.1,63,0
06-03-2023 04:00,21,65,0
06-03-2023 04:15,20.9,64,0
06-03-2023 04:30,20.9,65,0
06-03-2023 04:45,21.1,62,0
06-03-2023 05:00,20.9,64,0
06-03-2023 05:30,20.6,64,0
06-03-2023 05:45,20.6,63,0
06-03-2023 06:00,20.2,64,0
06-03-2023 06:15,22.1,55,0
06-03-2023 06:30,23.3,50,0
06-03-2023 06:45,23.7,47,0
06-03-2023 07:00,23.9,47,0
06-03-2023 07:15,24.3,45,0
06-03-2023 07:30,24.6,44,0
06-03-2023 07:45,24.7,44,0
06-03-2023 08:00,25.1,44,0
06-03-2023 08:15,25.5,43,0
06-03-2023 08:30,26,41,0
06-03-2023 08:45,26.4,40,0
06-03-2023 09:00,26.9,39,0
06-03-2023 09:15,27.2,38,0
06-03-2023 09:30,27.7,38,0
06-03-2023 09:45,28.3,37,0
06-03-2023 10:00,28.4,37,0
06-03-2023 10:15,28.8,37,0
06-03-2023 10:30,29.6,35,0
06-03-2023 10:45,30.2,33,0
06-03-2023 11:00,30.2,32,0
06-03-2023 11:15,31.2,32,0
06-03-2023 11:30,31.5,30,0
06-03-2023 11:45,32.3,30,0
06-03-2023 12:00,32.2,29,0
06-03-2023 12:30,32.9,28,0
06-03-2023 12:45,32.7,28,0
06-03-2023 13:00,33.2,28,0
06-03-2023 13:15,33.1,27,0
06-03-2023 13:30,33.1,26,0
06-03-2023 13:45,33.5,26,0
06-03-2023 14:00,33.8,26,0
06-03-2023 14:15,33.7,26,0
06-03-2023 14:30,34.4,24,0
06-03-2023 14:45,34.1,25,0
06-03-2023 15:00,34.1,25,0
06-03-2023 15:15,34.1,24,0
06-03-2023 15:30,34.3,24,0
06-03-2023 16:15,33.7,25,0
06-03-2023 16:30,33.8,26,0
06-03-2023 16:45,33.6,26,0
06-03-2023 17:00,33.2,26,0
06-03-2023 17:15,32.8,27,0
06-03-2023 17:30,31.8,29,0
06-03-2023 17:45,30.9,31,0
06-03-2023 18:00,30.8,31,0
06-03-2023 18:15,30.5,31,0
06-03-2023 18:30,30.2,31,0
06-03-2023 18:45,29.9,32,0
06-03-2023 19:00,30,31,0
06-03-2023 19:15,27.1,35,0
06-03-2023 19:30,25.9,42,0
06-03-2023 19:45,25.2,45,0
06-03-2023 20:00,24.8,47,0
06-03-2023 20:15,24.4,47,0
06-03-2023 20:30,24.1,50,0
06-03-2023 20:45,24.6,48,0
06-03-2023 21:00,24,52,0
06-03-2023 21:15,24.2,51,0
06-03-2023 21:30,23.9,55,0
06-03-2023 21:45,23.6,56,0
06-03-2023 22:00,24.2,50,0
06-03-2023 22:15,24,51,0
06-03-2023 22:30,23.5,54,0
06-03-2023 22:45,23.2,55,0
06-03-2023 23:00,22.9,55,0
06-03-2023 23:15,22.8,55,0
06-03-2023 23:30,22.7,55,0
06-03-2023 23:45,22.7,54,0
07-03-2023 00:00,22.4,55,0
07-03-2023 00:15,22.2,55,0
07-03-2023 00:30,22.2,54,0
07-03-2023 00:45,22,55,0
07-03-2023 01:00,21.6,57,0
07-03-2023 01:15,21.3,59,0
07-03-2023 01:30,21.4,58,0
07-03-2023 01:45,21.6,56,0
07-03-2023 02:00,21.4,57,0
07-03-2023 02:15,21.6,57,0
07-03-2023 02:30,21.5,57,0
07-03-2023 02:45,21.7,56,0
07-03-2023 03:00,21.8,55,0
07-03-2023 03:15,21.8,55,0
07-03-2023 03:30,22.1,54,0
07-03-2023 03:45,22.5,52,0
07-03-2023 04:00,22.2,53,0
07-03-2023 04:15,22.1,55,0
07-03-2023 04:30,21.4,61,0
07-03-2023 04:45,20.2,70,0
07-03-2023 05:00,19.3,78,0
07-03-2023 05:15,18.8,87,0.5
07-03-2023 05:30,18.3,87,0.5
07-03-2023 05:45,18.2,88,0.5
07-03-2023 06:00,18.2,89,0.5
07-03-2023 06:15,18.2,89,0.5
07-03-2023 06:30,18.1,90,0.5
07-03-2023 06:45,18.1,89,0.5
07-03-2023 07:00,18.5,88,0.5
07-03-2023 07:15,18.4,88,0.5
07-03-2023 07:30,18.4,88,0.5
07-03-2023 07:45,18.4,89,0.5
07-03-2023 08:00,18.5,89,0.5
07-03-2023 08:15,18.7,89,0.5
07-03-2023 08:30,18.8,90,0.5
07-03-2023 08:45,20.2,88,0
07-03-2023 09:00,20.7,85,0
07-03-2023 09:15,21.3,79,0
07-03-2023 09:30,21.3,73,0
07-03-2023 09:45,22.7,70,0
07-03-2023 10:00,23.4,67,0
07-03-2023 10:15,22.6,69,0
07-03-2023 10:30,22.7,72,0
07-03-2023 10:45,23.2,69,0
07-03-2023 11:00,25,62,0
07-03-2023 11:15,25.4,62,0
07-03-2023 11:30,25.7,60,0
07-03-2023 11:45,25.4,59,0
07-03-2023 12:00,25.8,58,0
07-03-2023 12:15,25.6,60,0
07-03-2023 12:30,26.9,57,0
07-03-2023 12:45,27.7,52,0
07-03-2023 13:00,27.7,52,0
07-03-2023 13:15,29.2,46,0
07-03-2023 13:30,29.1,39,0
07-03-2023 14:15,30.7,34,0
07-03-2023 14:30,30.7,31,0
07-03-2023 14:45,31.2,36,0
07-03-2023 15:00,30.7,40,0
07-03-2023 15:15,29,42,0
07-03-2023 15:30,28.2,45,0
07-03-2023 15:45,27.6,48,0
07-03-2023 16:00,27.4,47,0
07-03-2023 16:15,27.6,44,0
07-03-2023 16:30,27.9,43,0
07-03-2023 16:45,27.9,42,0
07-03-2023 17:00,27.7,41,0
07-03-2023 17:15,28,40,0
07-03-2023 17:30,27.3,39,0
07-03-2023 17:45,26.7,41,0
07-03-2023 18:00,26.6,42,0
07-03-2023 18:15,25.6,45,0
07-03-2023 18:30,25.6,44,0
07-03-2023 18:45,25.3,47,0
07-03-2023 19:00,24.8,48,0
07-03-2023 19:15,24.6,51,0
07-03-2023 19:30,23.9,54,0
07-03-2023 19:45,23.7,55,0
07-03-2023 20:00,23.3,57,0
07-03-2023 20:15,23,59,0
07-03-2023 20:30,22.5,59,0
07-03-2023 20:45,22.1,62,0
07-03-2023 21:00,21.2,67,0
07-03-2023 21:15,21,66,0
07-03-2023 21:30,20.9,66,0
07-03-2023 21:45,20.3,67,0
07-03-2023 22:00,20.3,68,0
07-03-2023 22:15,21,66,0
07-03-2023 22:30,21.1,66,0
07-03-2023 22:45,21,65,0
07-03-2023 23:00,20.9,66,0
07-03-2023 23:15,21,65,0
07-03-2023 23:30,20.7,67,0
07-03-2023 23:45,20.4,69,0
08-03-2023 00:00,20.5,68,0
08-03-2023 00:15,20.4,69,0
08-03-2023 00:30,20.2,71,0
08-03-2023 00:45,19.7,71,0
08-03-2023 01:00,19.3,73,0
08-03-2023 01:15,19.2,73,0
08-03-2023 01:30,18.7,75,0
08-03-2023 01:45,18.8,76,0
08-03-2023 02:00,18.9,77,0
08-03-2023 02:15,18.9,78,0
08-03-2023 02:30,19.2,76,0
08-03-2023 02:45,19.4,74,0
08-03-2023 03:00,18.8,79,0
08-03-2023 03:15,18.2,82,0
08-03-2023 03:30,17.9,82,0
08-03-2023 03:45,18.1,79,0
08-03-2023 04:00,18.1,82,0
08-03-2023 04:15,18.1,79,0
08-03-2023 04:30,17.9,80,0
08-03-2023 04:45,17.3,84,0
08-03-2023 05:00,16.7,86,0
08-03-2023 05:15,17.2,87,0
08-03-2023 05:30,17.5,86,0
08-03-2023 05:45,17.6,83,0
08-03-2023 06:00,17.3,86,0
08-03-2023 06:15,17.1,86,0
08-03-2023 06:30,16.9,86,0
08-03-2023 06:45,17,86,0
08-03-2023 07:00,17,85,0
08-03-2023 07:15,17.1,86,0
08-03-2023 07:30,17.2,86,0
08-03-2023 07:45,17.6,83,0
08-03-2023 08:00,18.3,80,0
08-03-2023 08:15,19.2,75,0
08-03-2023 08:30,20.4,70,0
08-03-2023 08:45,22.2,65,0
08-03-2023 09:00,23.7,57,0
08-03-2023 09:15,24.5,55,0
08-03-2023 09:30,25.6,52,0
08-03-2023 09:45,26.1,49,0
08-03-2023 10:00,27.1,46,0
08-03-2023 10:15,27.5,43,0
08-03-2023 10:30,27.8,40,0
08-03-2023 10:45,28.6,38,0
08-03-2023 11:00,28.8,37,0
08-03-2023 11:15,29.3,38,0
08-03-2023 11:30,29.5,36,0
08-03-2023 11:45,30.6,37,0
08-03-2023 12:00,30.7,35,0
08-03-2023 12:15,31.1,34,0
08-03-2023 12:30,31.6,32,0
08-03-2023 12:45,31.9,32,0
08-03-2023 13:00,32.1,29,0
08-03-2023 13:15,32.2,30,0
08-03-2023 13:30,32.3,29,0
08-03-2023 13:45,33.2,28,0
08-03-2023 14:00,33.2,25,0
08-03-2023 14:15,33,26,0
08-03-2023 14:30,33.2,25,0
08-03-2023 14:45,33.2,25,0
08-03-2023 15:00,34.2,25,0
08-03-2023 15:15,33.7,25,0
08-03-2023 15:30,33.9,24,0
08-03-2023 15:45,33.7,25,0
08-03-2023 16:00,34.1,25,0
08-03-2023 16:15,34.1,24,0
08-03-2023 16:30,33.3,26,0
08-03-2023 16:45,34,26,0
08-03-2023 17:00,33.2,26,0
08-03-2023 17:15,33.1,27,0
08-03-2023 17:30,32.4,27,0
08-03-2023 17:45,31.9,29,0
08-03-2023 18:00,31.2,31,0
08-03-2023 18:15,30.2,32,0
08-03-2023 18:30,29.5,34,0
08-03-2023 18:45,28.9,35,0
08-03-2023 19:00,28.6,34,0
08-03-2023 19:15,27.7,38,0
08-03-2023 19:30,27.9,38,0
08-03-2023 19:45,27.7,38,0
08-03-2023 20:00,27.4,38,0
08-03-2023 20:15,27.3,38,0
08-03-2023 20:30,26.6,41,0
08-03-2023 20:45,26.6,40,0
08-03-2023 21:00,26.3,40,0
08-03-2023 21:15,25.6,43,0
08-03-2023 21:30,25.3,44,0
08-03-2023 21:45,24.8,45,0
08-03-2023 22:00,24.9,45,0
08-03-2023 22:15,25,44,0
08-03-2023 22:30,24.3,47,0
08-03-2023 22:45,24.2,48,0
08-03-2023 23:00,25.2,42,0
08-03-2023 23:15,25.6,40,0
08-03-2023 23:30,25.5,41,0
08-03-2023 23:45,25.2,41,0
09-03-2023 00:00,24.5,45,0
09-03-2023 00:15,23.7,47,0
09-03-2023 00:30,23.4,47,0
09-03-2023 00:45,23.1,49,0
09-03-2023 01:00,22.7,50,0
09-03-2023 01:15,22.2,53,0
09-03-2023 01:30,23.2,48,0
09-03-2023 01:45,23.2,51,0
09-03-2023 02:00,22.7,55,0
09-03-2023 02:15,22.5,57,0
09-03-2023 02:30,22.1,56,0
09-03-2023 02:45,22.3,54,0
09-03-2023 03:00,22.9,56,0
09-03-2023 03:15,23.6,53,0
09-03-2023 03:30,23.9,51,0
09-03-2023 03:45,22.6,57,0
09-03-2023 04:00,22.2,59,0
09-03-2023 04:15,21.9,59,0
09-03-2023 04:30,21.9,61,0
09-03-2023 04:45,22,58,0
09-03-2023 05:00,21.7,62,0
09-03-2023 05:15,21.7,60,0
09-03-2023 05:30,21.3,61,0
09-03-2023 05:45,21.1,62,0
09-03-2023 06:00,20.8,62,0
09-03-2023 06:15,20.9,61,0
09-03-2023 06:30,20.8,62,0
09-03-2023 06:45,21.2,60,0
09-03-2023 07:00,21,63,0
09-03-2023 07:15,21.3,61,0
09-03-2023 07:30,21.6,61,0
09-03-2023 07:45,22,58,0
09-03-2023 08:00,22.3,60,0
09-03-2023 08:15,23.2,53,0
09-03-2023 08:30,23.9,53,0
09-03-2023 08:45,24.7,51,0
09-03-2023 09:00,25.4,50,0
09-03-2023 09:15,26.3,45,0
09-03-2023 09:30,27.5,39,0
09-03-2023 09:45,28.4,36,0
09-03-2023 10:00,29.5,36,0
09-03-2023 10:15,29.4,34,0
09-03-2023 10:30,30.4,31,0
09-03-2023 10:45,30.5,29,0
09-03-2023 11:00,31.1,28,0
09-03-2023 11:15,31.8,27,0
09-03-2023 11:30,32.1,25,0
09-03-2023 11:45,32.9,26,0
09-03-2023 12:00,32.6,25,0
09-03-2023 12:15,32.8,25,0
09-03-2023 12:30,33.1,23,0
09-03-2023 12:45,33.4,24,0
09-03-2023 13:00,33.7,24,0
09-03-2023 13:15,32.9,23,0
09-03-2023 13:30,33.4,23,0
09-03-2023 13:45,34.7,23,0
09-03-2023 14:00,33.5,23,0
09-03-2023 14:15,33.8,23,0
09-03-2023 14:30,34.3,24,0
09-03-2023 15:15,34,23,0
09-03-2023 15:30,33.1,23,0
09-03-2023 15:45,33.8,23,0
09-03-2023 16:00,33.2,24,0
09-03-2023 16:15,32.8,24,0
09-03-2023 16:30,33.5,24,0
09-03-2023 16:45,33.8,22,0
09-03-2023 17:00,33.4,23,0
09-03-2023 17:15,33.4,23,0
09-03-2023 17:30,33.1,24,0
09-03-2023 17:45,32.7,24,0
09-03-2023 18:00,32.1,25,0
09-03-2023 18:15,31.5,25,0
09-03-2023 18:30,30.7,27,0
09-03-2023 18:45,30,28,0
09-03-2023 19:00,29.2,30,0
09-03-2023 19:15,28.2,32,0
09-03-2023 19:30,27.6,34,0
09-03-2023 19:45,26.6,37,0
09-03-2023 20:00,25.6,41,0
09-03-2023 20:15,25.7,39,0
09-03-2023 20:30,26.5,36,0
09-03-2023 20:45,26.9,35,0
09-03-2023 21:00,26.9,35,0
09-03-2023 21:30,24.2,44,0
09-03-2023 21:45,23.5,45,0
09-03-2023 22:00,24.1,44,0
09-03-2023 22:15,25.2,40,0
09-03-2023 22:30,25.5,38,0
09-03-2023 22:45,25.5,38,0
09-03-2023 23:00,25.2,39,0
09-03-2023 23:15,22.5,53,0
09-03-2023 23:30,22.8,46,0
09-03-2023 23:45,23.5,44,0
10-03-2023 00:00,24.1,42,0
10-03-2023 00:15,23.7,44,0
10-03-2023 00:30,23.1,47,0
10-03-2023 00:45,22.6,49,0
10-03-2023 01:00,21.7,51,0
10-03-2023 01:15,21.8,52,0
10-03-2023 01:30,21.7,53,0
10-03-2023 01:45,21.6,53,0
10-03-2023 02:00,21.4,56,0
10-03-2023 02:15,21.2,56,0
10-03-2023 02:30,21,56,0
10-03-2023 02:45,20.7,58,0
10-03-2023 03:00,19.9,60,0
10-03-2023 03:15,19.7,61,0
10-03-2023 03:30,19.4,63,0
10-03-2023 03:45,19.3,67,0
10-03-2023 04:00,20.2,61,0
10-03-2023 04:15,20.5,59,0
10-03-2023 04:30,20.5,58,0
10-03-2023 04:45,20.4,56,0
10-03-2023 05:00,20.5,54,0
10-03-2023 05:15,20.2,52,0
10-03-2023 05:30,20.2,52,0
10-03-2023 05:45,19.7,53,0
10-03-2023 06:00,19.8,52,0
10-03-2023 06:15,18.9,62,0
10-03-2023 06:30,19.2,55,0
10-03-2023 06:45,19.8,53,0
10-03-2023 07:00,19.5,52,0
10-03-2023 07:15,19.2,56,0
10-03-2023 07:30,20.2,53,0
10-03-2023 07:45,21.1,53,0
10-03-2023 08:00,21.9,52,0
10-03-2023 08:15,23.2,46,0
10-03-2023 08:30,24.8,40,0
10-03-2023 08:45,26.4,32,0
10-03-2023 09:00,27.4,30,0
10-03-2023 09:15,28.2,28,0
10-03-2023 09:30,28.9,27,0
10-03-2023 09:45,29.4,27,0
10-03-2023 10:00,29.5,27,0
10-03-2023 10:15,29.7,27,0
10-03-2023 10:30,30.6,26,0
10-03-2023 10:45,30.3,27,0
10-03-2023 11:00,30.9,27,0
10-03-2023 11:15,31.4,27,0
10-03-2023 11:30,32.1,26,0
10-03-2023 11:45,31.7,26,0
10-03-2023 12:00,31.9,27,0
10-03-2023 12:15,32.6,26,0
10-03-2023 12:30,32.8,27,0
10-03-2023 12:45,32.7,25,0
10-03-2023 13:00,33.5,24,0
10-03-2023 13:15,33.8,25,0
10-03-2023 13:30,33.4,25,0
10-03-2023 13:45,33.6,25,0
10-03-2023 14:00,34.1,25,0
10-03-2023 14:15,34.2,26,0
10-03-2023 14:30,34.1,24,0
10-03-2023 14:45,34.1,24,0
10-03-2023 15:00,34.6,23,0
10-03-2023 15:15,34.8,23,0
10-03-2023 15:30,35.3,23,0
10-03-2023 15:45,35,23,0
10-03-2023 16:00,35.2,22,0
10-03-2023 16:15,35,23,0
10-03-2023 16:30,34.4,24,0
10-03-2023 16:45,35.9,21,0
10-03-2023 17:00,34.5,22,0
10-03-2023 17:15,34.4,21,0
10-03-2023 17:30,34.1,21,0
10-03-2023 17:45,33.8,24,0
10-03-2023 18:00,32.7,26,0
10-03-2023 18:15,31.8,27,0
10-03-2023 18:30,30.6,30,0
10-03-2023 18:45,29.7,33,0
10-03-2023 19:00,29.1,35,0
10-03-2023 19:30,28.2,34,0
10-03-2023 19:45,27.5,38,0
10-03-2023 20:00,27.3,37,0
10-03-2023 20:15,27.1,38,0
10-03-2023 20:30,25.8,42,0
10-03-2023 20:45,26,40,0
10-03-2023 21:00,26.4,39,0
10-03-2023 21:15,25.9,40,0
10-03-2023 21:30,25.8,41,0
10-03-2023 21:45,25.3,41,0
10-03-2023 22:00,24.9,43,0
10-03-2023 22:15,25.8,40,0
10-03-2023 22:30,25.6,41,0
10-03-2023 22:45,25.5,42,0
10-03-2023 23:00,24.9,45,0
10-03-2023 23:15,24.4,46,0
10-03-2023 23:30,24.2,46,0
10-03-2023 23:45,23.5,51,0
11-03-2023 00:00,23.1,52,0
11-03-2023 00:30,22.4,55,0
11-03-2023 00:45,21.9,57,0
11-03-2023 01:00,21.6,59,0
11-03-2023 01:15,21.6,56,0
11-03-2023 01:30,21.9,57,0
11-03-2023 01:45,22.1,55,0
11-03-2023 02:00,21.8,57,0
11-03-2023 02:15,21.5,58,0
11-03-2023 02:30,20.9,62,0
11-03-2023 02:45,20.8,62,0
11-03-2023 03:00,21.3,55,0
11-03-2023 03:15,21.6,55,0
11-03-2023 03:30,20.8,55,0
11-03-2023 03:45,22.2,50,0
11-03-2023 04:00,20.8,53,0
11-03-2023 04:15,20.5,54,0
11-03-2023 04:30,19.9,57,0
11-03-2023 04:45,18.8,65,0
11-03-2023 05:00,19,63,0
11-03-2023 05:15,18.8,63,0
11-03-2023 05:30,20.6,53,0
11-03-2023 05:45,21.8,47,0
11-03-2023 06:00,21.1,51,0
11-03-2023 06:15,20.5,52,0
11-03-2023 06:30,19.7,56,0
11-03-2023 06:45,18.8,57,0
11-03-2023 07:00,18.2,64,0
11-03-2023 07:15,18.7,60,0
11-03-2023 07:30,19.2,63,0
11-03-2023 07:45,20.2,58,0
11-03-2023 08:00,21.2,65,0
11-03-2023 08:15,22.9,58,0
11-03-2023 08:30,25.2,43,0
11-03-2023 08:45,27,40,0
11-03-2023 09:00,28.1,36,0
11-03-2023 09:15,28.3,34,0
11-03-2023 09:30,29,35,0
11-03-2023 09:45,29.3,30,0
11-03-2023 10:00,30,30,0
11-03-2023 10:15,30.2,29,0
11-03-2023 10:30,30.6,29,0
11-03-2023 10:45,31,29,0
11-03-2023 11:00,31.5,29,0
11-03-2023 11:15,31.7,28,0
11-03-2023 11:30,32.1,29,0
11-03-2023 11:45,32.2,26,0
11-03-2023 12:00,32.7,26,0
11-03-2023 12:15,33.3,25,0
11-03-2023 12:30,33.7,25,0
11-03-2023 12:45,33.8,26,0
11-03-2023 13:00,34,26,0
11-03-2023 13:15,34.2,24,0
11-03-2023 13:30,34.3,25,0
11-03-2023 13:45,34.3,22,0
11-03-2023 14:00,34.5,24,0
11-03-2023 14:15,33.6,23,0
11-03-2023 14:30,33.8,23,0
11-03-2023 14:45,34.8,24,0
11-03-2023 15:00,35.2,24,0
11-03-2023 15:15,35.2,22,0
11-03-2023 15:30,35.3,22,0
11-03-2023 15:45,35.1,22,0
11-03-2023 16:00,35.1,22,0
11-03-2023 16:15,35.2,21,0
11-03-2023 16:30,35,23,0
11-03-2023 16:45,34.7,23,0
11-03-2023 17:00,34.5,23,0
11-03-2023 17:15,34.5,24,0
11-03-2023 17:30,33.9,24,0
11-03-2023 17:45,33.6,24,0
11-03-2023 18:00,32.9,25,0
11-03-2023 18:15,32.1,27,0
11-03-2023 18:30,31.3,29,0
11-03-2023 18:45,30.4,29,0
11-03-2023 19:00,29.5,32,0
11-03-2023 19:15,28.8,36,0
11-03-2023 19:30,28.1,37,0
11-03-2023 19:45,27.2,37,0
11-03-2023 20:00,27,36,0
11-03-2023 20:15,26.7,36,0
11-03-2023 20:30,26.2,40,0
11-03-2023 20:45,25.4,41,0
11-03-2023 21:00,25.2,45,0
11-03-2023 21:15,25.8,46,0
11-03-2023 21:30,26,45,0
11-03-2023 21:45,26.3,41,0
11-03-2023 22:00,26.1,43,0
11-03-2023 22:15,26.4,39,0
11-03-2023 22:30,26.5,39,0
11-03-2023 22:45,26,40,0
11-03-2023 23:00,25.7,42,0
11-03-2023 23:15,25.1,45,0
11-03-2023 23:30,24.8,46,0
11-03-2023 23:45,23.4,49,0
12-03-2023 00:00,22.1,56,0
12-03-2023 00:15,21.8,56,0
12-03-2023 00:30,21.8,57,0
12-03-2023 00:45,21.6,57,0
12-03-2023 01:00,22,56,0
12-03-2023 01:15,22,56,0
12-03-2023 01:30,22.3,56,0
12-03-2023 01:45,22.2,57,0
12-03-2023 02:00,22,58,0
12-03-2023 02:15,21.7,59,0
12-03-2023 02:30,21.2,63,0
12-03-2023 02:45,21.1,63,0
12-03-2023 03:00,21.1,63,0
12-03-2023 03:15,21.1,62,0
12-03-2023 03:30,20.8,64,0
12-03-2023 03:45,20.9,64,0
12-03-2023 04:00,20.7,64,0
12-03-2023 04:15,20.8,64,0
12-03-2023 04:30,20.5,65,0
12-03-2023 04:45,20.2,66,0
12-03-2023 05:00,20.1,66,0
12-03-2023 05:15,20,67,0
12-03-2023 05:30,20.2,66,0
12-03-2023 05:45,20.2,67,0
12-03-2023 06:00,20.2,66,0
12-03-2023 06:15,19.9,65,0
12-03-2023 06:30,19.9,65,0
12-03-2023 06:45,19.7,66,0
12-03-2023 07:00,19.7,66,0
12-03-2023 07:15,20.1,65,0
12-03-2023 07:30,20.4,64,0
12-03-2023 07:45,21.1,61,0
12-03-2023 08:00,22,59,0
12-03-2023 08:15,23,56,0
12-03-2023 08:30,24.1,53,0
12-03-2023 08:45,25.4,51,0
12-03-2023 09:00,27.2,47,0
12-03-2023 09:15,28.6,42,0
12-03-2023 09:30,28.7,40,0
12-03-2023 09:45,29.4,43,0
12-03-2023 10:00,30,38,0
12-03-2023 10:15,30.5,37,0
12-03-2023 10:30,30.8,37,0
12-03-2023 10:45,31.1,37,0
12-03-2023 11:00,31.3,36,0
12-03-2023 11:15,31.3,36,0
12-03-2023 11:30,32,36,0
12-03-2023 11:45,31.8,36,0
12-03-2023 12:00,32.9,35,0
12-03-2023 12:15,32.8,34,0
12-03-2023 12:30,33.1,33,0
12-03-2023 12:45,33.7,33,0
12-03-2023 13:00,33.5,31,0
12-03-2023 13:15,33.5,30,0
12-03-2023 13:30,33.7,28,0
12-03-2023 13:45,34.2,29,0
12-03-2023 14:00,33.7,27,0
12-03-2023 14:15,34.6,29,0
12-03-2023 14:30,34.4,29,0
12-03-2023 14:45,34.5,27,0
12-03-2023 15:00,35,25,0
12-03-2023 15:15,35.6,25,0
12-03-2023 15:30,34.1,28,0
12-03-2023 15:45,35,27,0
12-03-2023 16:00,35.3,26,0
12-03-2023 16:15,34.5,27,0
12-03-2023 16:30,33.7,28,0
12-03-2023 16:45,33.5,30,0
12-03-2023 17:00,33.7,28,0
12-03-2023 17:15,33.5,28,0
12-03-2023 17:30,33.1,28,0
12-03-2023 17:45,32.7,29,0
12-03-2023 18:00,32.1,30,0
12-03-2023 18:15,31.7,31,0
12-03-2023 18:30,30.9,33,0
12-03-2023 18:45,30.2,34,0
12-03-2023 19:00,29.5,36,0
12-03-2023 19:15,28.8,38,0
12-03-2023 19:30,27.9,38,0
12-03-2023 19:45,27.3,40,0
12-03-2023 20:00,27.1,39,0
12-03-2023 20:15,26.6,42,0
12-03-2023 20:30,26.1,43,0
12-03-2023 20:45,25.8,45,0
12-03-2023 21:00,25.5,44,0
12-03-2023 21:15,25.4,44,0
12-03-2023 21:30,25.4,44,0
12-03-2023 21:45,25.2,44,0
12-03-2023 22:00,26.2,46,0
12-03-2023 22:15,26.3,45,0
12-03-2023 22:30,26.6,42,0
12-03-2023 22:45,26.9,41,0
12-03-2023 23:00,26.5,43,0
12-03-2023 23:15,25.8,44,0
12-03-2023 23:30,25.5,45,0
12-03-2023 23:45,25.2,45,0
13-03-2023 00:00,24.6,49,0
13-03-2023 00:15,24.3,50,0
13-03-2023 00:30,24,53,0
13-03-2023 00:45,24.4,52,0
13-03-2023 01:00,23,63,0
13-03-2023 01:15,22.5,58,0
13-03-2023 01:30,22.3,60,0
13-03-2023 01:45,22.7,57,0
13-03-2023 02:00,23.2,58,0
13-03-2023 02:15,22,66,0
13-03-2023 02:30,21.5,65,0
13-03-2023 02:45,21,66,0
13-03-2023 03:00,21.3,64,0
13-03-2023 03:15,20.3,68,0
13-03-2023 03:30,20.8,67,0
13-03-2023 03:45,19.7,71,0
13-03-2023 04:00,19.6,70,0
13-03-2023 04:15,19.5,70,0
13-03-2023 04:30,19.3,70,0
13-03-2023 04:45,20,69,0
13-03-2023 05:00,20.9,65,0
13-03-2023 05:15,20.7,67,0
13-03-2023 05:30,20.8,67,0
13-03-2023 05:45,20.6,68,0
13-03-2023 06:00,20.4,68,0
13-03-2023 06:15,20.1,68,0
13-03-2023 06:30,19.7,68,0
13-03-2023 06:45,18.7,72,0
13-03-2023 07:00,18.3,75,0
13-03-2023 07:15,18.3,77,0
13-03-2023 07:30,18.6,78,0
13-03-2023 07:45,20.7,67,0
13-03-2023 08:00,22,62,0
13-03-2023 08:15,23.6,56,0
13-03-2023 08:30,24.6,52,0
13-03-2023 08:45,26.1,47,0
13-03-2023 09:00,26.6,46,0
13-03-2023 09:15,28.2,42,0
13-03-2023 09:30,29,39,0
13-03-2023 09:45,29.2,39,0
13-03-2023 10:00,29.6,38,0
13-03-2023 10:15,30.8,35,0
13-03-2023 10:30,30.8,34,0
13-03-2023 10:45,31,34,0
13-03-2023 11:00,31.7,33,0
13-03-2023 11:30,32.3,32,0
13-03-2023 11:45,33,29,0
13-03-2023 12:00,33.2,28,0
13-03-2023 12:15,33.5,29,0
13-03-2023 12:30,33.5,27,0
13-03-2023 12:45,34,26,0
13-03-2023 13:00,34.1,26,0
13-03-2023 13:15,34.3,25,0
13-03-2023 13:30,34.5,25,0
13-03-2023 13:45,34.2,22,0
13-03-2023 14:00,34.6,23,0
13-03-2023 14:15,35.2,21,0
13-03-2023 14:30,35.3,19,0
13-03-2023 14:45,35.2,20,0
13-03-2023 15:00,35.7,20,0
13-03-2023 15:15,35.5,19,0
13-03-2023 15:30,35.1,20,0
13-03-2023 15:45,35.1,20,0
13-03-2023 16:00,35.2,21,0
13-03-2023 16:15,35,22,0
13-03-2023 16:30,35,21,0
13-03-2023 16:45,34.4,21,0
13-03-2023 17:00,34.8,22,0
13-03-2023 17:15,33.8,23,0
13-03-2023 17:30,33.6,23,0
13-03-2023 17:45,33.3,24,0
13-03-2023 18:00,32.6,25,0
13-03-2023 18:15,31.6,26,0
13-03-2023 18:30,30.9,27,0
13-03-2023 18:45,30.1,29,0
13-03-2023 19:00,28.9,32,0
13-03-2023 19:15,27.9,34,0
13-03-2023 19:30,27.5,34,0
13-03-2023 19:45,27.1,35,0
13-03-2023 20:00,26.6,36,0
13-03-2023 20:15,25.9,38,0
13-03-2023 20:30,25.5,40,0
13-03-2023 20:45,25.7,43,0
13-03-2023 21:00,26.3,40,0
13-03-2023 21:15,26.6,38,0
13-03-2023 21:30,26.6,38,0
13-03-2023 21:45,25.9,40,0
13-03-2023 22:00,25.8,43,0
13-03-2023 22:15,25.9,45,0
13-03-2023 22:30,26,43,0
13-03-2023 22:45,26,43,0
13-03-2023 23:00,24.9,46,0
13-03-2023 23:15,24.3,48,0
13-03-2023 23:30,23.9,47,0
13-03-2023 23:45,24,50,0
14-03-2023 00:00,23,54,0
14-03-2023 00:30,21.8,57,0
14-03-2023 00:45,21.5,60,0
14-03-2023 01:00,21.5,58,0
14-03-2023 01:15,21.1,62,0
14-03-2023 01:30,20.7,63,0
14-03-2023 01:45,20.8,64,0
14-03-2023 02:00,20.4,62,0
14-03-2023 02:15,20.6,65,0
14-03-2023 02:30,20.7,66,0
14-03-2023 02:45,20.4,64,0
14-03-2023 03:00,20.1,67,0
14-03-2023 03:15,19.3,70,0
14-03-2023 03:30,19.4,69,0
14-03-2023 03:45,19.2,70,0
14-03-2023 04:00,19,72,0
14-03-2023 04:15,19.3,70,0
14-03-2023 04:30,21.1,60,0
14-03-2023 04:45,20.9,60,0
14-03-2023 05:00,19.7,68,0
14-03-2023 05:15,21,60,0
14-03-2023 05:30,22.6,51,0
14-03-2023 05:45,23.4,49,0
14-03-2023 06:00,22.9,51,0
14-03-2023 06:15,23.2,49,0
14-03-2023 06:30,22.6,52,0
14-03-2023 06:45,22.5,52,0
14-03-2023 07:00,22,53,0
14-03-2023 07:15,22.6,51,0
14-03-2023 07:30,22,55,0
14-03-2023 07:45,22.8,53,0
14-03-2023 08:00,23.3,55,0
14-03-2023 08:15,23.8,54,0
14-03-2023 08:30,25.2,48,0
14-03-2023 08:45,26.5,44,0
14-03-2023 09:00,27.4,40,0
14-03-2023 09:15,28.1,37,0
14-03-2023 09:30,28.7,36,0
14-03-2023 09:45,29.1,34,0
14-03-2023 10:00,29.4,34,0
14-03-2023 10:15,30.3,33,0
14-03-2023 10:30,31,31,0
14-03-2023 10:45,31.4,31,0
14-03-2023 11:00,32.1,30,0
14-03-2023 11:15,32.3,28,0
14-03-2023 11:30,33.2,26,0
14-03-2023 11:45,33.5,27,0
14-03-2023 12:00,33.8,26,0
14-03-2023 12:15,33.7,26,0
14-03-2023 12:30,34.8,25,0
14-03-2023 12:45,35,24,0
14-03-2023 13:00,35.2,24,0
14-03-2023 13:15,35.3,25,0
14-03-2023 13:30,35,25,0
14-03-2023 13:45,34.9,23,0
14-03-2023 14:00,34.4,23,0
14-03-2023 14:15,34.6,23,0
14-03-2023 14:30,35.3,23,0
14-03-2023 14:45,35.5,23,0
14-03-2023 15:00,34.9,22,0
14-03-2023 15:15,36.2,21,0
14-03-2023 15:30,35.4,22,0
14-03-2023 15:45,35.1,22,0
14-03-2023 16:00,33.9,25,0
14-03-2023 16:15,32.4,28,0
14-03-2023 16:30,32.4,30,0
14-03-2023 16:45,32.2,28,0
14-03-2023 17:00,32.2,27,0
14-03-2023 17:15,32.4,27,0
14-03-2023 17:30,32.1,29,0
14-03-2023 17:45,31.7,29,0
14-03-2023 18:00,31.6,30,0
14-03-2023 18:15,31.4,31,0
14-03-2023 18:30,30.9,31,0
14-03-2023 18:45,30.4,33,0
14-03-2023 19:00,29.9,35,0
14-03-2023 19:15,29.7,35,0
14-03-2023 19:30,29.7,33,0
14-03-2023 19:45,29,35,0
14-03-2023 20:00,29,36,0
14-03-2023 20:30,29,34,0
14-03-2023 20:45,28.4,36,0
14-03-2023 21:00,27.6,39,0
14-03-2023 21:15,28.5,36,0
14-03-2023 21:30,28.2,37,0
14-03-2023 21:45,27.4,41,0
14-03-2023 22:00,27.3,41,0
14-03-2023 22:15,26.8,42,0
14-03-2023 22:30,26.5,46,0
14-03-2023 22:45,25.9,50,0
14-03-2023 23:00,25.6,50,0
14-03-2023 23:15,25.4,50,0
14-03-2023 23:30,25.1,50,0
14-03-2023 23:45,25,50,0
15-03-2023 00:00,24.8,50,0
15-03-2023 00:15,24.4,51,0
15-03-2023 00:30,24.4,50,0
15-03-2023 00:45,23.6,54,0
15-03-2023 01:00,23.2,56,0
15-03-2023 01:15,23.6,56,0
15-03-2023 01:30,23.5,58,0
15-03-2023 01:45,23.4,60,0
15-03-2023 02:00,23.1,63,0
15-03-2023 02:15,23.1,64,0
15-03-2023 02:30,23.1,63,0
15-03-2023 02:45,23.1,64,0
15-03-2023 03:00,22.9,65,0
15-03-2023 03:15,23.1,64,0
15-03-2023 03:30,22.8,65,0
15-03-2023 03:45,23,65,0
15-03-2023 04:00,22.7,67,0
15-03-2023 04:15,22.6,67,0
15-03-2023 04:30,22.7,67,0
15-03-2023 04:45,22.4,67,0
15-03-2023 05:00,22.3,68,0
15-03-2023 05:15,22.2,68,0
15-03-2023 05:30,22.1,68,0
15-03-2023 05:45,22,69,0
15-03-2023 06:00,21.8,70,0
15-03-2023 06:15,22,68,0
15-03-2023 06:30,22.1,67,0
15-03-2023 06:45,22.4,66,0
15-03-2023 07:00,22.5,65,0
15-03-2023 07:15,22.2,65,0
15-03-2023 07:30,22.4,65,0
15-03-2023 07:45,22.5,65,0
15-03-2023 08:00,23,63,0
15-03-2023 08:15,23.4,64,0
15-03-2023 08:30,23.1,63,0
15-03-2023 08:45,23.3,63,0
15-03-2023 09:00,23.6,61,0
15-03-2023 09:15,24.1,60,0
15-03-2023 09:30,24.2,61,0
15-03-2023 09:45,24.1,64,0
15-03-2023 10:00,24.5,64,0
15-03-2023 10:15,25.1,59,0
15-03-2023 10:30,25.6,58,0
15-03-2023 10:45,26.2,56,0
15-03-2023 11:00,27.7,49,0
15-03-2023 11:15,29.8,37,0
15-03-2023 11:30,30.6,33,0
15-03-2023 11:45,29.5,37,0
15-03-2023 12:00,30.8,33,0
15-03-2023 12:15,32.5,26,0
15-03-2023 12:30,33.4,23,0
15-03-2023 12:45,32.8,23,0
15-03-2023 13:00,32.9,25,0
15-03-2023 13:15,33.6,23,0
15-03-2023 13:30,34.1,22,0
15-03-2023 13:45,34.3,22,0
15-03-2023 14:00,34.5,21,0
15-03-2023 14:15,35.7,21,0
15-03-2023 14:30,35.8,21,0
15-03-2023 14:45,35.8,22,0
15-03-2023 15:00,35.5,22,0
15-03-2023 15:15,35.5,22,0
15-03-2023 15:30,34.4,22,0
15-03-2023 15:45,34.5,22,0
15-03-2023 16:00,34,22,0
15-03-2023 16:15,33.7,25,0
15-03-2023 16:30,33.9,24,0
15-03-2023 16:45,33.3,24,0
15-03-2023 17:00,33.1,24,0
15-03-2023 17:30,33.8,24,0
15-03-2023 17:45,33.4,24,0
15-03-2023 18:00,33,25,0
15-03-2023 18:15,32,30,0
15-03-2023 18:30,31.3,30,0
15-03-2023 18:45,31.2,28,0
15-03-2023 19:00,31,27,0
15-03-2023 19:15,30.4,29,0
15-03-2023 19:30,29.9,30,0
15-03-2023 19:45,30,30,0
15-03-2023 20:00,30.1,36,0
15-03-2023 20:15,29.7,39,0
15-03-2023 20:30,27.7,45,0
15-03-2023 20:45,27.3,49,0
15-03-2023 21:00,27.4,43,0
15-03-2023 21:15,25.3,49,0
15-03-2023 21:30,25.1,50,0
15-03-2023 21:45,25.1,51,0
15-03-2023 22:00,25.4,50,0
15-03-2023 22:15,25.7,48,0
15-03-2023 22:30,26.1,46,0
15-03-2023 22:45,25.1,60,0
15-03-2023 23:00,24.8,61,0
15-03-2023 23:15,24.5,58,0
15-03-2023 23:30,24.2,57,0
15-03-2023 23:45,24.2,60,0
16-03-2023 00:00,24.1,59,0
16-03-2023 00:15,24.1,59,0
16-03-2023 00:30,23.8,63,0
16-03-2023 00:45,23.3,67,0
16-03-2023 01:00,23.4,64,0
16-03-2023 01:15,23.3,65,0
16-03-2023 01:30,23.2,67,0
16-03-2023 01:45,23.1,69,0
16-03-2023 02:00,22.9,70,0
16-03-2023 02:15,22.7,71,0
16-03-2023 02:30,22.5,73,0
16-03-2023 02:45,22.2,74,0
16-03-2023 03:00,22.2,74,0
16-03-2023 03:15,22.3,73,0
16-03-2023 03:30,21.9,75,0
16-03-2023 03:45,21.9,75,0
16-03-2023 04:00,22.1,73,0
16-03-2023 04:15,22.2,73,0
16-03-2023 04:30,21.6,75,0
16-03-2023 04:45,20.9,78,0
16-03-2023 05:00,21.2,78,0
16-03-2023 05:15,22.6,64,0
16-03-2023 05:30,22.4,65,0
16-03-2023 05:45,22.9,58,0
16-03-2023 06:00,22.7,57,0
16-03-2023 06:15,22.5,57,0
16-03-2023 06:30,22.3,58,0
16-03-2023 06:45,22.3,59,0
16-03-2023 07:00,22.2,59,0
16-03-2023 07:15,22.2,59,0
16-03-2023 07:30,22.4,59,0
16-03-2023 07:45,22,60,0
16-03-2023 08:00,22.7,59,0
16-03-2023 08:15,24,55,0
16-03-2023 08:30,24.9,52,0
16-03-2023 08:45,25.5,49,0
16-03-2023 09:00,26,47,0
16-03-2023 09:15,26.1,47,0
16-03-2023 09:30,26.1,47,0
16-03-2023 09:45,26.2,48,0
16-03-2023 10:00,26.2,50,0
16-03-2023 10:15,26.4,50,0
16-03-2023 10:30,27,49,0
16-03-2023 10:45,27,48,0
16-03-2023 11:00,27.1,48,0
16-03-2023 11:15,27.6,48,0
16-03-2023 11:30,28.4,47,0
16-03-2023 11:45,28.7,46,0
16-03-2023 12:00,28.8,44,0
16-03-2023 12:15,28.9,44,0
16-03-2023 12:30,28.6,44,0
16-03-2023 12:45,28.5,46,0
16-03-2023 13:00,28.4,45,0
16-03-2023 13:15,27.9,47,0
16-03-2023 13:30,27.2,54,0
16-03-2023 13:45,27.3,51,0
16-03-2023 14:00,27.7,51,0
16-03-2023 14:15,28.2,49,0
16-03-2023 14:30,28.7,48,0
16-03-2023 14:45,29.6,45,0
16-03-2023 15:00,29.6,45,0
16-03-2023 15:15,30.3,44,0
16-03-2023 15:30,30.4,43,0
16-03-2023 15:45,30.4,42,0
16-03-2023 16:00,30.2,42,0
16-03-2023 16:15,30.7,41,0
16-03-2023 16:30,30.5,41,0
16-03-2023 16:45,30.2,41,0
16-03-2023 17:00,29.3,44,0
16-03-2023 17:15,29,45,0
16-03-2023 17:30,28.6,46,0
16-03-2023 18:15,22.8,63,0
16-03-2023 18:30,22.1,69,0
16-03-2023 18:45,21.5,74,0
16-03-2023 19:00,21,81,0
16-03-2023 19:15,20.6,84,0
16-03-2023 19:30,20.6,86,0
16-03-2023 19:45,20.8,83,0
16-03-2023 20:00,21.1,77,0
16-03-2023 20:15,20.9,79,0
16-03-2023 20:30,21,78,0
16-03-2023 20:45,20.2,88,0.5
16-03-2023 21:00,20.4,86,0.5
16-03-2023 21:15,20.4,85,0.5
16-03-2023 21:30,20.3,86,0.5
16-03-2023 21:45,20.2,87,0.5
16-03-2023 22:00,20.3,87,0.5
16-03-2023 22:15,20.2,88,0.5
16-03-2023 22:30,20,88,0.5
16-03-2023 22:45,19.6,89,0.5
16-03-2023 23:00,19.4,90,0.5
16-03-2023 23:15,19.2,90,0.5
16-03-2023 23:30,19.1,91,0.5
17-03-2023 00:15,18.1,91,0.5
17-03-2023 00:30,18.1,92,0.5
17-03-2023 00:45,17.7,92,0.5
17-03-2023 01:00,17.5,92,0.5
17-03-2023 01:15,17.5,92,0.5
17-03-2023 01:30,17.1,92,0.5
17-03-2023 01:45,17.1,92,0.5
17-03-2023 02:00,17,93,0.5
17-03-2023 02:15,16.8,93,0.5
17-03-2023 02:30,16.4,93,0.5
17-03-2023 02:45,16.5,93,0.5
17-03-2023 03:00,16.5,93,0.5
17-03-2023 03:15,16.8,93,0.5
17-03-2023 03:30,17,93,0.5
17-03-2023 03:45,17,92,0.5
17-03-2023 04:00,17.1,92,0.5
17-03-2023 04:15,17,91,0.5
17-03-2023 04:30,17,91,0.5
17-03-2023 04:45,17,91,0.5
17-03-2023 05:00,17.1,91,0.5
17-03-2023 05:30,17.1,91,0.5
17-03-2023 05:45,16.9,91,0.5
17-03-2023 06:00,16.9,91,0.5
17-03-2023 06:15,17,91,0.5
17-03-2023 06:30,16.9,91,0.5
17-03-2023 06:45,16.8,91,0.5
17-03-2023 07:00,16.5,91,0.5
17-03-2023 07:15,16.6,91,0.5
17-03-2023 07:30,17.2,91,0.5
17-03-2023 07:45,18,90,0.5
17-03-2023 08:00,18.6,89,0.5
17-03-2023 08:15,19.8,87,0.5
17-03-2023 08:30,21,84,0.5
17-03-2023 08:45,21.5,81,0
17-03-2023 09:00,22.7,79,0
17-03-2023 09:15,23.7,73,0
17-03-2023 09:30,23.9,71,0
17-03-2023 09:45,24.2,68,0
17-03-2023 10:00,24.4,67,0
17-03-2023 10:15,25.1,66,0
17-03-2023 10:30,25.2,65,0
17-03-2023 10:45,26.5,61,0
17-03-2023 11:00,26.1,61,0
17-03-2023 11:15,26.6,59,0
17-03-2023 11:30,26.8,60,0
17-03-2023 11:45,27.4,58,0
17-03-2023 12:00,28.3,58,0
17-03-2023 12:15,28.5,55,0
17-03-2023 12:30,29.4,52,0
17-03-2023 12:45,29,51,0
17-03-2023 13:00,29.5,50,0
17-03-2023 13:15,30.1,49,0
17-03-2023 13:30,30,46,0
17-03-2023 13:45,31.1,44,0
17-03-2023 14:00,31.5,41,0
17-03-2023 14:15,31.9,40,0
17-03-2023 14:30,30.9,40,0
17-03-2023 14:45,31.8,39,0
17-03-2023 15:00,32.6,36,0
17-03-2023 15:15,32.6,32,0
17-03-2023 15:30,31.6,32,0
17-03-2023 15:45,32.4,34,0
17-03-2023 16:00,32.8,31,0
17-03-2023 16:15,32.4,33,0
17-03-2023 16:30,31.7,33,0
17-03-2023 16:45,31.9,33,0
17-03-2023 17:00,31.8,33,0
17-03-2023 17:15,31.8,35,0
17-03-2023 17:30,30.4,37,0
17-03-2023 17:45,29.6,40,0
17-03-2023 18:00,29,42,0
17-03-2023 18:15,28.5,45,0
17-03-2023 18:30,28.1,47,0
17-03-2023 18:45,27.6,49,0
17-03-2023 19:00,27.2,51,0
17-03-2023 19:15,26.9,52,0
17-03-2023 19:30,26.4,55,0
17-03-2023 19:45,26.2,60,0
17-03-2023 20:00,26,65,0
17-03-2023 20:15,25.6,67,0
17-03-2023 20:30,25.4,69,0
17-03-2023 20:45,25.2,70,0
17-03-2023 21:00,24.9,69,0
17-03-2023 21:15,24.6,70,0
17-03-2023 21:30,24.4,70,0
17-03-2023 21:45,24.1,71,0
17-03-2023 22:00,24.1,71,0
17-03-2023 22:15,24,71,0
17-03-2023 22:30,24.1,72,0
17-03-2023 22:45,24,72,0
17-03-2023 23:00,23.8,73,0
17-03-2023 23:15,23.7,73,0
17-03-2023 23:30,23.5,74,0
17-03-2023 23:45,23.4,74,0
18-03-2023 00:00,23,75,0
18-03-2023 00:30,22.8,78,0
18-03-2023 00:45,22.8,77,0
18-03-2023 01:00,22.9,76,0
18-03-2023 01:15,23.1,71,0
18-03-2023 01:30,23,67,0
18-03-2023 01:45,22.6,64,0
18-03-2023 02:00,22.3,64,0
18-03-2023 02:15,21.9,66,0
18-03-2023 02:30,21.5,67,0
18-03-2023 02:45,21.5,66,0
18-03-2023 03:00,21.3,67,0
18-03-2023 03:15,21.1,67,0
18-03-2023 03:30,21.1,67,0
18-03-2023 03:45,20.9,68,0
18-03-2023 04:00,20.7,69,0
18-03-2023 04:15,20.7,68,0
18-03-2023 04:30,20.5,70,0
18-03-2023 04:45,19.6,72,0
18-03-2023 05:00,19.6,73,0
18-03-2023 05:15,19,74,0
18-03-2023 05:30,18.6,77,0
18-03-2023 05:45,18.3,76,0
18-03-2023 06:00,18.7,77,0
18-03-2023 06:15,18.3,78,0
18-03-2023 06:30,17.2,84,0
18-03-2023 06:45,17,87,0
18-03-2023 07:00,17.1,86,0
18-03-2023 07:15,17.4,84,0
18-03-2023 07:30,18.3,83,0
18-03-2023 07:45,19.8,75,0
18-03-2023 08:00,20.6,72,0
18-03-2023 08:30,22.2,68,0
18-03-2023 08:45,22.8,66,0
18-03-2023 09:00,24,63,0
18-03-2023 09:15,24.8,59,0
18-03-2023 09:30,25.6,57,0
18-03-2023 09:45,25.9,57,0
18-03-2023 10:00,26.6,56,0
18-03-2023 10:15,26.9,55,0
18-03-2023 10:30,27.6,54,0
18-03-2023 10:45,28.1,53,0
18-03-2023 11:00,28.3,52,0
18-03-2023 11:15,29.1,51,0
18-03-2023 11:30,29.3,50,0
18-03-2023 11:45,29.9,49,0
18-03-2023 12:00,30.1,47,0
18-03-2023 12:15,30.5,46,0
18-03-2023 12:30,30.9,44,0
18-03-2023 12:45,31.3,43,0
18-03-2023 13:00,31.5,41,0
18-03-2023 13:15,31.8,37,0
18-03-2023 13:30,32.6,32,0
18-03-2023 13:45,32.4,32,0
18-03-2023 14:00,33.2,33,0
18-03-2023 14:15,33,28,0
18-03-2023 14:30,31.8,34,0
18-03-2023 14:45,32.1,36,0
18-03-2023 15:00,31.8,34,0
18-03-2023 15:15,33.3,30,0
18-03-2023 15:30,33.1,30,0
18-03-2023 15:45,33.3,30,0
18-03-2023 16:00,31.8,35,0
18-03-2023 16:15,31.8,37,0
18-03-2023 16:30,30.7,38,0
18-03-2023 16:45,30.9,38,0
18-03-2023 17:00,32.3,30,0
18-03-2023 17:15,30.7,35,0
18-03-2023 17:30,30,38,0
18-03-2023 17:45,29.5,41,0
18-03-2023 18:00,29.2,40,0
18-03-2023 18:15,29.1,34,0
18-03-2023 18:30,28.5,43,0
18-03-2023 18:45,27.5,44,0
18-03-2023 19:00,26.8,45,0
18-03-2023 19:15,26.6,42,0
18-03-2023 19:30,26.1,43,0
18-03-2023 19:45,25.9,42,0
18-03-2023 20:00,25.6,44,0
18-03-2023 20:15,25.4,45,0
18-03-2023 20:30,24.8,46,0
18-03-2023 20:45,24.3,51,0
18-03-2023 21:00,23.9,57,0
18-03-2023 21:15,23.9,62,0
18-03-2023 21:30,22.6,64,0
18-03-2023 21:45,22.1,66,0
18-03-2023 22:00,22.5,71,0
18-03-2023 22:15,23.2,72,0
18-03-2023 22:30,23.4,73,0
18-03-2023 22:45,23.3,74,0
18-03-2023 23:00,23.1,74,0
18-03-2023 23:15,22.8,76,0
18-03-2023 23:30,22.9,77,0
18-03-2023 23:45,22.7,78,0
19-03-2023 00:00,22.6,79,0
19-03-2023 00:30,22,80,0
19-03-2023 00:45,21.6,81,0
19-03-2023 01:00,20.9,83,0
19-03-2023 01:15,20.2,86,0
19-03-2023 01:30,20.5,86,0
19-03-2023 01:45,20.5,87,0
19-03-2023 02:00,20.3,87,0
19-03-2023 02:15,20.1,88,0
19-03-2023 02:30,20,88,0
19-03-2023 02:45,19.4,89,0
19-03-2023 03:00,18.8,89,0
19-03-2023 03:15,18.4,90,0
19-03-2023 03:30,18.1,91,0
19-03-2023 03:45,17.4,91,0
19-03-2023 04:00,17.2,91,0
19-03-2023 04:15,17.2,92,0
19-03-2023 04:30,16.8,92,0
19-03-2023 04:45,16.9,92,0
19-03-2023 05:00,17.4,92,0
19-03-2023 05:15,16.8,92,0
19-03-2023 05:30,16.6,92,0
19-03-2023 05:45,16.4,92,0
19-03-2023 06:00,16.4,93,0
19-03-2023 06:15,15.8,93,0
19-03-2023 06:30,15.5,93,0
19-03-2023 06:45,15.5,93,0
19-03-2023 07:00,15.8,93,0
19-03-2023 07:15,15.9,93,0
19-03-2023 07:30,16.3,93,0
19-03-2023 07:45,17.5,92,0
19-03-2023 08:00,19.1,90,0
19-03-2023 08:15,21.1,86,0
19-03-2023 08:30,22.5,75,0
19-03-2023 09:15,24.5,67,0
19-03-2023 09:30,25.2,64,0
19-03-2023 09:45,26.3,59,0
19-03-2023 10:00,27,51,0
19-03-2023 10:15,27.4,47,0
19-03-2023 10:30,28.3,40,0
19-03-2023 10:45,29.1,37,0
19-03-2023 11:00,29.2,35,0
19-03-2023 11:15,29.4,34,0
19-03-2023 11:30,29.6,29,0
19-03-2023 11:45,30.2,22,0
19-03-2023 12:00,30.2,21,0
19-03-2023 12:15,30.3,22,0
19-03-2023 12:30,30.5,23,0
19-03-2023 12:45,30.8,23,0
19-03-2023 13:00,30.4,26,0
19-03-2023 13:15,31,27,0
19-03-2023 13:30,30.8,23,0
19-03-2023 13:45,31,24,0
19-03-2023 14:00,31.3,21,0
19-03-2023 14:15,31.4,23,0
19-03-2023 14:30,31.5,24,0
19-03-2023 15:15,31.6,26,0
19-03-2023 15:30,32,25,0
19-03-2023 15:45,31.7,25,0
19-03-2023 16:00,31.2,26,0
19-03-2023 16:15,31.3,26,0
19-03-2023 16:30,31.2,25,0
19-03-2023 16:45,31,27,0
19-03-2023 17:00,30.5,28,0
19-03-2023 17:15,30,30,0
19-03-2023 17:30,29.7,29,0
19-03-2023 17:45,29.1,30,0
19-03-2023 18:00,28.6,32,0
19-03-2023 18:15,28.1,35,0
19-03-2023 18:30,27.2,37,0
19-03-2023 18:45,26.5,39,0
19-03-2023 19:00,26,42,0
19-03-2023 19:15,25.6,44,0
19-03-2023 19:30,25.3,46,0
19-03-2023 19:45,25,47,0
19-03-2023 20:00,24.7,49,0
19-03-2023 20:15,24.3,53,0
19-03-2023 20:30,24,57,0
19-03-2023 20:45,23.7,60,0
19-03-2023 21:00,23.3,63,0
19-03-2023 21:15,23.1,66,0
19-03-2023 21:30,22.9,67,0
19-03-2023 21:45,22.6,68,0
19-03-2023 22:00,22.2,68,0
19-03-2023 22:15,22.2,69,0
19-03-2023 22:30,22.1,68,0
19-03-2023 22:45,21.6,70,0
19-03-2023 23:00,21.7,71,0
19-03-2023 23:30,21.4,72,0
19-03-2023 23:45,21.5,72,0
20-03-2023 00:00,21.3,73,0
20-03-2023 00:30,20.5,77,0
20-03-2023 00:45,20.1,81,0
20-03-2023 01:00,20.7,81,0
20-03-2023 01:15,20.7,79,0
20-03-2023 01:30,20.6,81,0
20-03-2023 01:45,20.4,83,0
20-03-2023 02:00,20.6,82,0
20-03-2023 02:15,20.5,82,0
20-03-2023 02:30,19.9,80,0
20-03-2023 02:45,19.4,84,0
20-03-2023 03:00,19.2,85,0
20-03-2023 03:15,19.7,81,0
20-03-2023 03:30,19,84,0
20-03-2023 03:45,19.2,84,0
20-03-2023 04:00,19,86,0
20-03-2023 04:15,18.6,86,0
20-03-2023 04:30,18.1,88,0
20-03-2023 04:45,17.9,88,0
20-03-2023 05:00,18.2,89,0
20-03-2023 05:15,17.8,88,0
20-03-2023 05:30,17.6,89,0
20-03-2023 05:45,17.6,90,0
20-03-2023 06:00,17.6,90,0
20-03-2023 06:15,16.7,90,0
20-03-2023 06:30,16,90,0
20-03-2023 06:45,15.9,91,0
20-03-2023 07:00,16.2,91,0
20-03-2023 07:15,17,92,0
20-03-2023 07:30,18,91,0
20-03-2023 07:45,19,89,0
20-03-2023 08:00,21,87,0
20-03-2023 08:15,22.1,77,0
20-03-2023 08:30,22.5,76,0
20-03-2023 08:45,23.5,71,0
20-03-2023 09:00,24.1,69,0
20-03-2023 09:15,25.1,65,0
20-03-2023 09:30,25,62,0
20-03-2023 09:45,26.1,55,0
20-03-2023 10:00,26.9,49,0
20-03-2023 10:15,27.5,38,0
20-03-2023 10:30,27.7,34,0
20-03-2023 10:45,28.4,32,0
20-03-2023 11:00,28.9,32,0
20-03-2023 11:15,29.1,30,0
20-03-2023 11:30,29.5,19,0
20-03-2023 11:45,29.4,22,0
20-03-2023 12:00,29.9,23,0
20-03-2023 12:15,29.9,23,0
20-03-2023 12:30,30.1,24,0
20-03-2023 12:45,30.4,24,0
20-03-2023 13:00,30.4,24,0
20-03-2023 13:15,30.6,22,0
20-03-2023 13:30,30.7,21,0
20-03-2023 13:45,30.7,21,0
20-03-2023 14:00,30.4,21,0
20-03-2023 14:15,31.2,21,0
20-03-2023 14:30,30.8,22,0
20-03-2023 14:45,31.3,22,0
20-03-2023 15:00,31.7,21,0
20-03-2023 15:15,30.9,22,0
20-03-2023 15:30,31.4,21,0
20-03-2023 15:45,31.6,21,0
20-03-2023 16:00,31.3,23,0
20-03-2023 16:15,31.7,25,0
20-03-2023 16:30,31.4,24,0
20-03-2023 16:45,31,24,0
20-03-2023 17:00,31.1,27,0
20-03-2023 17:15,30.3,29,0
20-03-2023 17:30,30.1,29,0
20-03-2023 17:45,29.6,31,0
20-03-2023 18:00,29.2,32,0
20-03-2023 18:15,28.2,40,0
20-03-2023 18:30,27.2,47,0
20-03-2023 18:45,26.9,47,0
20-03-2023 19:00,26.4,48,0
20-03-2023 19:15,26.1,48,0
20-03-2023 19:30,25.8,49,0
20-03-2023 19:45,25.5,50,0
20-03-2023 20:00,25.2,51,0
20-03-2023 20:15,24.9,52,0
20-03-2023 20:30,24.6,53,0
20-03-2023 20:45,24.3,53,0
20-03-2023 21:00,24,55,0
20-03-2023 21:15,23.7,56,0
20-03-2023 21:30,23.5,57,0
20-03-2023 21:45,23.2,58,0
20-03-2023 22:00,22.8,60,0
20-03-2023 22:15,22.6,62,0
20-03-2023 22:30,22.3,64,0
20-03-2023 22:45,21.8,64,0
20-03-2023 23:00,21.6,67,0
20-03-2023 23:15,22.1,66,0
20-03-2023 23:30,21.9,67,0
20-03-2023 23:45,21.9,67,0
21-03-2023 00:00,21.8,68,0
21-03-2023 00:15,21.7,69,0
21-03-2023 00:30,21.4,70,0
21-03-2023 00:45,20.9,72,0
21-03-2023 01:00,20.5,73,0
21-03-2023 01:15,20.1,74,0
21-03-2023 01:30,19.8,76,0
21-03-2023 01:45,19.7,77,0
21-03-2023 02:00,19.4,79,0
21-03-2023 02:15,18.9,77,0
21-03-2023 02:30,18.7,80,0
21-03-2023 02:45,18.1,82,0
21-03-2023 03:00,17.9,84,0
21-03-2023 03:15,17.9,84,0
21-03-2023 03:30,17.7,84,0
21-03-2023 03:45,17.8,83,0
21-03-2023 04:00,17.3,85,0
21-03-2023 04:15,16.7,87,0
21-03-2023 04:30,16.1,88,0
21-03-2023 04:45,16,88,0
21-03-2023 05:00,15.6,88,0
21-03-2023 05:15,15.3,89,0
21-03-2023 05:30,15.1,89,0
21-03-2023 05:45,15.2,89,0
21-03-2023 06:00,16.1,89,0
21-03-2023 06:15,16.6,87,0
21-03-2023 06:30,16.7,87,0
21-03-2023 06:45,16.6,87,0
21-03-2023 07:00,17,87,0
21-03-2023 07:15,17.6,86,0
21-03-2023 07:30,18.8,83,0
21-03-2023 08:15,21.5,73,0
21-03-2023 08:30,22.1,71,0
21-03-2023 08:45,22.6,71,0
21-03-2023 09:00,22.8,70,0
21-03-2023 09:15,22.9,70,0
21-03-2023 09:30,23.1,69,0
21-03-2023 09:45,23.1,69,0
21-03-2023 10:00,22.5,72,0
21-03-2023 10:15,20.6,86,0
21-03-2023 10:30,20.5,89,0.5
21-03-2023 10:45,21.9,87,1
21-03-2023 11:00,22.1,80,1
21-03-2023 11:15,22.8,78,1
21-03-2023 11:30,23.4,74,1
21-03-2023 11:45,23.9,73,1
21-03-2023 12:00,24.1,68,1
21-03-2023 12:15,24.7,65,1
21-03-2023 12:30,26,59,1
21-03-2023 12:45,26.1,55,1
21-03-2023 13:00,27.2,52,1
21-03-2023 13:15,28,50,1
21-03-2023 13:30,27.7,50,1
21-03-2023 13:45,28.2,49,1
21-03-2023 14:00,29,46,1
21-03-2023 14:15,28.6,46,1
21-03-2023 14:30,28.7,45,1
21-03-2023 14:45,29,43,1
21-03-2023 15:00,29.7,43,1
21-03-2023 15:15,29.5,46,1
21-03-2023 15:30,29.9,44,1
21-03-2023 15:45,29.3,44,1
21-03-2023 16:00,29.3,46,1
21-03-2023 16:15,29.2,45,1
21-03-2023 16:30,29.5,44,1
21-03-2023 16:45,28.9,44,1
21-03-2023 17:00,29.1,44,1
21-03-2023 17:15,28.9,45,1
21-03-2023 17:30,29,45,1
21-03-2023 17:45,28,47,1
21-03-2023 18:00,27.5,49,1
21-03-2023 18:15,27.1,52,1
21-03-2023 18:30,26.5,54,1
21-03-2023 18:45,25.7,58,1
21-03-2023 19:00,25.4,56,1
21-03-2023 19:30,24.7,60,1
21-03-2023 19:45,24.5,61,1
21-03-2023 20:00,24,63,1
21-03-2023 20:15,23.7,66,1
21-03-2023 20:30,23.6,67,1
21-03-2023 20:45,23.5,68,1
21-03-2023 21:00,23.2,69,1
21-03-2023 21:15,22.9,70,1
21-03-2023 21:30,22.1,72,1
21-03-2023 21:45,21.7,75,1
21-03-2023 22:00,22.1,75,1
21-03-2023 22:15,22.1,73,1
21-03-2023 22:30,21.4,75,1
21-03-2023 22:45,21.2,77,1
21-03-2023 23:00,20.9,80,1
21-03-2023 23:15,21.9,75,1
21-03-2023 23:30,21.8,74,1
21-03-2023 23:45,21.3,75,1
22-03-2023 00:00,20.5,79,1
22-03-2023 00:15,20.2,82,1
22-03-2023 00:30,19.5,86,1
22-03-2023 00:45,19.2,86,1
22-03-2023 01:00,19.6,87,1
22-03-2023 01:15,18.8,84,1
22-03-2023 01:30,18.5,88,1
22-03-2023 01:45,17.9,89,1
22-03-2023 02:00,17.6,90,1
22-03-2023 02:15,17.5,91,1
22-03-2023 02:30,17.2,91,1
22-03-2023 02:45,16.9,90,1
22-03-2023 03:00,16.9,91,1
22-03-2023 03:15,16.5,91,1
22-03-2023 03:30,16.8,92,1
22-03-2023 03:45,17.4,91,1
22-03-2023 04:00,17.2,91,1
22-03-2023 04:15,16.8,91,1
22-03-2023 04:30,17.2,92,1
22-03-2023 04:45,17.2,92,1
22-03-2023 05:00,17.1,92,1
22-03-2023 05:15,16.4,92,1
22-03-2023 05:30,15.8,92,1
22-03-2023 05:45,15.9,92,1
22-03-2023 06:00,15.6,92,1
22-03-2023 06:15,15.5,93,1
22-03-2023 06:30,15.4,93,1
22-03-2023 06:45,15.2,93,1
22-03-2023 07:00,15.5,93,1
22-03-2023 07:15,15.9,93,1
22-03-2023 07:30,16.7,93,1
22-03-2023 07:45,18.2,92,1
22-03-2023 08:00,19.8,89,1
22-03-2023 08:15,21,85,1
22-03-2023 08:30,21.7,82,1
22-03-2023 08:45,22.6,76,0
22-03-2023 09:00,23.4,73,0
22-03-2023 09:15,24.4,70,0
22-03-2023 09:30,24.6,68,0
22-03-2023 09:45,25.1,65,0
22-03-2023 10:00,25.9,63,0
22-03-2023 10:15,26.3,61,0
22-03-2023 10:30,26.9,59,0
22-03-2023 10:45,28,48,0
22-03-2023 11:00,28.7,42,0
22-03-2023 11:15,28.8,36,0
22-03-2023 11:30,29.6,33,0
22-03-2023 11:45,30.3,32,0
22-03-2023 12:00,30.4,28,0
22-03-2023 12:15,30.8,29,0
22-03-2023 12:30,30.6,33,0
22-03-2023 12:45,30.3,31,0
22-03-2023 13:00,30.6,36,0
22-03-2023 13:15,31.4,33,0
22-03-2023 13:30,31,31,0
22-03-2023 13:45,31,34,0
22-03-2023 14:00,30.8,34,0
22-03-2023 14:15,31.2,33,0
22-03-2023 14:30,31.3,35,0
22-03-2023 14:45,31.5,34,0
22-03-2023 15:00,31.2,34,0
22-03-2023 15:15,30.6,38,0
22-03-2023 15:30,31.6,36,0
22-03-2023 15:45,30.8,36,0
22-03-2023 16:00,31,34,0
22-03-2023 16:15,31.1,35,0
22-03-2023 16:30,31.6,34,0
22-03-2023 16:45,30.8,37,0
22-03-2023 17:00,30.8,37,0
22-03-2023 17:15,31.2,36,0
22-03-2023 17:30,30.2,38,0
22-03-2023 17:45,29.8,39,0
22-03-2023 18:00,29.2,41,0
22-03-2023 18:15,28.8,42,0
22-03-2023 18:30,28.1,45,0
22-03-2023 18:45,27.6,46,0
22-03-2023 19:00,27.1,49,0
22-03-2023 19:15,26.9,52,0
22-03-2023 19:30,26.2,54,0
22-03-2023 19:45,25.8,54,0
22-03-2023 20:00,25.4,54,0
22-03-2023 20:15,25.1,55,0
22-03-2023 20:30,24.6,56,0
22-03-2023 20:45,24.4,57,0
22-03-2023 21:00,24.2,57,0
22-03-2023 21:15,23.9,58,0
22-03-2023 21:30,23.4,60,0
22-03-2023 21:45,23,62,0
22-03-2023 22:00,23.1,65,0
22-03-2023 22:15,22.7,67,0
22-03-2023 22:30,22.6,69,0
22-03-2023 22:45,22.4,71,0
22-03-2023 23:00,21.8,72,0
22-03-2023 23:15,21.4,72,0
22-03-2023 23:30,21.5,73,0
22-03-2023 23:45,21.5,74,0
23-03-2023 00:00,21.2,75,0
23-03-2023 00:15,20.3,80,0
23-03-2023 00:30,19.9,80,0
23-03-2023 00:45,19.2,86,0
23-03-2023 01:00,18.4,87,0
23-03-2023 01:15,18.3,88,0
23-03-2023 01:30,17.4,87,0
23-03-2023 01:45,17.7,89,0
23-03-2023 02:00,17.4,89,0
23-03-2023 02:15,17.2,89,0
23-03-2023 02:30,17.2,90,0
23-03-2023 02:45,16.8,89,0
23-03-2023 03:00,17.2,89,0
23-03-2023 03:15,17.2,89,0
23-03-2023 03:30,17,89,0
23-03-2023 03:45,17.5,89,0
23-03-2023 04:00,17.5,89,0
23-03-2023 04:15,17.1,89,0
23-03-2023 04:30,16.5,89,0
23-03-2023 04:45,15.8,90,0
23-03-2023 05:00,15.6,91,0
23-03-2023 05:15,15.4,91,0
23-03-2023 05:30,16.1,91,0
23-03-2023 05:45,15.6,90,0
23-03-2023 06:00,15.2,91,0
23-03-2023 06:15,15.5,92,0
23-03-2023 06:30,15.5,91,0
23-03-2023 06:45,15.5,91,0
23-03-2023 07:00,16.3,92,0
23-03-2023 07:15,16.8,91,0
23-03-2023 07:30,18.3,90,0
23-03-2023 07:45,20,87,0
23-03-2023 08:00,21.7,80,0
23-03-2023 08:15,22.5,75,0
23-03-2023 08:30,23.6,74,0
23-03-2023 08:45,24.2,70,0
23-03-2023 09:00,24.4,68,0
23-03-2023 09:15,25.1,64,0
23-03-2023 09:30,25.5,60,0
23-03-2023 09:45,26.7,56,0
23-03-2023 10:00,26.8,53,0
23-03-2023 10:15,27.5,51,0
23-03-2023 10:30,27.9,48,0
23-03-2023 10:45,28.2,47,0
23-03-2023 11:00,29.1,42,0
23-03-2023 11:15,29.3,42,0
23-03-2023 11:30,29.7,41,0
23-03-2023 11:45,30.2,39,0
23-03-2023 12:00,30.7,35,0
23-03-2023 12:15,30.5,35,0
23-03-2023 12:30,30.4,35,0
23-03-2023 12:45,31.1,29,0
23-03-2023 13:00,30.8,31,0
23-03-2023 13:15,30.7,33,0
23-03-2023 13:30,31.6,34,0
23-03-2023 13:45,32.2,32,0
23-03-2023 14:00,31.4,32,0
23-03-2023 14:15,32.1,33,0
23-03-2023 14:30,31.7,31,0
23-03-2023 14:45,32.4,27,0
23-03-2023 15:00,32.6,27,0
23-03-2023 15:15,32.9,28,0
23-03-2023 15:30,33,30,0
23-03-2023 15:45,32.5,29,0
23-03-2023 16:00,32.7,28,0
23-03-2023 16:15,32.3,29,0
23-03-2023 16:30,32.5,28,0
23-03-2023 16:45,32.7,28,0
23-03-2023 17:00,32.4,29,0
23-03-2023 17:15,31.9,29,0
23-03-2023 17:30,31.4,31,0
23-03-2023 17:45,31.2,32,0
23-03-2023 18:15,30.1,37,0
23-03-2023 18:30,28.6,47,0
23-03-2023 18:45,27.2,55,0
23-03-2023 19:00,26.8,57,0
23-03-2023 19:15,26.4,59,0
23-03-2023 19:30,26.1,60,0
23-03-2023 19:45,25.8,61,0
23-03-2023 20:00,25.5,62,0
23-03-2023 20:15,25.2,62,0
23-03-2023 20:30,25,62,0
23-03-2023 20:45,24.8,62,0
23-03-2023 21:00,24.5,62,0
23-03-2023 21:15,24.2,62,0
23-03-2023 21:30,24.2,62,0
23-03-2023 21:45,24,62,0
23-03-2023 22:00,23.8,60,0
23-03-2023 22:15,23.5,60,0
23-03-2023 22:30,23.2,60,0
23-03-2023 22:45,22.9,59,0
23-03-2023 23:00,23,60,0
23-03-2023 23:15,23,60,0
23-03-2023 23:30,22.9,61,0
24-03-2023 00:15,21,68,0
24-03-2023 00:30,20.6,70,0
24-03-2023 00:45,20,72,0
24-03-2023 01:00,19.6,74,0
24-03-2023 01:15,18.8,74,0
24-03-2023 01:30,18.5,78,0
24-03-2023 01:45,18.3,78,0
24-03-2023 02:00,18.1,80,0
24-03-2023 02:15,17.7,83,0
24-03-2023 02:30,17.5,83,0
24-03-2023 02:45,17.2,85,0
24-03-2023 03:00,16.9,87,0
24-03-2023 03:15,16.5,88,0
24-03-2023 03:30,16.6,88,0
24-03-2023 03:45,16.5,87,0
24-03-2023 04:00,16.2,88,0
24-03-2023 04:15,16.1,89,0
24-03-2023 04:30,16,90,0
24-03-2023 04:45,15.6,89,0
24-03-2023 05:00,15.1,89,0
24-03-2023 05:15,15.2,90,0
24-03-2023 05:30,15.1,90,0
24-03-2023 05:45,15,90,0
24-03-2023 06:00,15,91,0
24-03-2023 06:15,14.8,91,0
24-03-2023 06:30,14.6,91,0
24-03-2023 06:45,14.5,91,0
24-03-2023 07:00,15,91,0
24-03-2023 07:15,16,90,0
24-03-2023 07:30,17.1,89,0
24-03-2023 07:45,19.1,86,0
24-03-2023 08:00,21.3,73,0
24-03-2023 08:15,21.6,71,0
24-03-2023 08:30,22.4,68,0
24-03-2023 08:45,23.3,64,0
24-03-2023 09:00,24.5,58,0
24-03-2023 09:15,25.7,53,0
24-03-2023 09:30,26.7,49,0
24-03-2023 09:45,28.1,44,0
24-03-2023 10:00,28.7,42,0
24-03-2023 10:15,29.5,38,0
24-03-2023 10:30,29.7,38,0
24-03-2023 10:45,30.2,35,0
24-03-2023 11:00,31,33,0
24-03-2023 11:15,30.8,34,0
24-03-2023 11:30,31.8,33,0
24-03-2023 11:45,31.6,30,0
24-03-2023 12:00,32.1,29,0
24-03-2023 12:15,32.7,28,0
24-03-2023 12:30,33.2,28,0
24-03-2023 12:45,32.3,26,0
24-03-2023 13:00,32.3,26,0
24-03-2023 13:15,32.9,26,0
24-03-2023 13:30,32.3,26,0
24-03-2023 13:45,33,27,0
24-03-2023 14:00,33.4,27,0
24-03-2023 14:15,33.1,27,0
24-03-2023 14:30,33.5,26,0
24-03-2023 14:45,33.5,25,0
24-03-2023 15:00,34,23,0
24-03-2023 15:15,34.2,23,0
24-03-2023 15:30,33.8,23,0
24-03-2023 15:45,33.7,23,0
24-03-2023 16:00,33.6,24,0
24-03-2023 16:15,33.5,23,0
24-03-2023 16:30,34,22,0
24-03-2023 16:45,33.7,22,0
24-03-2023 17:00,33.1,25,0
24-03-2023 17:30,32.3,29,0
24-03-2023 17:45,31.8,29,0
24-03-2023 18:00,31.2,31,0
24-03-2023 18:15,30.4,33,0
24-03-2023 18:30,29.8,34,0
24-03-2023 18:45,28.8,35,0
24-03-2023 19:00,28.1,35,0
24-03-2023 19:15,27.5,34,0
24-03-2023 19:30,27.1,34,0
24-03-2023 19:45,26.7,34,0
24-03-2023 20:00,26.4,35,0
24-03-2023 20:15,26.1,36,0
24-03-2023 20:30,25.8,38,0
24-03-2023 20:45,25.5,39,0
24-03-2023 21:00,25.2,40,0
24-03-2023 21:15,24.8,39,0
24-03-2023 21:30,24.8,34,0
24-03-2023 21:45,24.6,34,0
24-03-2023 22:00,24.2,36,0
24-03-2023 22:15,24.1,39,0
24-03-2023 22:30,23.7,44,0
24-03-2023 22:45,23.5,48,0
24-03-2023 23:00,23.3,51,0
24-03-2023 23:30,22.6,56,0
24-03-2023 23:45,22.3,59,0
25-03-2023 00:00,22,61,0
25-03-2023 00:30,21.3,66,0
25-03-2023 00:45,20.5,67,0
25-03-2023 01:00,19.9,67,0
25-03-2023 01:15,19.1,70,0
25-03-2023 01:30,19.2,71,0
25-03-2023 01:45,18.6,71,0
25-03-2023 02:00,18.1,74,0
25-03-2023 02:15,17.8,75,0
25-03-2023 02:30,17.7,78,0
25-03-2023 02:45,18.6,80,0
25-03-2023 03:00,18.9,76,0
25-03-2023 03:15,18.7,77,0
25-03-2023 03:30,18.2,78,0
25-03-2023 03:45,17.5,84,0
25-03-2023 04:00,17.2,86,0
25-03-2023 04:15,16.9,87,0
25-03-2023 04:30,16.7,86,0
25-03-2023 04:45,16.1,87,0
25-03-2023 05:00,16,88,0
25-03-2023 05:15,15.9,89,0
25-03-2023 05:30,15.7,89,0
25-03-2023 05:45,15.5,89,0
25-03-2023 06:00,15.4,90,0
25-03-2023 06:30,15.1,91,0
25-03-2023 06:45,15.1,91,0
25-03-2023 07:00,15.4,91,0
25-03-2023 07:15,16.3,91,0
25-03-2023 07:30,17.9,89,0
25-03-2023 07:45,19.1,86,0
25-03-2023 08:00,20.6,81,0
25-03-2023 08:15,21.8,76,0
25-03-2023 08:30,22.8,74,0
25-03-2023 08:45,23.9,69,0
25-03-2023 09:00,24.6,65,0
25-03-2023 09:15,25.4,56,0
25-03-2023 09:30,26.1,55,0
25-03-2023 09:45,26.5,52,0
25-03-2023 10:00,26.9,45,0
25-03-2023 10:15,28.1,41,0
25-03-2023 10:30,29.1,37,0
25-03-2023 10:45,29.6,37,0
25-03-2023 11:00,29.9,31,0
25-03-2023 11:15,30.8,29,0
25-03-2023 11:30,31.2,21,0
25-03-2023 11:45,31.4,19,0
25-03-2023 12:00,31.9,17,0
25-03-2023 12:30,32.1,17,0
25-03-2023 12:45,32.1,17,0
25-03-2023 13:00,32.3,17,0
25-03-2023 13:15,32.7,17,0
25-03-2023 13:30,32.8,17,0
25-03-2023 13:45,32.5,17,0
25-03-2023 14:00,32.8,18,0
25-03-2023 14:15,32.9,18,0
25-03-2023 14:30,33.5,20,0
25-03-2023 14:45,33.1,21,0
25-03-2023 15:00,33.3,21,0
25-03-2023 15:15,33.1,21,0
25-03-2023 15:30,33.5,21,0
25-03-2023 15:45,33.3,22,0
25-03-2023 16:00,33.3,22,0
25-03-2023 16:15,33.4,22,0
25-03-2023 16:30,32.8,23,0
25-03-2023 16:45,32.8,23,0
25-03-2023 17:00,32.6,23,0
25-03-2023 17:15,32.2,24,0
25-03-2023 17:30,32,24,0
25-03-2023 17:45,31.6,22,0
25-03-2023 18:00,31.4,25,0
25-03-2023 18:15,30.7,26,0
25-03-2023 18:30,29.8,27,0
25-03-2023 18:45,28.9,29,0
25-03-2023 19:00,28.2,33,0
25-03-2023 19:15,27.6,40,0
25-03-2023 19:30,27.1,44,0
25-03-2023 19:45,26.7,45,0
25-03-2023 20:00,26.3,48,0
25-03-2023 20:15,25.9,50,0
25-03-2023 20:30,25.6,51,0
25-03-2023 20:45,25.3,53,0
25-03-2023 21:00,24.8,54,0
25-03-2023 21:15,24.6,55,0
25-03-2023 21:30,24.3,56,0
25-03-2023 21:45,24,57,0
25-03-2023 22:00,23.7,57,0
25-03-2023 22:15,22.8,60,0
25-03-2023 22:30,22.6,61,0
25-03-2023 22:45,22.3,62,0
25-03-2023 23:00,21.3,65,0
25-03-2023 23:15,20.6,65,0
25-03-2023 23:30,20.4,67,0
25-03-2023 23:45,19.9,71,0
26-03-2023 00:00,19.1,71,0
26-03-2023 00:30,18.2,76,0
26-03-2023 00:45,17.9,78,0
26-03-2023 01:00,17.6,79,0
26-03-2023 01:15,17.6,79,0
26-03-2023 01:30,17.1,77,0
26-03-2023 01:45,16.7,84,0
26-03-2023 02:00,16.4,86,0
26-03-2023 02:15,16.4,87,0
26-03-2023 02:30,16.4,84,0
26-03-2023 02:45,16.1,88,0
26-03-2023 03:00,15.6,87,0
26-03-2023 03:15,15.5,87,0
26-03-2023 03:30,16.2,89,0
26-03-2023 03:45,16.3,88,0
26-03-2023 04:00,16.5,88,0
26-03-2023 04:15,16.4,86,0
26-03-2023 04:30,16,88,0
26-03-2023 04:45,15.6,88,0
26-03-2023 05:00,15.9,88,0
26-03-2023 05:15,15.7,88,0
26-03-2023 05:30,15.6,89,0
26-03-2023 05:45,15.9,89,0
26-03-2023 06:00,16.1,88,0
26-03-2023 06:15,16,88,0
26-03-2023 06:30,15.5,89,0
26-03-2023 06:45,15.3,89,0
26-03-2023 07:00,15.4,90,0
26-03-2023 07:15,15.7,89,0
26-03-2023 07:30,16.9,87,0
26-03-2023 07:45,18.6,81,0
26-03-2023 08:00,20.1,75,0
26-03-2023 08:15,21,70,0
26-03-2023 08:30,21.9,66,0
26-03-2023 08:45,22.4,64,0
26-03-2023 09:00,23.5,61,0
26-03-2023 09:15,25.2,57,0
26-03-2023 09:30,25.9,51,0
26-03-2023 09:45,27,47,0
26-03-2023 10:00,27.6,43,0
26-03-2023 10:15,28,32,0
26-03-2023 10:30,28.5,30,0
26-03-2023 10:45,29.3,27,0
26-03-2023 11:00,30.3,26,0
26-03-2023 11:15,30.4,29,0
26-03-2023 11:30,30.4,26,0
26-03-2023 11:45,31.3,24,0
26-03-2023 12:00,32,16,0
26-03-2023 12:15,32.1,17,0
26-03-2023 12:30,32.7,17,0
26-03-2023 12:45,33.1,16,0
26-03-2023 13:00,33.4,16,0
26-03-2023 13:15,33.3,16,0
26-03-2023 13:30,33.9,18,0
26-03-2023 13:45,33.7,21,0
26-03-2023 14:00,33.8,17,0
26-03-2023 14:15,34,14,0
26-03-2023 14:30,34.3,13,0
26-03-2023 14:45,35,15,0
26-03-2023 15:00,34.1,20,0
26-03-2023 15:30,33.7,21,0
26-03-2023 15:45,33.5,21,0
26-03-2023 16:00,33.4,20,0
26-03-2023 16:15,34.1,20,0
26-03-2023 16:30,33.6,20,0
26-03-2023 16:45,32.9,22,0
26-03-2023 17:00,33.3,22,0
26-03-2023 17:15,32.7,21,0
26-03-2023 17:30,32.4,22,0
26-03-2023 17:45,32,23,0
26-03-2023 18:00,31.2,24,0
26-03-2023 18:15,30.4,26,0
26-03-2023 18:30,29.4,28,0
26-03-2023 18:45,28.6,32,0
26-03-2023 19:00,27.9,42,0
26-03-2023 19:15,27.3,50,0
26-03-2023 19:30,26.8,54,0
26-03-2023 19:45,26.3,55,0
26-03-2023 20:00,26,56,0
26-03-2023 20:15,25.7,57,0
26-03-2023 20:30,25.2,59,0
26-03-2023 20:45,24.9,60,0
26-03-2023 21:00,24.5,61,0
26-03-2023 21:15,24.1,63,0
26-03-2023 21:30,23.9,64,0
26-03-2023 21:45,23.4,65,0
26-03-2023 22:00,22.7,66,0
26-03-2023 22:15,22.8,68,0
26-03-2023 22:30,22.9,67,0
26-03-2023 22:45,22.6,67,0
26-03-2023 23:00,22.2,69,0
26-03-2023 23:15,22.1,69,0
26-03-2023 23:30,21.8,70,0
26-03-2023 23:45,21.4,71,0
27-03-2023 00:00,20.7,72,0
27-03-2023 00:15,20.7,74,0
27-03-2023 00:30,20.6,74,0
27-03-2023 00:45,20.3,75,0
27-03-2023 01:00,19.9,75,0
27-03-2023 01:15,18.6,84,0
27-03-2023 01:30,18.7,83,0
27-03-2023 01:45,17.8,86,0
27-03-2023 02:00,17.2,87,0
27-03-2023 02:15,16.9,89,0
27-03-2023 02:30,16.6,89,0
27-03-2023 02:45,16.3,89,0
27-03-2023 03:00,16,88,0
27-03-2023 03:15,16.1,90,0
27-03-2023 03:30,15.7,89,0
27-03-2023 03:45,15.3,90,0
27-03-2023 04:00,15,90,0
27-03-2023 04:15,14.8,91,0
27-03-2023 04:30,15,92,0
27-03-2023 04:45,14.8,92,0
27-03-2023 05:00,14.3,92,0
27-03-2023 05:15,14.5,93,0
27-03-2023 05:30,14,92,0
27-03-2023 05:45,13.9,92,0
27-03-2023 06:00,14.4,93,0
27-03-2023 06:15,14.4,93,0
27-03-2023 06:30,14.1,92,0
27-03-2023 06:45,14.5,93,0
27-03-2023 07:00,14.2,92,0
27-03-2023 07:15,14.6,92,0
27-03-2023 07:30,15.8,91,0
27-03-2023 07:45,17.6,89,0
27-03-2023 08:00,19.2,81,0
27-03-2023 08:15,20.8,74,0
27-03-2023 08:30,21.3,70,0
27-03-2023 08:45,22.2,69,0
27-03-2023 09:00,23.6,63,0
27-03-2023 09:15,24.3,59,0
27-03-2023 09:30,26.1,53,0
27-03-2023 09:45,26.3,47,0
27-03-2023 10:00,27.6,45,0
27-03-2023 10:15,28.2,41,0
27-03-2023 10:30,28.9,37,0
27-03-2023 10:45,29.9,34,0
27-03-2023 11:00,30.6,31,0
27-03-2023 11:15,31.4,26,0
27-03-2023 11:30,31.3,25,0
27-03-2023 11:45,31.8,24,0
27-03-2023 12:00,32.1,23,0
27-03-2023 12:15,32.1,16,0
27-03-2023 12:30,32.2,18,0
27-03-2023 12:45,32.8,20,0
27-03-2023 13:00,33.1,19,0
27-03-2023 13:15,33.7,16,0
27-03-2023 13:30,34.1,19,0
27-03-2023 13:45,33.8,16,0
27-03-2023 14:00,33.8,19,0
27-03-2023 14:15,34.2,20,0
27-03-2023 14:30,34.7,14,0
27-03-2023 14:45,34.2,16,0
27-03-2023 15:00,34.9,18,0
27-03-2023 15:15,34.5,20,0
27-03-2023 15:30,34.8,18,0
27-03-2023 15:45,34.7,18,0
27-03-2023 16:00,34.3,15,0
27-03-2023 16:15,34.7,16,0
27-03-2023 16:30,34.3,17,0
27-03-2023 16:45,34.2,16,0
27-03-2023 17:00,33.9,17,0
27-03-2023 17:15,33.5,17,0
27-03-2023 17:30,33,19,0
27-03-2023 17:45,32.2,20,0
27-03-2023 18:00,31.7,23,0
27-03-2023 18:15,31.3,22,0
27-03-2023 18:30,30.7,22,0
27-03-2023 18:45,29.7,24,0
27-03-2023 19:00,29.1,26,0
27-03-2023 19:15,29,32,0
27-03-2023 19:30,28.6,35,0
27-03-2023 19:45,28.1,38,0
27-03-2023 20:00,27.5,51,0
27-03-2023 20:15,27,56,0
27-03-2023 20:30,26.4,60,0
27-03-2023 20:45,25.9,63,0
27-03-2023 21:00,25.5,64,0
27-03-2023 21:15,25.3,64,0
27-03-2023 21:30,24.9,65,0
27-03-2023 21:45,24.4,67,0
27-03-2023 22:00,24.1,68,0
27-03-2023 22:15,23.8,69,0
27-03-2023 22:30,23.6,70,0
27-03-2023 22:45,23.4,70,0
27-03-2023 23:00,23.3,71,0
27-03-2023 23:15,23.2,70,0
27-03-2023 23:30,23,71,0
27-03-2023 23:45,22.6,71,0
28-03-2023 00:00,22.3,71,0
28-03-2023 00:15,21.9,72,0
28-03-2023 00:30,21.4,71,0
28-03-2023 00:45,20.3,75,0
28-03-2023 01:00,19.5,80,0
28-03-2023 01:15,19.1,86,0
28-03-2023 01:30,18.5,87,0
28-03-2023 01:45,18.3,88,0
28-03-2023 02:00,17.8,87,0
28-03-2023 02:15,17.2,87,0
28-03-2023 02:30,17.5,88,0
28-03-2023 02:45,17.4,88,0
28-03-2023 03:00,17.4,89,0
28-03-2023 03:15,16.9,89,0
28-03-2023 03:30,16.7,89,0
28-03-2023 03:45,16.4,89,0
28-03-2023 04:00,16,90,0
28-03-2023 04:15,15.7,90,0
28-03-2023 04:30,15.5,90,0
28-03-2023 04:45,15.5,91,0
28-03-2023 05:00,15.2,90,0
28-03-2023 05:15,15,91,0
28-03-2023 05:30,14.9,91,0
28-03-2023 05:45,14.8,91,0
28-03-2023 06:00,14.6,91,0
28-03-2023 06:15,14.4,92,0
28-03-2023 06:30,14.6,92,0
28-03-2023 06:45,14.4,92,0
28-03-2023 07:00,14.8,92,0
28-03-2023 07:15,15.3,91,0
28-03-2023 07:30,16.9,89,0
28-03-2023 07:45,18.3,86,0
28-03-2023 08:00,20.7,76,0
28-03-2023 08:15,22.2,70,0
28-03-2023 08:30,23,67,0
28-03-2023 08:45,23.7,67,0
28-03-2023 09:00,24.8,63,0
28-03-2023 09:15,25.9,61,0
28-03-2023 09:30,27,56,0
28-03-2023 09:45,27.7,53,0
28-03-2023 10:00,28.7,51,0
28-03-2023 10:15,29.2,48,0
28-03-2023 10:30,29,45,0
28-03-2023 10:45,30,39,0
28-03-2023 11:00,30.8,31,0
28-03-2023 11:15,31.2,19,0
28-03-2023 11:30,31.3,25,0
28-03-2023 11:45,31.6,23,0
28-03-2023 12:00,32.4,22,0
28-03-2023 12:15,32.5,21,0
28-03-2023 12:30,33.2,21,0
28-03-2023 12:45,33.2,20,0
28-03-2023 13:00,33.2,20,0
28-03-2023 13:15,33.5,21,0
28-03-2023 13:30,33.5,21,0
28-03-2023 13:45,33.4,21,0
28-03-2023 14:00,33.6,22,0
28-03-2023 14:15,34.1,21,0
28-03-2023 14:30,34.2,21,0
28-03-2023 14:45,35.2,22,0
28-03-2023 15:00,35,22,0
28-03-2023 15:15,34.9,22,0
28-03-2023 15:30,35,22,0
28-03-2023 15:45,35.4,21,0
28-03-2023 16:00,35,21,0
28-03-2023 16:15,35.4,21,0
28-03-2023 16:30,34.9,20,0
28-03-2023 16:45,34.4,20,0
28-03-2023 17:00,34.6,20,0
28-03-2023 17:15,34.9,20,0
28-03-2023 17:30,33.9,21,0
28-03-2023 17:45,33.4,22,0
28-03-2023 18:00,32.8,23,0
28-03-2023 18:15,32.4,24,0
28-03-2023 18:30,31.8,25,0
28-03-2023 18:45,30.9,27,0
28-03-2023 19:00,30.5,29,0
28-03-2023 19:15,29.6,31,0
28-03-2023 19:30,28.9,36,0
28-03-2023 19:45,28.4,47,0
28-03-2023 20:00,27.7,54,0
28-03-2023 20:15,27.3,58,0
28-03-2023 20:30,27,60,0
28-03-2023 20:45,26.6,61,0
28-03-2023 21:00,26.2,62,0
28-03-2023 21:30,25.6,63,0
28-03-2023 21:45,25.3,64,0
28-03-2023 22:00,24.9,65,0
28-03-2023 22:15,24.3,66,0
28-03-2023 22:30,23.9,68,0
28-03-2023 22:45,23.6,69,0
28-03-2023 23:00,22.9,71,0
28-03-2023 23:15,22.7,71,0
28-03-2023 23:30,22.1,70,0
28-03-2023 23:45,22,74,0
29-03-2023 00:00,21.6,74,0
29-03-2023 00:15,21,75,0
29-03-2023 00:30,20.5,82,0
29-03-2023 00:45,20.3,83,0
29-03-2023 01:00,20.2,87,0
29-03-2023 01:15,19.8,85,0
29-03-2023 01:30,19.7,87,0
29-03-2023 01:45,19.5,86,0
29-03-2023 02:00,19.4,86,0
29-03-2023 02:15,19.8,86,0
29-03-2023 02:30,20.1,85,0
29-03-2023 02:45,19.9,84,0
29-03-2023 03:00,19.7,86,0
29-03-2023 03:15,19.8,87,0
29-03-2023 03:30,19.9,87,0
29-03-2023 03:45,19.7,87,0
29-03-2023 04:00,19.1,88,0
29-03-2023 04:15,18.3,88,0
29-03-2023 04:30,18.2,89,0
29-03-2023 04:45,17.9,89,0
29-03-2023 05:00,17.6,90,0
29-03-2023 05:15,17.4,90,0
29-03-2023 05:30,18.1,90,0
29-03-2023 05:45,18.1,89,0
29-03-2023 06:00,17.8,90,0
29-03-2023 06:15,17.9,89,0
29-03-2023 06:30,17.8,89,0
29-03-2023 06:45,17.7,89,0
29-03-2023 07:00,17.8,88,0
29-03-2023 07:15,18.5,87,0
29-03-2023 07:30,19.1,86,0
29-03-2023 07:45,19.7,84,0
29-03-2023 08:00,20.5,79,0
29-03-2023 08:15,21.9,72,0
29-03-2023 08:30,23.2,67,0
29-03-2023 08:45,24.7,64,0
29-03-2023 09:00,26,59,0
29-03-2023 09:15,26.9,57,0
29-03-2023 09:30,27.6,55,0
29-03-2023 09:45,29.1,52,0
29-03-2023 10:00,30,37,0
29-03-2023 10:15,31,36,0
29-03-2023 10:30,32.1,24,0
29-03-2023 10:45,32.2,22,0
29-03-2023 11:00,32.6,22,0
29-03-2023 11:30,33.5,15,0
29-03-2023 11:45,33.3,16,0
29-03-2023 12:00,33.9,18,0
29-03-2023 12:15,34.1,19,0
29-03-2023 12:30,33.9,18,0
29-03-2023 12:45,34.1,23,0
29-03-2023 13:00,34.9,24,0
29-03-2023 13:15,33.9,22,0
29-03-2023 13:30,34.5,23,0
29-03-2023 13:45,34.2,22,0
29-03-2023 14:00,34.7,23,0
29-03-2023 14:15,34.7,21,0
29-03-2023 14:30,34.7,21,0
29-03-2023 14:45,34.5,22,0
29-03-2023 15:00,34.6,21,0
29-03-2023 15:15,34.7,19,0
29-03-2023 15:30,34.7,19,0
29-03-2023 15:45,34.3,21,0
29-03-2023 16:00,34.4,23,0
29-03-2023 16:15,34.4,22,0
29-03-2023 16:30,34.7,23,0
29-03-2023 16:45,33.9,24,0
29-03-2023 17:00,34,28,0
29-03-2023 17:15,33.5,29,0
29-03-2023 17:30,33.1,29,0
29-03-2023 17:45,32.7,33,0
29-03-2023 18:00,31.8,39,0
29-03-2023 18:15,31.1,42,0
29-03-2023 18:30,30.3,45,0
29-03-2023 18:45,29.6,47,0
29-03-2023 19:00,29.2,50,0
29-03-2023 19:15,28.8,51,0
29-03-2023 19:30,28.1,50,0
29-03-2023 19:45,27.6,52,0
29-03-2023 20:00,27.3,54,0
29-03-2023 20:15,27,54,0
29-03-2023 20:30,26.5,55,0
29-03-2023 20:45,26.2,54,0
29-03-2023 21:00,25.9,54,0
29-03-2023 21:15,25.2,58,0
29-03-2023 21:30,24.9,60,0
29-03-2023 21:45,24.4,62,0
29-03-2023 22:00,24.1,65,0
29-03-2023 22:15,23.6,66,0
29-03-2023 22:30,23.5,68,0
29-03-2023 22:45,23.1,69,0
29-03-2023 23:00,22.7,70,0
29-03-2023 23:15,22.5,71,0
29-03-2023 23:30,21.6,73,0
29-03-2023 23:45,21.4,73,0
30-03-2023 00:00,21,75,0
30-03-2023 00:15,20.4,74,0
30-03-2023 00:30,19,80,0
30-03-2023 00:45,18.5,83,0
30-03-2023 01:00,18.4,87,0
30-03-2023 01:15,17.9,88,0
30-03-2023 01:30,17.3,88,0
30-03-2023 01:45,17.2,89,0
30-03-2023 02:00,16.5,89,0
30-03-2023 02:15,16.7,89,0
30-03-2023 02:30,16.3,89,0
30-03-2023 02:45,16,90,0
30-03-2023 03:00,15.8,90,0
30-03-2023 03:15,16.5,91,0
30-03-2023 03:30,16.9,89,0
30-03-2023 03:45,16.7,89,0
30-03-2023 04:00,16.8,88,0
30-03-2023 04:15,16.1,89,0
30-03-2023 04:30,16.3,90,0
30-03-2023 04:45,16.4,90,0
30-03-2023 05:00,16.3,89,0
30-03-2023 05:15,16.4,89,0
30-03-2023 05:30,16.3,89,0
30-03-2023 05:45,15.7,89,0
30-03-2023 06:00,16.1,89,0
30-03-2023 06:15,16.1,88,0
30-03-2023 06:30,16.1,88,0
30-03-2023 06:45,15.1,89,0
30-03-2023 07:00,15.1,90,0
30-03-2023 07:15,15.7,90,0
30-03-2023 07:30,17.9,88,0
30-03-2023 07:45,19.8,86,0
30-03-2023 08:00,21,81,0
30-03-2023 08:15,21.6,79,0
30-03-2023 08:30,22.3,75,0
30-03-2023 08:45,23.1,72,0
30-03-2023 09:00,23.9,70,0
30-03-2023 09:15,24.7,66,0
30-03-2023 09:30,25.7,63,0
30-03-2023 09:45,26.2,54,0
30-03-2023 10:00,27,52,0
30-03-2023 10:15,27.3,52,0
30-03-2023 10:30,28,51,0
30-03-2023 10:45,28.6,50,0
30-03-2023 11:00,29.2,46,0
30-03-2023 11:15,29.9,44,0
30-03-2023 11:30,29.7,45,0
30-03-2023 11:45,30,42,0
30-03-2023 12:00,30.3,41,0
30-03-2023 12:15,30.8,40,0
30-03-2023 12:30,30.4,42,0
30-03-2023 12:45,30.7,41,0
30-03-2023 13:00,30.6,39,0
30-03-2023 13:15,30.7,39,0
30-03-2023 13:30,31.4,38,0
30-03-2023 13:45,31.5,39,0
30-03-2023 14:00,31.3,39,0
30-03-2023 14:15,31.7,39,0
30-03-2023 14:30,32.4,37,0
30-03-2023 15:15,33,38,0
30-03-2023 15:30,32.5,36,0
30-03-2023 15:45,32.5,38,0
30-03-2023 16:00,32.5,40,0
30-03-2023 16:15,32.6,40,0
30-03-2023 16:30,32.1,41,0
30-03-2023 16:45,32,41,0
30-03-2023 17:00,31.7,41,0
30-03-2023 17:15,31.7,42,0
30-03-2023 17:30,31.1,43,0
30-03-2023 17:45,30.7,44,0
30-03-2023 18:00,30.3,45,0
30-03-2023 18:15,29.9,43,0
30-03-2023 18:30,29.3,41,0
30-03-2023 18:45,28.5,45,0
30-03-2023 19:00,28,49,0
30-03-2023 19:15,27.6,51,0
30-03-2023 19:30,27.1,53,0
30-03-2023 19:45,26.7,56,0
30-03-2023 20:00,26.2,58,0
30-03-2023 20:15,25.8,61,0
30-03-2023 20:30,25.4,62,0
30-03-2023 20:45,24.8,65,0
30-03-2023 21:00,24.7,65,0
30-03-2023 21:15,24.6,66,0
30-03-2023 21:30,24.5,67,0
30-03-2023 21:45,24.3,67,0
30-03-2023 22:00,24.4,67,0
30-03-2023 22:15,24.2,68,0
30-03-2023 22:30,23.9,69,0
30-03-2023 22:45,23.3,70,0
30-03-2023 23:00,22.7,72,0
30-03-2023 23:15,22.1,74,0
30-03-2023 23:30,21.8,75,0
30-03-2023 23:45,21.9,74,0
31-03-2023 00:00,21.2,75,0
31-03-2023 00:30,21.9,74,0
31-03-2023 00:45,21.8,78,0
31-03-2023 01:00,21.6,78,0
31-03-2023 01:15,21,79,0
31-03-2023 01:30,20.8,80,0
31-03-2023 01:45,20.7,82,0
31-03-2023 02:00,20.5,81,0
31-03-2023 02:15,20.5,81,0
31-03-2023 02:30,20.8,83,0
31-03-2023 02:45,20.9,86,0
31-03-2023 03:00,20.9,84,0
31-03-2023 03:15,21.1,83,0
31-03-2023 03:30,21,83,0
31-03-2023 03:45,21.1,82,0
31-03-2023 04:00,21.1,83,0
31-03-2023 04:15,21.2,82,0
31-03-2023 04:30,21.3,81,0
31-03-2023 04:45,21.4,79,0
31-03-2023 05:00,21.3,78,0
31-03-2023 05:15,21.6,76,0
31-03-2023 05:30,21.8,74,0
31-03-2023 05:45,21.7,75,0
31-03-2023 06:00,21.7,75,0
31-03-2023 06:15,21.6,76,0
31-03-2023 06:30,21.6,78,0
31-03-2023 06:45,21.6,79,0
31-03-2023 07:00,21.6,79,0
31-03-2023 07:15,21.5,80,0
31-03-2023 07:30,21.5,79,0
31-03-2023 07:45,22.5,75,0
31-03-2023 08:00,23.2,71,0
31-03-2023 08:15,24.1,67,0
31-03-2023 08:30,24.5,66,0
31-03-2023 08:45,25,67,0
31-03-2023 09:00,25.5,67,0
31-03-2023 09:15,26,64,0
31-03-2023 09:30,26.5,60,0
31-03-2023 09:45,27.1,60,0
31-03-2023 10:00,27.6,57,0
31-03-2023 10:15,28,55,0
31-03-2023 10:30,28.5,53,0
31-03-2023 10:45,28.7,51,0
31-03-2023 11:00,29.4,51,0
31-03-2023 11:15,29,51,0
31-03-2023 11:30,29.9,49,0
31-03-2023 11:45,29.6,48,0
31-03-2023 12:00,30.2,47,0
31-03-2023 12:30,29.7,47,0
31-03-2023 12:45,30.5,48,0
31-03-2023 13:00,30.6,47,0
31-03-2023 13:15,31.5,46,0
31-03-2023 13:30,31.2,45,0
31-03-2023 13:45,31.5,44,0
31-03-2023 14:00,31.9,43,0
31-03-2023 14:15,32,44,0
31-03-2023 14:30,31.7,44,0
31-03-2023 14:45,32,42,0
31-03-2023 15:00,31.6,44,0
31-03-2023 15:15,31.5,45,0
31-03-2023 15:30,31.9,44,0
31-03-2023 15:45,31.7,44,0
31-03-2023 16:00,31.9,43,0
31-03-2023 16:15,32.1,41,0
31-03-2023 16:30,31.8,44,0
31-03-2023 16:45,31.3,44,0
31-03-2023 17:00,31.1,44,0
31-03-2023 17:15,31.2,44,0
31-03-2023 17:30,30.5,47,0
31-03-2023 17:45,30.2,48,0
31-03-2023 18:00,29.6,50,0
31-03-2023 18:15,29.1,51,0
31-03-2023 18:30,28.2,53,0
31-03-2023 18:45,27.6,54,0
31-03-2023 19:00,27.3,54,0
31-03-2023 19:15,27,54,0
31-03-2023 19:30,26.7,52,0
31-03-2023 19:45,26.6,46,0
31-03-2023 20:00,26.3,43,0
31-03-2023 20:15,26.1,43,0
31-03-2023 20:30,25.8,45,0
31-03-2023 20:45,25.4,48,0
31-03-2023 21:00,25,50,0
31-03-2023 21:15,24.7,56,0
31-03-2023 21:30,24.5,59,0
31-03-2023 21:45,24.4,59,0
31-03-2023 22:00,24.2,59,0
31-03-2023 22:15,24.1,59,0
31-03-2023 22:30,23.9,59,0
31-03-2023 22:45,23.7,60,0
31-03-2023 23:00,23.3,61,0
31-03-2023 23:15,23.3,63,0
31-03-2023 23:30,23.1,63,0
31-03-2023 23:45,22.7,66,0
01-04-2023 00:00,22.3,67,0
01-04-2023 00:30,20.6,72,0
01-04-2023 00:45,19.9,74,0
01-04-2023 01:00,19.5,78,0
01-04-2023 01:15,19.3,78,0
01-04-2023 01:30,19,77,0
01-04-2023 01:45,18.7,79,0
01-04-2023 02:00,18.5,82,0
01-04-2023 02:15,18,80,0
01-04-2023 02:30,18,86,0
01-04-2023 02:45,17.8,87,0
01-04-2023 03:00,17.3,86,0
01-04-2023 03:15,17.2,88,0
01-04-2023 03:30,16.8,88,0
01-04-2023 03:45,16.4,89,0
01-04-2023 04:00,16.4,90,0
01-04-2023 04:15,16.2,90,0
01-04-2023 04:30,16.1,90,0
01-04-2023 04:45,16.4,91,0
01-04-2023 05:00,16.1,90,0
01-04-2023 05:15,16,90,0
01-04-2023 05:30,15.9,90,0
01-04-2023 05:45,16.2,91,0
01-04-2023 06:00,16.5,89,0
01-04-2023 06:15,15.9,88,0
01-04-2023 06:30,15,89,0
01-04-2023 06:45,15.3,91,0
01-04-2023 07:00,16.1,90,0
01-04-2023 07:15,17.1,87,0
01-04-2023 07:30,18,86,0
01-04-2023 07:45,18.8,81,0
01-04-2023 08:00,19.6,76,0
01-04-2023 08:15,21.2,71,0
01-04-2023 08:30,22.1,67,0
01-04-2023 08:45,23.3,63,0
01-04-2023 09:00,24.5,47,0
01-04-2023 09:15,25.5,46,0
01-04-2023 09:30,26.6,43,0
01-04-2023 09:45,27.2,37,0
01-04-2023 10:00,28.2,28,0
01-04-2023 10:15,29.2,26,0
01-04-2023 10:30,29.6,23,0
01-04-2023 10:45,29.6,24,0
01-04-2023 11:00,30.5,24,0
01-04-2023 11:15,30.5,23,0
01-04-2023 11:30,30.6,23,0
01-04-2023 11:45,31,22,0
01-04-2023 12:00,31.5,20,0
01-04-2023 12:15,31.6,19,0
01-04-2023 12:30,32.1,19,0
01-04-2023 12:45,31.9,19,0
01-04-2023 13:00,32.8,18,0
01-04-2023 13:15,33.3,17,0
01-04-2023 13:30,32.8,18,0
01-04-2023 13:45,32.6,18,0
01-04-2023 14:00,32.9,17,0
01-04-2023 14:15,33.1,17,0
01-04-2023 14:30,33.7,17,0
01-04-2023 14:45,33.9,15,0
01-04-2023 15:00,35,14,0
01-04-2023 15:15,35,16,0
01-04-2023 15:30,35.3,15,0
01-04-2023 15:45,34.8,15,0
01-04-2023 16:00,34.8,16,0
01-04-2023 16:15,35,17,0
01-04-2023 16:30,34.2,17,0
01-04-2023 16:45,34.2,18,0
01-04-2023 17:00,33.8,19,0
01-04-2023 17:15,33.8,19,0
01-04-2023 17:30,33.2,19,0
01-04-2023 17:45,33.2,19,0
01-04-2023 18:00,32.6,20,0
01-04-2023 18:15,32,21,0
01-04-2023 18:30,31.2,21,0
01-04-2023 18:45,30.4,22,0
01-04-2023 19:00,29.8,23,0
01-04-2023 19:15,28.8,42,0
01-04-2023 19:30,28,54,0
01-04-2023 19:45,27.3,58,0
01-04-2023 20:00,26.9,60,0
01-04-2023 20:15,26.5,63,0
01-04-2023 20:30,26.1,66,0
01-04-2023 20:45,25.8,67,0
01-04-2023 21:00,25.6,67,0
01-04-2023 21:15,25.4,67,0
01-04-2023 21:30,25.1,66,0
01-04-2023 21:45,24.9,65,0
01-04-2023 22:00,24.7,65,0
01-04-2023 22:15,24.5,64,0
01-04-2023 22:30,24.1,63,0
01-04-2023 22:45,23.2,70,0
01-04-2023 23:00,22.6,72,0
01-04-2023 23:15,22.2,72,0
01-04-2023 23:30,21.9,71,0
01-04-2023 23:45,21.4,71,0
02-04-2023 00:00,20.8,74,0
02-04-2023 00:15,20.2,78,0
02-04-2023 00:30,19.7,81,0
02-04-2023 00:45,19.2,83,0
02-04-2023 01:00,19.1,86,0
02-04-2023 01:15,18.7,86,0
02-04-2023 01:30,18.2,86,0
02-04-2023 01:45,17.9,87,0
02-04-2023 02:00,17.5,87,0
02-04-2023 02:15,17.5,88,0
02-04-2023 02:30,17.2,88,0
02-04-2023 02:45,16.9,89,0
02-04-2023 03:00,16.6,89,0
02-04-2023 03:15,16.5,88,0
02-04-2023 03:30,16.4,88,0
02-04-2023 03:45,16.5,88,0
02-04-2023 04:00,16.1,89,0
02-04-2023 04:15,15.6,90,0
02-04-2023 04:30,15.5,90,0
02-04-2023 04:45,15.3,88,0
02-04-2023 05:00,15.3,90,0
02-04-2023 05:30,14.8,91,0
02-04-2023 05:45,14.5,90,0
02-04-2023 06:00,15.3,91,0
02-04-2023 06:15,16.4,87,0
02-04-2023 06:30,15.5,87,0
02-04-2023 06:45,15.2,89,0
02-04-2023 07:00,15.6,89,0
02-04-2023 07:15,16.3,88,0
02-04-2023 07:30,18.5,86,0
02-04-2023 07:45,20.5,77,0
02-04-2023 08:00,21.4,74,0
02-04-2023 08:15,22.2,72,0
02-04-2023 08:30,22.8,70,0
02-04-2023 08:45,23.7,68,0
02-04-2023 09:00,24.8,64,0
02-04-2023 09:15,25.5,58,0
02-04-2023 09:30,26.5,52,0
02-04-2023 09:45,27.5,45,0
02-04-2023 10:00,28.3,43,0
02-04-2023 10:15,28.7,39,0
02-04-2023 10:30,29.6,36,0
02-04-2023 10:45,30,35,0
02-04-2023 11:00,30.6,34,0
02-04-2023 11:15,31.7,34,0
02-04-2023 11:30,31.5,32,0
02-04-2023 11:45,32.1,29,0
02-04-2023 12:00,32.5,26,0
02-04-2023 12:15,31.9,26,0
02-04-2023 12:30,33.2,25,0
02-04-2023 12:45,33.8,23,0
02-04-2023 13:00,33.6,24,0
02-04-2023 13:15,33,24,0
02-04-2023 13:30,34,22,0
02-04-2023 13:45,34,22,0
02-04-2023 14:00,34.5,23,0
02-04-2023 14:15,34.8,24,0
02-04-2023 14:30,34.6,24,0
02-04-2023 14:45,35,22,0
02-04-2023 15:00,34.8,19,0
02-04-2023 15:15,35.1,20,0
02-04-2023 15:30,35,18,0
02-04-2023 15:45,35.4,17,0
02-04-2023 16:00,35.3,16,0
02-04-2023 16:15,35.2,20,0
02-04-2023 16:30,34.8,19,0
02-04-2023 16:45,34.7,19,0
02-04-2023 17:00,34.5,20,0
02-04-2023 17:15,34.4,19,0
02-04-2023 17:30,33.8,20,0
02-04-2023 17:45,33.5,20,0
02-04-2023 18:00,32.8,21,0
02-04-2023 18:15,32.4,21,0
02-04-2023 18:30,31.5,21,0
02-04-2023 18:45,30.6,22,0
02-04-2023 19:00,29.3,41,0
02-04-2023 19:15,28.5,47,0
02-04-2023 19:30,27.9,51,0
02-04-2023 19:45,27.4,54,0
02-04-2023 20:00,26.8,56,0
02-04-2023 20:15,26.5,59,0
02-04-2023 20:30,25.9,60,0
02-04-2023 20:45,25.5,62,0
02-04-2023 21:00,25.2,63,0
02-04-2023 21:15,24.9,65,0
02-04-2023 21:30,24.5,66,0
02-04-2023 21:45,24.1,68,0
02-04-2023 22:00,23.9,68,0
02-04-2023 22:15,23.5,68,0
02-04-2023 22:30,23.1,71,0
02-04-2023 22:45,23.2,71,0
02-04-2023 23:00,22.9,71,0
02-04-2023 23:30,22.6,72,0
02-04-2023 23:45,22.5,72,0
03-04-2023 00:00,22.2,72,0
03-04-2023 00:15,21.2,76,0
03-04-2023 00:30,20.5,78,0
03-04-2023 00:45,20.2,84,0
03-04-2023 01:00,20.3,81,0
03-04-2023 01:15,20.5,80,0
03-04-2023 01:30,19.8,81,0
03-04-2023 01:45,19.2,81,0
03-04-2023 02:00,18.9,86,0
03-04-2023 02:15,18.6,87,0
03-04-2023 02:30,18.4,86,0
03-04-2023 02:45,18.3,88,0
03-04-2023 03:00,17.9,88,0
03-04-2023 03:15,17.7,89,0
03-04-2023 03:30,17.4,89,0
03-04-2023 03:45,17.2,89,0
03-04-2023 04:00,17.1,89,0
03-04-2023 04:15,17,89,0
03-04-2023 04:30,16.9,90,0
03-04-2023 04:45,16.7,90,0
03-04-2023 05:00,16.5,90,0
03-04-2023 05:15,16.3,90,0
03-04-2023 05:30,16.1,90,0
03-04-2023 05:45,16.3,91,0
03-04-2023 06:00,16,91,0
03-04-2023 06:15,16,91,0
03-04-2023 06:30,15.8,91,0
03-04-2023 06:45,16.1,92,0
03-04-2023 07:00,16.5,91,0
03-04-2023 07:15,17.4,89,0
03-04-2023 07:30,18.8,87,0
03-04-2023 07:45,20.2,83,0
03-04-2023 08:00,22,77,0
03-04-2023 08:15,23.4,73,0
03-04-2023 08:30,23.5,72,0
03-04-2023 08:45,24.3,71,0
03-04-2023 09:00,25.2,68,0
03-04-2023 09:15,26.3,65,0
03-04-2023 09:30,27,61,0
03-04-2023 09:45,27.3,60,0
03-04-2023 10:00,27.6,58,0
03-04-2023 10:15,28.6,54,0
03-04-2023 10:30,29.7,49,0
03-04-2023 10:45,30.4,47,0
03-04-2023 11:15,31.2,43,0
03-04-2023 11:30,32,41,0
03-04-2023 11:45,32,39,0
03-04-2023 12:00,32.6,37,0
03-04-2023 12:15,33.2,34,0
03-04-2023 12:30,33.3,33,0
03-04-2023 12:45,33.1,34,0
03-04-2023 13:00,33.7,30,0
03-04-2023 13:15,34.3,28,0
03-04-2023 13:30,35,25,0
03-04-2023 13:45,35.1,18,0
03-04-2023 14:00,35.2,19,0
03-04-2023 14:15,35.9,19,0
03-04-2023 14:30,35.5,21,0
03-04-2023 14:45,36.5,19,0
03-04-2023 15:00,36.1,20,0
03-04-2023 15:15,36,19,0
03-04-2023 15:30,36.1,19,0
03-04-2023 16:00,35,30,0
03-04-2023 16:15,34.3,30,0
03-04-2023 16:30,33.9,35,0
03-04-2023 16:45,34.2,35,0
03-04-2023 17:00,34.3,37,0
03-04-2023 17:15,33.2,39,0
03-04-2023 17:30,32.9,40,0
03-04-2023 17:45,32.5,41,0
03-04-2023 18:00,32,42,0
03-04-2023 18:15,31.7,43,0
03-04-2023 18:30,30.9,48,0
03-04-2023 18:45,29.7,53,0
03-04-2023 19:00,29.2,56,0
03-04-2023 19:15,28.6,58,0
03-04-2023 19:30,28.3,59,0
03-04-2023 19:45,27.9,61,0
03-04-2023 20:00,27.6,62,0
03-04-2023 20:15,27.2,64,0
03-04-2023 20:30,26.8,66,0
03-04-2023 20:45,26.5,67,0
03-04-2023 21:00,26.3,68,0
03-04-2023 21:15,26.2,68,0
03-04-2023 21:30,26,69,0
03-04-2023 21:45,25.8,69,0
03-04-2023 22:00,25.2,71,0
03-04-2023 22:15,24.9,72,0
03-04-2023 22:30,24.9,73,0
03-04-2023 22:45,24.5,73,0
03-04-2023 23:00,24.7,73,0
03-04-2023 23:15,24.5,74,0
03-04-2023 23:30,24.3,75,0
03-04-2023 23:45,24.2,75,0
04-04-2023 00:00,24,75,0
04-04-2023 00:15,23.7,76,0
04-04-2023 00:30,23.1,79,0
04-04-2023 00:45,22.8,82,0
04-04-2023 01:00,22.5,83,0
04-04-2023 01:15,22,80,0
04-04-2023 01:30,21.5,83,0
04-04-2023 01:45,21.1,87,0
04-04-2023 02:00,21,87,0
04-04-2023 02:15,20.6,87,0
04-04-2023 02:30,20.7,87,0
04-04-2023 02:45,20.7,88,0
04-04-2023 03:00,20.3,88,0
04-04-2023 03:15,20.2,89,0
04-04-2023 03:30,19.9,89,0
04-04-2023 03:45,19.9,90,0
04-04-2023 04:00,19.7,88,0
04-04-2023 04:15,19.7,89,0
04-04-2023 04:30,19.3,88,0
04-04-2023 04:45,19.4,89,0
04-04-2023 05:00,19.2,90,0
04-04-2023 05:15,19.9,90,0
04-04-2023 05:30,20.1,90,0
04-04-2023 05:45,20.2,90,0
04-04-2023 06:00,20.2,89,0
04-04-2023 06:15,19.7,89,0
04-04-2023 06:30,19.6,90,0
04-04-2023 06:45,18.9,89,0
04-04-2023 07:00,19.2,89,0
04-04-2023 07:15,20.2,88,0
04-04-2023 07:30,21.5,87,0
04-04-2023 07:45,22.4,84,0
04-04-2023 08:00,23.2,80,0
04-04-2023 08:15,24.2,76,0
04-04-2023 08:30,24.9,73,0
04-04-2023 08:45,25.5,68,0
04-04-2023 09:00,26.9,60,0
04-04-2023 09:15,28.1,49,0
04-04-2023 09:30,29.3,37,0
04-04-2023 09:45,30.5,36,0
04-04-2023 10:00,31.7,34,0
04-04-2023 10:15,32.6,33,0
04-04-2023 10:30,32.9,31,0
04-04-2023 10:45,33.9,29,0
04-04-2023 11:00,34.7,24,0
04-04-2023 11:15,35,24,0
04-04-2023 11:30,35.6,22,0
04-04-2023 11:45,34.9,21,0
04-04-2023 12:00,35.1,20,0
04-04-2023 12:15,35.9,21,0
04-04-2023 12:30,35.8,19,0
04-04-2023 12:45,36.3,17,0
04-04-2023 13:00,37.2,17,0
04-04-2023 13:15,36.7,18,0
04-04-2023 13:30,37.7,19,0
04-04-2023 13:45,36.7,17,0
04-04-2023 14:00,37,17,0
04-04-2023 14:15,37.1,16,0
04-04-2023 14:30,37.8,17,0
04-04-2023 14:45,37.6,15,0
04-04-2023 15:00,38.1,15,0
04-04-2023 15:15,38.3,15,0
04-04-2023 15:30,38.6,14,0
04-04-2023 15:45,38.4,15,0
04-04-2023 16:00,38.6,16,0
04-04-2023 16:15,37.5,17,0
04-04-2023 16:30,37.2,22,0
04-04-2023 16:45,37.6,21,0
04-04-2023 17:00,36.8,23,0
04-04-2023 17:15,36.5,24,0
04-04-2023 17:30,36,25,0
04-04-2023 17:45,35.4,25,0
04-04-2023 18:00,34.8,25,0
04-04-2023 18:15,34.3,25,0
04-04-2023 18:30,33.2,33,0
04-04-2023 18:45,32,47,0
04-04-2023 19:00,31.5,48,0
04-04-2023 19:15,31,51,0
04-04-2023 19:30,30.3,55,0
04-04-2023 19:45,29.7,59,0
04-04-2023 20:00,29.2,62,0
04-04-2023 20:15,29,63,0
04-04-2023 20:30,28.7,64,0
04-04-2023 20:45,28.4,65,0
04-04-2023 21:00,28.1,66,0
04-04-2023 21:30,27.6,68,0
04-04-2023 21:45,27.5,69,0
04-04-2023 22:00,27.2,69,0
04-04-2023 22:15,27.1,69,0
04-04-2023 22:30,27.1,68,0
04-04-2023 22:45,26.9,68,0
04-04-2023 23:00,26.5,68,0
04-04-2023 23:15,25.7,70,0
04-04-2023 23:30,25.1,73,0
04-04-2023 23:45,24.4,74,0
05-04-2023 00:00,24.2,78,0
05-04-2023 00:15,23.7,77,0
05-04-2023 00:30,23.4,80,0
05-04-2023 00:45,23.1,80,0
05-04-2023 01:00,22.9,82,0
05-04-2023 01:15,22.7,85,0
05-04-2023 01:30,22.7,82,0
05-04-2023 01:45,22.3,77,0
05-04-2023 02:00,22.1,84,0
05-04-2023 02:15,22.4,85,0
05-04-2023 02:30,22.7,85,0
05-04-2023 02:45,22.5,80,0
05-04-2023 03:00,21.7,86,0
05-04-2023 03:15,21.6,87,0
05-04-2023 03:30,21.7,84,0
05-04-2023 03:45,21.5,86,0
05-04-2023 04:00,21,86,0
05-04-2023 04:15,20.4,86,0
05-04-2023 04:30,20.3,88,0
05-04-2023 04:45,19.6,87,0
05-04-2023 05:00,19.3,89,0
05-04-2023 05:15,19.2,88,0
05-04-2023 05:30,19.1,89,0
05-04-2023 05:45,19,90,0
05-04-2023 06:00,19.9,88,0
05-04-2023 06:15,20,87,0
05-04-2023 06:30,20,86,0
05-04-2023 06:45,20.1,84,0
05-04-2023 07:00,20.3,84,0
05-04-2023 07:15,20.7,84,0
05-04-2023 07:30,21.4,81,0
05-04-2023 07:45,21.9,79,0
05-04-2023 08:00,22.9,74,0
05-04-2023 08:15,24.7,68,0
05-04-2023 08:30,26.6,62,0
05-04-2023 08:45,27.9,55,0
05-04-2023 09:00,29,53,0
05-04-2023 09:15,30,50,0
05-04-2023 09:30,31,47,0
05-04-2023 09:45,31.6,41,0
05-04-2023 10:00,32.3,37,0
05-04-2023 10:15,33,34,0
05-04-2023 10:30,34.1,24,0
05-04-2023 10:45,34.1,23,0
05-04-2023 11:00,34.6,23,0
05-04-2023 11:15,35,22,0
05-04-2023 11:30,35.9,21,0
05-04-2023 11:45,36.2,22,0
05-04-2023 12:00,35.2,21,0
05-04-2023 12:15,35.8,21,0
05-04-2023 12:30,35.7,20,0
05-04-2023 12:45,36,20,0
05-04-2023 13:00,36.6,20,0
05-04-2023 13:15,36.8,19,0
05-04-2023 13:30,37.2,21,0
05-04-2023 13:45,37.8,20,0
05-04-2023 14:00,37.7,20,0
05-04-2023 14:15,37.1,20,0
05-04-2023 14:30,37.7,20,0
05-04-2023 14:45,37.3,20,0
05-04-2023 15:00,38.2,19,0
05-04-2023 15:15,37.3,21,0
05-04-2023 15:30,37.7,20,0
05-04-2023 15:45,38.4,19,0
05-04-2023 16:00,37.9,19,0
05-04-2023 16:15,37.5,19,0
05-04-2023 16:30,37,21,0
05-04-2023 16:45,37,22,0
05-04-2023 17:00,36.8,22,0
05-04-2023 17:15,36.2,25,0
05-04-2023 17:30,35.7,26,0
05-04-2023 17:45,34.9,26,0
05-04-2023 18:00,34.7,27,0
05-04-2023 18:30,33,33,0
05-04-2023 18:45,32.2,38,0
05-04-2023 19:00,31.6,41,0
05-04-2023 19:15,31.2,41,0
05-04-2023 19:30,30.7,41,0
05-04-2023 19:45,30.3,41,0
05-04-2023 20:00,30,41,0
05-04-2023 20:15,29.5,41,0
05-04-2023 20:30,29.2,40,0
05-04-2023 20:45,28.9,39,0
05-04-2023 21:00,28.7,38,0
05-04-2023 21:15,28.5,37,0
05-04-2023 21:30,28.2,37,0
05-04-2023 21:45,28,37,0
05-04-2023 22:00,27.5,39,0
05-04-2023 22:15,27.2,40,0
05-04-2023 22:30,27,42,0
05-04-2023 22:45,26.6,43,0
05-04-2023 23:00,26.6,43,0
05-04-2023 23:15,26.1,45,0
05-04-2023 23:30,25.6,47,0
05-04-2023 23:45,25.3,49,0
06-04-2023 00:00,25.2,49,0
06-04-2023 00:30,24.3,50,0
06-04-2023 00:45,23.9,55,0
06-04-2023 01:00,23.1,57,0
06-04-2023 01:15,23.1,57,0
06-04-2023 01:30,22.7,60,0
06-04-2023 01:45,21.7,62,0
06-04-2023 02:00,21.5,62,0
06-04-2023 02:15,21.3,63,0
06-04-2023 02:30,20.7,67,0
06-04-2023 02:45,20.7,66,0
06-04-2023 03:00,20.6,67,0
06-04-2023 03:15,20.8,66,0
06-04-2023 03:30,20.7,67,0
06-04-2023 03:45,20.3,67,0
06-04-2023 04:00,20.6,68,0
06-04-2023 04:15,21.2,66,0
06-04-2023 04:30,21.1,67,0
06-04-2023 04:45,20.2,71,0
06-04-2023 05:00,20,71,0
06-04-2023 05:15,19.4,73,0
06-04-2023 05:30,19.7,71,0
06-04-2023 05:45,19.5,73,0
06-04-2023 06:00,19.5,72,0
06-04-2023 06:15,19.5,73,0
06-04-2023 06:30,18.7,75,0
06-04-2023 06:45,18.6,75,0
06-04-2023 07:00,19,72,0
06-04-2023 07:30,21.7,68,0
06-04-2023 07:45,22.3,65,0
06-04-2023 08:00,23.7,61,0
06-04-2023 08:15,24.9,53,0
06-04-2023 08:30,25.9,50,0
06-04-2023 08:45,27.1,43,0
06-04-2023 09:00,27.9,44,0
06-04-2023 09:15,29.6,40,0
06-04-2023 09:30,30.3,36,0
06-04-2023 09:45,30.3,37,0
06-04-2023 10:00,31.1,36,0
06-04-2023 10:15,32.1,35,0
06-04-2023 10:30,32.1,34,0
06-04-2023 10:45,32.6,31,0
06-04-2023 11:00,32.3,32,0
06-04-2023 11:15,34.7,27,0
06-04-2023 11:30,35.5,24,0
06-04-2023 11:45,35.5,22,0
06-04-2023 12:00,35.9,21,0
06-04-2023 12:15,36.2,20,0
06-04-2023 12:30,36.2,21,0
06-04-2023 12:45,36.1,21,0
06-04-2023 13:00,36.4,22,0
06-04-2023 13:15,37.3,21,0
06-04-2023 13:30,37,21,0
06-04-2023 13:45,37.6,20,0
06-04-2023 14:00,37.6,19,0
06-04-2023 14:15,36.3,20,0
06-04-2023 14:30,37,19,0
06-04-2023 14:45,37.8,19,0
06-04-2023 15:00,37.9,19,0
06-04-2023 15:15,37.5,19,0
06-04-2023 15:30,38.5,19,0
06-04-2023 15:45,37.9,18,0
06-04-2023 16:00,38.1,18,0
06-04-2023 16:15,37.3,19,0
06-04-2023 16:30,37.4,18,0
06-04-2023 16:45,37.6,18,0
06-04-2023 17:00,37.6,18,0
06-04-2023 17:15,37.1,19,0
06-04-2023 17:30,37,20,0
06-04-2023 17:45,36.5,21,0
06-04-2023 18:00,36,21,0
06-04-2023 18:15,34.9,22,0
06-04-2023 18:30,34.1,23,0
06-04-2023 18:45,33.5,24,0
06-04-2023 19:00,32.9,24,0
06-04-2023 19:15,32.1,26,0
06-04-2023 19:30,31.8,27,0
06-04-2023 19:45,31.6,27,0
06-04-2023 20:00,31.2,31,0
06-04-2023 20:15,30.8,38,0
06-04-2023 20:30,30.5,42,0
06-04-2023 20:45,29.7,45,0
06-04-2023 21:00,29.6,46,0
06-04-2023 21:15,29.6,48,0
06-04-2023 21:30,29.3,49,0
06-04-2023 21:45,28.7,50,0
06-04-2023 22:00,28.1,52,0
06-04-2023 22:15,27.9,54,0
06-04-2023 22:30,27.9,54,0
06-04-2023 22:45,27.1,57,0
06-04-2023 23:00,26.6,59,0
06-04-2023 23:15,26.9,57,0
06-04-2023 23:30,26.4,57,0
06-04-2023 23:45,26.3,60,0
07-04-2023 00:00,26.4,60,0
07-04-2023 00:15,26.3,61,0
07-04-2023 00:30,26,61,0
07-04-2023 00:45,26.1,61,0
07-04-2023 01:00,25.6,61,0
07-04-2023 01:15,25.7,63,0
07-04-2023 01:30,25.6,63,0
07-04-2023 01:45,25.2,64,0
07-04-2023 02:00,24.9,66,0
07-04-2023 02:15,23.8,69,0
07-04-2023 02:30,24.1,68,0
07-04-2023 02:45,23.8,68,0
07-04-2023 03:00,23.7,67,0
07-04-2023 03:15,23.7,69,0
07-04-2023 03:30,23.5,70,0
07-04-2023 03:45,23.2,71,0
07-04-2023 04:00,23.1,72,0
07-04-2023 04:15,23.4,71,0
07-04-2023 04:30,23.6,70,0
07-04-2023 04:45,23.4,69,0
07-04-2023 05:00,23.4,69,0
07-04-2023 05:15,23.2,69,0
07-04-2023 05:30,23,70,0
07-04-2023 05:45,22.7,72,0
07-04-2023 06:00,22.1,73,0
07-04-2023 06:15,21.8,75,0
07-04-2023 06:30,21.6,77,0
07-04-2023 06:45,21.7,75,0
07-04-2023 07:00,22,73,0
07-04-2023 07:15,23.7,70,0
07-04-2023 07:30,24.5,65,0
07-04-2023 07:45,25.1,61,0
07-04-2023 08:00,25.6,58,0
07-04-2023 08:15,26.5,54,0
07-04-2023 08:30,28,48,0
07-04-2023 08:45,29.6,44,0
07-04-2023 09:00,31.1,41,0
07-04-2023 09:15,31.5,34,0
07-04-2023 09:30,32.2,33,0
07-04-2023 09:45,31.9,33,0
07-04-2023 10:00,31.6,33,0
07-04-2023 10:15,33.1,30,0
07-04-2023 10:30,32.7,29,0
07-04-2023 10:45,32.7,31,0
07-04-2023 11:00,33.6,29,0
07-04-2023 11:15,33.9,29,0
07-04-2023 11:30,34.6,27,0
07-04-2023 11:45,34.9,27,0
07-04-2023 12:00,35.2,28,0
07-04-2023 12:15,34.9,29,0
07-04-2023 12:30,34.9,31,0
07-04-2023 12:45,35.4,29,0
07-04-2023 13:00,35.5,32,0
07-04-2023 13:15,35.1,31,0
07-04-2023 13:30,35.7,30,0
07-04-2023 13:45,35.8,31,0
07-04-2023 14:00,36.4,31,0
07-04-2023 14:15,35.5,32,0
07-04-2023 14:30,36,32,0
07-04-2023 14:45,36.3,31,0
07-04-2023 15:00,36.2,32,0
07-04-2023 15:15,36.3,33,0
07-04-2023 15:30,36.2,33,0
07-04-2023 15:45,35.5,34,0
07-04-2023 16:00,35.5,35,0
07-04-2023 16:15,36,33,0
07-04-2023 16:30,36.1,30,0
07-04-2023 16:45,35.9,32,0
07-04-2023 17:00,35.5,32,0
07-04-2023 17:15,33.9,33,0
07-04-2023 17:30,33,35,0
07-04-2023 17:45,32.5,37,0
07-04-2023 18:00,32.2,39,0
07-04-2023 18:15,31.3,41,0
07-04-2023 18:30,31.2,42,0
07-04-2023 18:45,30.9,42,0
07-04-2023 19:00,27.5,56,0
07-04-2023 19:15,26.3,65,0
07-04-2023 19:30,26.5,63,0
07-04-2023 19:45,26.7,63,0
07-04-2023 20:00,26.8,63,0
07-04-2023 20:15,25.8,68,0
07-04-2023 20:30,26,67,0
07-04-2023 20:45,26.2,67,0
07-04-2023 21:00,24.9,73,1.5
07-04-2023 21:15,23.6,76,2
07-04-2023 21:30,23.2,75,2
07-04-2023 21:45,23.2,79,2
07-04-2023 22:00,23.6,74,2
07-04-2023 22:15,23.9,72,2
07-04-2023 22:30,23.7,74,2
07-04-2023 22:45,23.6,73,2
07-04-2023 23:00,23.5,76,2
07-04-2023 23:15,23.5,76,2
07-04-2023 23:30,23.8,76,2
07-04-2023 23:45,23.8,76,2
08-04-2023 00:00,23.7,78,2
08-04-2023 00:30,23.4,85,2
08-04-2023 00:45,23.6,81,2
08-04-2023 01:00,23.8,77,2
08-04-2023 01:15,23.7,80,2
08-04-2023 01:30,23.4,84,2
08-04-2023 01:45,23.3,85,2
08-04-2023 02:00,23.3,84,2
08-04-2023 02:15,23.2,87,2
08-04-2023 02:30,22.8,89,2
08-04-2023 02:45,22.7,89,2
08-04-2023 03:00,22.6,90,2
08-04-2023 03:15,22.2,90,2
08-04-2023 03:30,22.2,90,2
08-04-2023 03:45,22.1,90,2
08-04-2023 04:00,22.1,89,2
08-04-2023 04:15,22.3,90,2
08-04-2023 04:30,22.4,89,2
08-04-2023 04:45,22.2,90,2
08-04-2023 05:00,21.8,90,2
08-04-2023 05:15,21.9,90,2
08-04-2023 05:30,21.9,90,2
08-04-2023 05:45,21.6,91,2
08-04-2023 06:00,21.4,91,2
08-04-2023 06:15,21.1,91,2
08-04-2023 06:30,20.9,91,2
08-04-2023 06:45,21,92,2
08-04-2023 07:00,21.2,92,2
08-04-2023 07:15,21.5,92,2
08-04-2023 07:30,21.6,92,2
08-04-2023 07:45,22,90,2
08-04-2023 08:00,22.9,85,2
08-04-2023 08:15,23.8,76,2
08-04-2023 08:30,24.5,73,2
08-04-2023 08:45,25.8,68,0
08-04-2023 09:00,26.1,63,0
08-04-2023 09:15,26.7,64,0
08-04-2023 09:30,27.3,62,0
08-04-2023 09:45,27.8,59,0
08-04-2023 10:00,28,58,0
08-04-2023 10:15,28.3,55,0
08-04-2023 10:30,29,56,0
08-04-2023 10:45,29.2,53,0
08-04-2023 11:00,29.6,51,0
08-04-2023 11:15,30.3,51,0
08-04-2023 11:30,30.8,49,0
08-04-2023 11:45,31.1,48,0
08-04-2023 12:00,31.3,47,0
08-04-2023 12:15,32.1,47,0
08-04-2023 12:30,32.1,44,0
08-04-2023 12:45,32.9,43,0
08-04-2023 13:00,33.3,42,0
08-04-2023 13:15,33.7,41,0
08-04-2023 13:30,34,40,0
08-04-2023 13:45,33.9,38,0
08-04-2023 14:00,33.9,39,0
08-04-2023 14:15,34.2,39,0
08-04-2023 14:30,35,39,0
08-04-2023 14:45,35.2,35,0
08-04-2023 15:00,34.6,35,0
08-04-2023 15:15,34.9,34,0
08-04-2023 15:30,34.5,35,0
08-04-2023 15:45,34.9,36,0
08-04-2023 16:00,34.8,34,0
08-04-2023 16:15,35.4,35,0
08-04-2023 16:30,35,33,0
08-04-2023 16:45,35.1,35,0
08-04-2023 17:00,35,34,0
08-04-2023 17:15,34.7,35,0
08-04-2023 17:30,34.3,36,0
08-04-2023 17:45,33.9,36,0
08-04-2023 18:00,32.9,35,0
08-04-2023 18:15,32.6,34,0
08-04-2023 18:30,32,36,0
08-04-2023 18:45,31.9,35,0
08-04-2023 19:00,31.6,34,0
08-04-2023 19:15,31.5,34,0
08-04-2023 19:30,31.1,35,0
08-04-2023 19:45,29.9,45,0
08-04-2023 20:00,29.7,47,0
08-04-2023 20:15,29.6,47,0
08-04-2023 20:30,29.3,48,0
08-04-2023 20:45,29.1,50,0
08-04-2023 21:00,28.5,55,0
08-04-2023 21:15,28.1,57,0
08-04-2023 21:30,27.9,58,0
08-04-2023 21:45,27.8,57,0
08-04-2023 22:00,27.6,58,0
08-04-2023 22:15,27.6,59,0
08-04-2023 22:30,27.5,58,0
08-04-2023 22:45,26.9,59,0
08-04-2023 23:00,26.5,58,0
08-04-2023 23:15,25.9,60,0
08-04-2023 23:30,25.7,60,0
08-04-2023 23:45,25.4,61,0
09-04-2023 00:00,25.2,62,0
09-04-2023 00:15,25.1,63,0
09-04-2023 00:30,24.9,64,0
09-04-2023 00:45,24.7,65,0
09-04-2023 01:00,24.3,66,0
09-04-2023 01:15,24.5,66,0
09-04-2023 01:30,24.4,67,0
09-04-2023 01:45,24.1,68,0
09-04-2023 02:00,23.5,70,0
09-04-2023 02:15,23.2,71,0
09-04-2023 02:30,22.7,72,0
09-04-2023 02:45,22.4,73,0
09-04-2023 03:00,22,74,0
09-04-2023 03:15,21.7,76,0
09-04-2023 03:30,21.6,78,0
09-04-2023 03:45,21.5,76,0
09-04-2023 04:00,21.7,81,0
09-04-2023 04:15,21.2,81,0
09-04-2023 04:30,21.1,82,0
09-04-2023 04:45,20.5,85,0
09-04-2023 05:00,20.5,86,0
09-04-2023 05:15,20.6,84,0
09-04-2023 05:30,20.7,83,0
09-04-2023 05:45,21.2,85,0
09-04-2023 06:00,21.4,83,0
09-04-2023 06:15,21.3,86,0
09-04-2023 06:30,21.3,87,0
09-04-2023 06:45,21.4,86,0
09-04-2023 07:00,21.7,83,0
09-04-2023 07:15,22.3,78,0
09-04-2023 07:30,23.1,74,0
09-04-2023 08:15,25,68,0
09-04-2023 08:30,25.8,65,0
09-04-2023 08:45,27.1,62,0
09-04-2023 09:00,28.5,57,0
09-04-2023 09:15,29.3,51,0
09-04-2023 09:30,29.8,51,0
09-04-2023 09:45,30.3,48,0
09-04-2023 10:00,30.8,49,0
09-04-2023 10:15,31.4,45,0
09-04-2023 10:30,31.6,45,0
09-04-2023 10:45,32.7,44,0
09-04-2023 11:00,33.1,41,0
09-04-2023 11:15,33.2,41,0
09-04-2023 11:30,33.8,39,0
09-04-2023 11:45,33.4,38,0
09-04-2023 12:00,33.6,39,0
09-04-2023 12:15,34.5,39,0
09-04-2023 12:30,34.9,38,0
09-04-2023 12:45,34.7,38,0
09-04-2023 13:00,35.2,36,0
09-04-2023 13:15,35.1,37,0
09-04-2023 13:30,35.4,36,0
09-04-2023 13:45,36.2,34,0
09-04-2023 14:00,35.9,34,0
09-04-2023 14:15,36.9,33,0
09-04-2023 14:30,36.6,30,0
09-04-2023 14:45,37.1,27,0
09-04-2023 15:00,37.2,30,0
09-04-2023 15:15,37.3,32,0
09-04-2023 15:30,37.9,30,0
09-04-2023 15:45,36.3,33,0
09-04-2023 16:00,35.5,34,0
09-04-2023 16:15,35.1,34,0
09-04-2023 16:30,34.8,35,0
09-04-2023 16:45,34.7,35,0
09-04-2023 17:00,34,37,0
09-04-2023 17:15,32.8,38,0
09-04-2023 17:30,32.1,39,0
09-04-2023 17:45,28.6,54,0
09-04-2023 18:00,25,72,1
09-04-2023 18:15,23.5,86,2.5
09-04-2023 18:30,24.1,80,2.5
09-04-2023 18:45,22.1,87,5
09-04-2023 19:00,22.3,87,5.5
09-04-2023 19:15,23,82,5.5
09-04-2023 19:30,23.8,76,5.5
09-04-2023 19:45,23.5,78,5.5
09-04-2023 20:00,23.2,82,5.5
09-04-2023 20:15,23.8,77,5.5
09-04-2023 20:30,24.2,75,5.5
09-04-2023 20:45,23.7,82,5.5
09-04-2023 21:00,24.1,79,5.5
09-04-2023 21:15,24.2,80,5.5
09-04-2023 21:30,24.1,81,5.5
09-04-2023 21:45,24.1,81,5.5
09-04-2023 22:00,24.1,80,5.5
09-04-2023 22:15,24,83,5.5
09-04-2023 22:30,24.2,80,5.5
09-04-2023 22:45,24.1,79,5.5
09-04-2023 23:00,24.2,79,5.5
09-04-2023 23:15,24,80,5.5
09-04-2023 23:30,23.6,84,5.5
09-04-2023 23:45,23.6,86,5.5
10-04-2023 00:00,23.5,87,5.5
10-04-2023 00:30,23.3,85,5.5
10-04-2023 00:45,22.8,87,5.5
10-04-2023 01:00,22.6,87,5.5
10-04-2023 01:15,22.5,88,5.5
10-04-2023 01:30,22.2,89,5.5
10-04-2023 01:45,22,89,5.5
10-04-2023 02:00,21.9,90,5.5
10-04-2023 02:15,21.8,90,5.5
10-04-2023 02:30,21.9,90,5.5
10-04-2023 02:45,21.5,90,5.5
10-04-2023 03:00,21.4,91,5.5
10-04-2023 03:15,21.2,91,5.5
10-04-2023 03:30,21.3,91,5.5
10-04-2023 03:45,21,92,5.5
10-04-2023 04:00,20.8,92,5.5
10-04-2023 04:15,20.7,92,5.5
10-04-2023 04:30,20.6,92,5.5
10-04-2023 04:45,20.4,92,5.5
10-04-2023 05:00,20.7,92,5.5
10-04-2023 05:15,20.7,92,5.5
10-04-2023 05:30,20.9,92,5.5
10-04-2023 05:45,20.9,92,5.5
10-04-2023 06:00,21.1,92,5.5
10-04-2023 06:15,21.6,92,5.5
10-04-2023 06:30,21.6,91,5.5
10-04-2023 06:45,21.7,91,5.5
10-04-2023 07:00,21.9,91,5.5
10-04-2023 07:15,22.2,91,5.5
10-04-2023 07:30,23,90,5.5
10-04-2023 07:45,24.1,88,5.5
10-04-2023 08:00,24.7,83,5.5
10-04-2023 08:15,25.5,77,5.5
10-04-2023 08:30,26.7,69,5.5
10-04-2023 08:45,28.1,60,0
10-04-2023 09:00,28.1,61,0
10-04-2023 09:15,28.7,62,0
10-04-2023 09:30,29.1,61,0
10-04-2023 09:45,29.3,58,0
10-04-2023 10:00,29.7,58,0
10-04-2023 10:15,30,56,0
10-04-2023 10:30,30.2,51,0
10-04-2023 10:45,30.7,51,0
10-04-2023 11:00,31.1,49,0
10-04-2023 11:15,31.6,50,0
10-04-2023 11:30,32,47,0
10-04-2023 11:45,32.1,43,0
10-04-2023 12:00,32.7,44,0
10-04-2023 12:15,32.9,43,0
10-04-2023 12:30,33.9,38,0
10-04-2023 12:45,34.1,36,0
10-04-2023 13:00,34.3,34,0
10-04-2023 13:15,34.8,34,0
10-04-2023 13:30,34.9,32,0
10-04-2023 13:45,35.6,31,0
10-04-2023 14:00,35.6,28,0
10-04-2023 14:15,36.1,26,0
10-04-2023 14:30,36.4,26,0
10-04-2023 14:45,37.4,25,0
10-04-2023 15:00,36.9,22,0
10-04-2023 15:15,37.4,22,0
10-04-2023 15:30,37.5,25,0
10-04-2023 15:45,37.2,26,0
10-04-2023 16:00,37.5,25,0
10-04-2023 16:15,37.3,26,0
10-04-2023 16:30,37.5,25,0
10-04-2023 16:45,37.2,25,0
10-04-2023 17:15,37.7,26,0
10-04-2023 17:30,37,27,0
10-04-2023 17:45,36.2,28,0
10-04-2023 18:00,35.8,28,0
10-04-2023 18:15,34.9,32,0
10-04-2023 18:30,33.9,36,0
10-04-2023 18:45,33,37,0
10-04-2023 19:00,32,40,0
10-04-2023 19:15,30.8,41,0
10-04-2023 19:30,30.2,43,0
10-04-2023 19:45,30.1,47,0
10-04-2023 20:00,31.4,43,0
10-04-2023 20:15,30.8,46,0
10-04-2023 20:30,30.4,47,0
10-04-2023 20:45,30.7,47,0
10-04-2023 21:00,30.2,48,0
10-04-2023 21:15,30.1,47,0
10-04-2023 21:30,29.7,48,0
10-04-2023 21:45,29.4,49,0
10-04-2023 22:00,29.2,49,0
10-04-2023 22:15,29.1,50,0
10-04-2023 22:30,28.7,52,0
10-04-2023 22:45,28.3,54,0
10-04-2023 23:00,27.7,56,0
10-04-2023 23:15,27.1,58,0
10-04-2023 23:30,26.4,60,0
10-04-2023 23:45,26.1,61,0
11-04-2023 00:00,25.4,67,0
11-04-2023 00:15,25,68,0
11-04-2023 00:30,24.7,68,0
11-04-2023 00:45,24.5,68,0
11-04-2023 01:00,24.1,70,0
11-04-2023 01:15,24.1,72,0
11-04-2023 01:30,23.6,75,0
11-04-2023 01:45,23.3,75,0
11-04-2023 02:00,23.2,74,0
11-04-2023 02:15,22.9,79,0
11-04-2023 02:30,22.7,77,0
11-04-2023 02:45,23.6,74,0
11-04-2023 03:00,23.5,74,0
11-04-2023 03:15,22.5,80,0
11-04-2023 03:30,22.1,84,0
11-04-2023 03:45,22.3,84,0
11-04-2023 04:00,22.7,80,0
11-04-2023 04:15,22.5,82,0
11-04-2023 04:30,22.2,83,0
11-04-2023 04:45,22.7,78,0
11-04-2023 05:00,22.8,78,0
11-04-2023 05:15,23.1,75,0
11-04-2023 05:30,22.9,78,0
11-04-2023 05:45,22.7,81,0
11-04-2023 06:00,22.3,83,0
11-04-2023 06:15,22.2,84,0
11-04-2023 06:30,22.4,81,0
11-04-2023 06:45,22.4,81,0
11-04-2023 07:00,22.7,79,0
11-04-2023 07:15,23.4,77,0
11-04-2023 07:30,24.2,73,0
11-04-2023 07:45,25.2,71,0
11-04-2023 08:00,25.2,71,0
11-04-2023 08:15,26.1,70,0
11-04-2023 08:30,27.3,67,0
11-04-2023 08:45,28.6,63,0
11-04-2023 09:00,29.8,55,0
11-04-2023 09:15,30.6,50,0
11-04-2023 09:30,31.9,43,0
11-04-2023 09:45,33.1,42,0
11-04-2023 10:00,32.6,42,0
11-04-2023 10:15,32.8,42,0
11-04-2023 10:30,33.3,43,0
11-04-2023 10:45,33.8,40,0
11-04-2023 11:00,34.2,34,0
11-04-2023 11:30,35.3,31,0
11-04-2023 11:45,35.6,30,0
11-04-2023 12:00,36.2,31,0
11-04-2023 12:15,36.3,27,0
11-04-2023 12:30,36.8,27,0
11-04-2023 12:45,37,26,0
11-04-2023 13:00,36.9,24,0
11-04-2023 13:15,38,24,0
11-04-2023 13:30,37.9,24,0
11-04-2023 13:45,37.8,22,0
11-04-2023 14:00,38.1,22,0
11-04-2023 14:15,38.6,22,0
11-04-2023 14:30,38.5,21,0
11-04-2023 14:45,38.6,21,0
11-04-2023 15:00,39.1,20,0
11-04-2023 15:15,39.1,20,0
11-04-2023 15:30,39.5,19,0
11-04-2023 15:45,39.4,19,0
11-04-2023 16:00,37.7,21,0
11-04-2023 16:15,37.2,21,0
11-04-2023 16:30,37,21,0
11-04-2023 16:45,37.5,21,0
11-04-2023 17:00,38,19,0
11-04-2023 17:15,37.3,20,0
11-04-2023 17:30,36.5,21,0
11-04-2023 17:45,35.1,34,0
11-04-2023 18:00,34.5,32,0
11-04-2023 18:15,34.1,38,0
11-04-2023 18:30,33.2,40,0
11-04-2023 18:45,32.7,42,0
11-04-2023 19:00,32.2,45,0
11-04-2023 19:15,31.9,47,0
11-04-2023 19:30,31.5,48,0
11-04-2023 19:45,31.5,48,0
11-04-2023 20:00,31.2,49,0
11-04-2023 20:15,31.1,48,0
11-04-2023 20:30,31,48,0
11-04-2023 20:45,30.8,50,0
11-04-2023 21:00,30.3,48,0
11-04-2023 21:15,30.1,47,0
11-04-2023 21:30,29.8,48,0
11-04-2023 21:45,29.8,48,0
11-04-2023 22:00,29.8,47,0
11-04-2023 22:15,29.2,46,0
11-04-2023 22:30,29,46,0
11-04-2023 22:45,28.9,48,0
11-04-2023 23:00,28.3,49,0
11-04-2023 23:15,27.8,50,0
11-04-2023 23:30,27.8,49,0
11-04-2023 23:45,27.5,50,0
12-04-2023 00:00,26.6,53,0
12-04-2023 00:30,25.3,59,0
12-04-2023 00:45,24.9,65,0
12-04-2023 01:00,24.4,67,0
12-04-2023 01:15,24.2,63,0
12-04-2023 01:30,24,68,0
12-04-2023 01:45,23.7,69,0
12-04-2023 02:00,22.9,71,0
12-04-2023 02:15,22.9,73,0
12-04-2023 02:30,22.9,72,0
12-04-2023 02:45,22.8,73,0
12-04-2023 03:00,22.4,75,0
12-04-2023 03:15,22,77,0
12-04-2023 03:30,22,75,0
12-04-2023 03:45,22.3,76,0
12-04-2023 04:00,22.5,75,0
12-04-2023 04:15,21.7,79,0
12-04-2023 04:30,21.4,82,0
12-04-2023 04:45,21.1,83,0
12-04-2023 05:00,21.4,77,0
12-04-2023 05:15,21.2,78,0
12-04-2023 05:30,21.8,81,0
12-04-2023 05:45,22.1,79,0
12-04-2023 06:00,22.6,76,0
12-04-2023 06:15,22.4,78,0
12-04-2023 06:30,22.3,79,0
12-04-2023 06:45,22.4,78,0
12-04-2023 07:00,22.7,77,0
12-04-2023 07:15,23,76,0
12-04-2023 07:30,23.8,73,0
12-04-2023 07:45,24.4,71,0
12-04-2023 08:00,25.6,67,0
12-04-2023 08:15,26.3,65,0
12-04-2023 08:30,27.1,63,0
12-04-2023 08:45,28.1,60,0
12-04-2023 09:00,29.2,56,0
12-04-2023 09:15,30.6,48,0
12-04-2023 09:30,32.3,43,0
12-04-2023 09:45,33.9,40,0
12-04-2023 10:00,34.3,39,0
12-04-2023 10:15,34.9,29,0
12-04-2023 10:30,35.3,29,0
12-04-2023 10:45,35.8,28,0
12-04-2023 11:00,36.5,28,0
12-04-2023 11:15,36.2,26,0
12-04-2023 11:30,37,26,0
12-04-2023 11:45,37.5,25,0
12-04-2023 12:00,37.6,25,0
12-04-2023 12:30,38,25,0
12-04-2023 12:45,38.2,24,0
12-04-2023 13:00,38.4,24,0
12-04-2023 13:15,38.5,23,0
12-04-2023 13:30,39.2,24,0
12-04-2023 13:45,39.5,22,0
12-04-2023 14:00,39.4,21,0
12-04-2023 14:15,39.5,21,0
12-04-2023 14:30,40,21,0
12-04-2023 14:45,39.1,21,0
12-04-2023 15:00,39.4,21,0
12-04-2023 15:15,39.5,21,0
12-04-2023 15:30,40.1,20,0
12-04-2023 15:45,40,21,0
12-04-2023 16:00,40.1,19,0
12-04-2023 16:15,40.4,20,0
12-04-2023 16:30,39.4,22,0
12-04-2023 16:45,38.5,23,0
12-04-2023 17:00,38.4,23,0
12-04-2023 17:15,38.1,23,0
12-04-2023 17:30,38.1,23,0
12-04-2023 17:45,37.9,23,0
12-04-2023 18:00,37,24,0
12-04-2023 18:15,35.8,27,0
12-04-2023 18:30,35.2,28,0
12-04-2023 18:45,34.7,28,0
12-04-2023 19:00,34.4,28,0
12-04-2023 19:30,33.8,32,0
12-04-2023 19:45,33.2,33,0
12-04-2023 20:00,33.1,32,0
12-04-2023 20:15,32.4,34,0
12-04-2023 20:30,32,35,0
12-04-2023 20:45,31.6,38,0
12-04-2023 21:00,31.3,40,0
12-04-2023 21:15,32,37,0
12-04-2023 21:30,31.9,37,0
12-04-2023 21:45,31.3,40,0
12-04-2023 22:00,32,38,0
12-04-2023 22:15,32,38,0
12-04-2023 22:30,31.5,40,0
12-04-2023 22:45,31.3,41,0
12-04-2023 23:00,31.1,42,0
12-04-2023 23:15,30.6,44,0
12-04-2023 23:30,30.2,45,0
12-04-2023 23:45,30,46,0
13-04-2023 00:00,29.9,46,0
13-04-2023 00:15,29.7,47,0
13-04-2023 00:30,29.5,48,0
13-04-2023 00:45,29.6,48,0
13-04-2023 01:00,28.9,50,0
13-04-2023 01:15,28.8,51,0
13-04-2023 01:30,28.6,50,0
13-04-2023 01:45,28.3,52,0
13-04-2023 02:00,27.8,54,0
13-04-2023 02:15,27,57,0
13-04-2023 02:30,26.6,58,0
13-04-2023 02:45,26.2,60,0
13-04-2023 03:00,25.8,64,0
13-04-2023 03:15,25.6,61,0
13-04-2023 03:30,25.6,64,0
13-04-2023 03:45,24.9,66,0
13-04-2023 04:00,24.7,67,0
13-04-2023 04:15,24.3,67,0
13-04-2023 04:30,24,68,0
13-04-2023 04:45,23.8,69,0
13-04-2023 05:00,23.6,70,0
13-04-2023 05:15,23.3,71,0
13-04-2023 05:30,23.4,70,0
13-04-2023 05:45,23.6,69,0
13-04-2023 06:00,23,72,0
13-04-2023 06:15,22.7,74,0
13-04-2023 06:30,23.5,73,0
13-04-2023 06:45,22.7,75,0
13-04-2023 07:00,23.1,73,0
13-04-2023 07:15,23.6,73,0
13-04-2023 07:30,24.4,71,0
13-04-2023 07:45,25.8,68,0
13-04-2023 08:00,27.8,60,0
13-04-2023 08:15,28.7,51,0
13-04-2023 08:30,29.8,47,0
13-04-2023 08:45,29.5,53,0
13-04-2023 09:00,29.4,54,0
13-04-2023 09:15,30.7,47,0
13-04-2023 09:30,31.6,47,0
13-04-2023 09:45,33,42,0
13-04-2023 10:00,33.7,39,0
13-04-2023 10:15,33.7,38,0
13-04-2023 10:30,34.7,35,0
13-04-2023 10:45,35,34,0
13-04-2023 11:00,35.7,33,0
13-04-2023 11:30,35.7,33,0
13-04-2023 11:45,36,33,0
13-04-2023 12:00,36,33,0
13-04-2023 12:15,36,36,0
13-04-2023 12:30,36.2,34,0
13-04-2023 12:45,37,29,0
13-04-2023 13:00,37.3,29,0
13-04-2023 13:15,37.8,27,0
13-04-2023 13:30,38.1,26,0
13-04-2023 13:45,37.8,25,0
13-04-2023 14:00,37.9,25,0
13-04-2023 14:15,38,25,0
13-04-2023 14:30,37.9,25,0
13-04-2023 15:15,38.4,22,0
13-04-2023 15:30,37.8,21,0
13-04-2023 15:45,38.1,21,0
13-04-2023 16:00,38.8,21,0
13-04-2023 16:15,38.7,23,0
13-04-2023 16:30,37.6,25,0
13-04-2023 16:45,38.7,24,0
13-04-2023 17:00,38.2,24,0
13-04-2023 17:15,37.6,25,0
13-04-2023 17:30,37.3,26,0
13-04-2023 17:45,37.3,27,0
13-04-2023 18:00,36.6,28,0
13-04-2023 18:15,36.2,30,0
13-04-2023 18:30,35.5,31,0
13-04-2023 18:45,34.9,30,0
13-04-2023 19:00,34.4,30,0
13-04-2023 19:15,33.8,33,0
13-04-2023 19:30,33.4,36,0
13-04-2023 19:45,30.6,40,0
13-04-2023 20:00,29.2,43,0
13-04-2023 20:15,29.2,43,0
13-04-2023 20:30,28.5,49,0
13-04-2023 20:45,28.8,47,0
13-04-2023 21:00,28.7,44,0
13-04-2023 21:15,27,48,0
13-04-2023 21:30,26.3,51,0
13-04-2023 21:45,26.6,49,0
13-04-2023 22:00,27.2,45,0
13-04-2023 22:15,27.9,42,0
13-04-2023 22:30,27.5,42,0
13-04-2023 22:45,27.3,44,0
13-04-2023 23:00,26.8,45,0
13-04-2023 23:15,26.7,45,0
13-04-2023 23:30,26.2,48,0
13-04-2023 23:45,25.1,53,0
14-04-2023 00:00,25.4,52,0
14-04-2023 00:30,24.2,59,0
14-04-2023 00:45,23.5,62,0
14-04-2023 01:00,24.1,59,0
14-04-2023 01:15,25.1,55,0
14-04-2023 01:30,25.3,52,0
14-04-2023 01:45,25,54,0
14-04-2023 02:00,24.8,56,0
14-04-2023 02:15,24.6,56,0
14-04-2023 02:30,24.2,58,0
14-04-2023 02:45,23.9,60,0
14-04-2023 03:00,23.8,60,0
14-04-2023 03:15,23.5,61,0
14-04-2023 03:30,23.8,60,0
14-04-2023 03:45,23.6,61,0
14-04-2023 04:00,23.3,63,0
14-04-2023 04:15,23.1,64,0
14-04-2023 04:30,22.2,69,0
14-04-2023 04:45,22,69,0
14-04-2023 05:00,22.1,67,0
14-04-2023 05:15,22.6,65,0
14-04-2023 05:30,22.4,64,0
14-04-2023 05:45,22.5,64,0
14-04-2023 06:00,22.1,66,0
14-04-2023 06:30,21.2,71,0
14-04-2023 06:45,20.6,76,0
14-04-2023 07:00,20.9,74,0
14-04-2023 07:15,21.7,73,0
14-04-2023 07:30,22.8,71,0
14-04-2023 07:45,23.7,66,0
14-04-2023 08:00,24.9,63,0
14-04-2023 08:15,26.3,58,0
14-04-2023 08:30,26.8,54,0
14-04-2023 08:45,28.1,50,0
14-04-2023 09:00,29.7,45,0
14-04-2023 09:15,29.8,43,0
14-04-2023 09:30,30.9,42,0
14-04-2023 09:45,31.6,39,0
14-04-2023 10:00,33,36,0
14-04-2023 10:15,33.5,33,0
14-04-2023 10:30,34,33,0
14-04-2023 10:45,35.2,31,0
14-04-2023 11:00,35.1,29,0
14-04-2023 11:15,36.7,25,0
14-04-2023 11:30,36.5,26,0
14-04-2023 11:45,36.7,25,0
14-04-2023 12:00,36.8,25,0
14-04-2023 12:15,37.6,25,0
14-04-2023 12:30,38.3,25,0
14-04-2023 12:45,38.2,24,0
14-04-2023 13:00,38.1,24,0
14-04-2023 13:30,38.1,25,0
14-04-2023 13:45,38,24,0
14-04-2023 14:00,37.9,23,0
14-04-2023 14:15,38.1,23,0
14-04-2023 14:30,38,23,0
14-04-2023 14:45,38.1,22,0
14-04-2023 15:00,38.3,23,0
14-04-2023 15:15,38.1,22,0
14-04-2023 15:30,38.3,22,0
14-04-2023 15:45,37.7,23,0
14-04-2023 16:00,35.9,29,0
14-04-2023 16:15,35.5,28,0
14-04-2023 16:30,37.1,24,0
14-04-2023 17:00,36.2,28,0
14-04-2023 17:15,36.6,27,0
14-04-2023 17:30,36.3,28,0
14-04-2023 17:45,35.9,28,0
14-04-2023 18:00,35.1,29,0
14-04-2023 18:15,34.6,30,0
14-04-2023 18:30,34.2,30,0
14-04-2023 18:45,33.9,31,0
14-04-2023 19:00,33.5,33,0
14-04-2023 19:15,33.1,36,0
14-04-2023 19:30,32.9,38,0
14-04-2023 19:45,32.7,39,0
14-04-2023 20:00,31.8,42,0
14-04-2023 20:15,28.5,48,0
14-04-2023 20:30,22.8,80,2.5
14-04-2023 20:45,22.9,75,5.5
14-04-2023 21:00,22.7,82,5.5
14-04-2023 21:15,23.3,80,5.5
14-04-2023 21:30,23.8,83,5.5
14-04-2023 21:45,23.6,84,5.5
14-04-2023 22:00,23.4,85,5.5
14-04-2023 22:15,23.3,84,5.5
14-04-2023 22:30,23.6,84,5.5
14-04-2023 22:45,23.2,87,5.5
14-04-2023 23:00,23.1,88,5.5
14-04-2023 23:15,22.9,88,5.5
14-04-2023 23:30,22.8,88,5.5
14-04-2023 23:45,22.9,89,5.5
15-04-2023 00:00,23.2,88,5.5
15-04-2023 00:15,23.8,85,5.5
15-04-2023 00:30,23.6,87,5.5
15-04-2023 00:45,23.4,87,5.5
15-04-2023 01:00,23.3,88,5.5
15-04-2023 01:15,24,75,5.5
15-04-2023 01:30,24.1,72,5.5
15-04-2023 01:45,24,71,5.5
15-04-2023 02:00,24,70,5.5
15-04-2023 02:15,24.2,68,5.5
15-04-2023 02:30,23.8,70,5.5
15-04-2023 02:45,23.9,69,5.5
15-04-2023 03:00,23.6,73,5.5
15-04-2023 03:15,23.5,73,5.5
15-04-2023 03:30,23.1,77,5.5
15-04-2023 03:45,23.2,79,5.5
15-04-2023 04:00,23.3,78,5.5
15-04-2023 04:15,23.3,78,5.5
15-04-2023 04:30,23.2,76,5.5
15-04-2023 04:45,23.4,73,5.5
15-04-2023 05:00,23.3,72,5.5
15-04-2023 05:15,23.3,72,5.5
15-04-2023 05:30,23.2,72,5.5
15-04-2023 05:45,23.3,71,5.5
15-04-2023 06:00,22.7,75,5.5
15-04-2023 06:15,22.6,75,5.5
15-04-2023 06:30,22.8,75,5.5
15-04-2023 06:45,23,75,5.5
15-04-2023 07:00,23,74,5.5
15-04-2023 07:15,23.3,72,5.5
15-04-2023 07:30,23.6,73,5.5
15-04-2023 07:45,24.4,70,5.5
15-04-2023 08:00,25.3,65,5.5
15-04-2023 08:15,26.1,63,5.5
15-04-2023 08:30,26.4,62,5.5
15-04-2023 08:45,27,63,0
15-04-2023 09:00,27.3,60,0
15-04-2023 09:15,28.8,56,0
15-04-2023 09:30,29.6,48,0
15-04-2023 09:45,29.6,50,0
15-04-2023 10:00,29.5,52,0
15-04-2023 10:30,31.2,47,0
15-04-2023 10:45,31.9,48,0
15-04-2023 11:00,32,47,0
15-04-2023 11:15,31.9,46,0
15-04-2023 11:30,32.7,45,0
15-04-2023 11:45,33.1,41,0
15-04-2023 12:00,33.7,43,0
15-04-2023 12:15,34,40,0
15-04-2023 12:30,34.3,39,0
15-04-2023 12:45,35,36,0
15-04-2023 13:00,35.2,36,0
15-04-2023 13:15,35.3,35,0
15-04-2023 13:30,35.8,32,0
15-04-2023 13:45,36.4,34,0
15-04-2023 14:00,36.8,32,0
15-04-2023 14:15,37.1,31,0
15-04-2023 14:30,37.3,31,0
15-04-2023 14:45,37.3,29,0
15-04-2023 15:00,37.8,27,0
15-04-2023 15:15,37.8,23,0
15-04-2023 15:30,38,25,0
15-04-2023 15:45,36.9,28,0
15-04-2023 16:00,36.1,31,0
15-04-2023 16:15,35.7,29,0
15-04-2023 16:30,34.8,29,0
15-04-2023 16:45,32.4,35,0
15-04-2023 17:00,31.6,33,0
15-04-2023 17:15,30,40,0
15-04-2023 17:30,28.4,47,0
15-04-2023 17:45,27.9,53,0
15-04-2023 18:00,28.1,47,0
15-04-2023 18:15,28.2,45,0
15-04-2023 18:30,28.8,42,0
15-04-2023 18:45,29.1,41,0
15-04-2023 19:00,28.8,41,0
15-04-2023 19:15,28.4,43,0
15-04-2023 19:30,27.9,45,0
15-04-2023 19:45,27.7,45,0
15-04-2023 20:00,27,48,0
15-04-2023 20:15,26.7,51,0
15-04-2023 20:30,26.3,53,0
15-04-2023 20:45,25.8,54,0
15-04-2023 21:00,25.7,54,0
15-04-2023 21:15,25.8,53,0
15-04-2023 21:30,25.7,53,0
15-04-2023 21:45,25.7,53,0
15-04-2023 22:00,24.8,59,0
15-04-2023 22:15,24.1,62,0
15-04-2023 22:30,24.1,62,0
15-04-2023 22:45,24.1,61,0
15-04-2023 23:00,23.7,65,0
15-04-2023 23:15,23.4,66,0
15-04-2023 23:30,23.2,68,0
15-04-2023 23:45,22.2,71,0
16-04-2023 00:00,21.6,73,0
16-04-2023 00:15,21.6,74,0
16-04-2023 00:30,21.7,77,0
16-04-2023 00:45,22,77,0
16-04-2023 01:00,21.6,80,0
16-04-2023 01:15,21.4,82,0
16-04-2023 01:30,21.5,79,0
16-04-2023 01:45,21.2,82,0
16-04-2023 02:00,21.2,83,0
16-04-2023 02:15,21.3,82,0
16-04-2023 02:30,21.6,79,0
16-04-2023 02:45,20.2,84,0
16-04-2023 03:00,19.6,88,0
16-04-2023 03:15,19.3,88,0
16-04-2023 03:30,19.6,88,0
16-04-2023 03:45,19.6,89,0
16-04-2023 04:00,19.3,88,0
16-04-2023 04:15,18.8,89,0
16-04-2023 04:30,18.9,89,0
16-04-2023 04:45,18.9,89,0
16-04-2023 05:00,19.2,89,0
16-04-2023 05:15,20,87,0
16-04-2023 05:30,19.7,87,0
16-04-2023 05:45,19.6,88,0
16-04-2023 06:00,19.2,89,0
16-04-2023 06:15,19.1,89,0
16-04-2023 06:30,19.2,89,0
16-04-2023 06:45,19.7,89,0
16-04-2023 07:00,19.9,88,0
16-04-2023 07:15,20.6,87,0
16-04-2023 07:30,21.4,84,0
16-04-2023 07:45,22.3,79,0
16-04-2023 08:00,23.7,74,0
16-04-2023 08:15,24.6,67,0
16-04-2023 08:30,25.9,61,0
16-04-2023 08:45,26.9,59,0
16-04-2023 09:00,27.8,50,0
16-04-2023 09:15,29.3,47,0
16-04-2023 09:30,29.8,46,0
16-04-2023 09:45,30,44,0
16-04-2023 10:00,30.3,44,0
16-04-2023 10:15,31.1,45,0
16-04-2023 10:30,31.7,43,0
16-04-2023 10:45,32,40,0
16-04-2023 11:00,33.1,38,0
16-04-2023 11:15,33.5,36,0
16-04-2023 11:30,34.1,34,0
16-04-2023 11:45,34.6,35,0
16-04-2023 12:00,35,34,0
16-04-2023 12:15,34.7,32,0
16-04-2023 12:30,35,31,0
16-04-2023 13:15,36.1,29,0
16-04-2023 13:30,36.1,29,0
16-04-2023 13:45,37.2,28,0
16-04-2023 14:00,37.6,28,0
16-04-2023 14:15,37.1,28,0
16-04-2023 14:30,37.6,26,0
16-04-2023 14:45,36.3,28,0
16-04-2023 15:00,35.4,30,0
16-04-2023 15:15,34.7,32,0
16-04-2023 15:30,34.2,34,0
16-04-2023 15:45,31.8,35,0
16-04-2023 16:00,31.6,38,0
16-04-2023 16:15,31.9,36,0
16-04-2023 16:30,31.4,40,0
16-04-2023 16:45,31,41,0
16-04-2023 17:00,31.1,40,0
16-04-2023 17:15,32.2,35,0
16-04-2023 17:30,32.3,33,0
16-04-2023 17:45,32.7,34,0
16-04-2023 18:00,33.3,34,0
16-04-2023 18:15,33.2,33,0
16-04-2023 18:30,32.9,34,0
16-04-2023 18:45,32.2,36,0
16-04-2023 19:00,31.5,40,0
16-04-2023 19:15,31.2,41,0
16-04-2023 19:30,30.5,44,0
16-04-2023 19:45,30,45,0
16-04-2023 20:00,29.6,46,0
16-04-2023 20:15,29.2,46,0
16-04-2023 20:30,29.1,46,0
16-04-2023 20:45,28.9,48,0
16-04-2023 21:00,28.8,47,0
16-04-2023 21:15,28.7,48,0
16-04-2023 21:30,27.8,52,0
16-04-2023 21:45,27.7,52,0
16-04-2023 22:00,27.6,54,0
16-04-2023 22:30,27.2,55,0
16-04-2023 22:45,27.1,56,0
16-04-2023 23:00,26.6,57,0
16-04-2023 23:15,26.5,57,0
16-04-2023 23:30,26.2,57,0
16-04-2023 23:45,25.6,60,0
17-04-2023 00:00,25.7,61,0
17-04-2023 00:15,25.4,62,0
17-04-2023 00:30,25,63,0
17-04-2023 00:45,25.2,62,0
17-04-2023 01:00,25,62,0
17-04-2023 01:15,24.8,64,0
17-04-2023 01:30,24.2,66,0
17-04-2023 01:45,24.4,64,0
17-04-2023 02:00,24.7,61,0
17-04-2023 02:15,23.6,66,0
17-04-2023 02:30,23.3,67,0
17-04-2023 02:45,22.6,70,0
17-04-2023 03:00,22.4,70,0
17-04-2023 03:15,22.4,69,0
17-04-2023 03:30,21.8,80,0
17-04-2023 03:45,21.4,77,0
17-04-2023 04:00,21.2,76,0
17-04-2023 04:15,21.4,75,0
17-04-2023 04:30,21.9,73,0
17-04-2023 04:45,22.1,72,0
17-04-2023 05:00,22.1,71,0
17-04-2023 05:15,22,72,0
17-04-2023 05:30,21.8,73,0
17-04-2023 05:45,21.3,74,0
17-04-2023 06:00,21.3,75,0
17-04-2023 06:15,21.4,75,0
17-04-2023 06:30,21.7,73,0
17-04-2023 06:45,21.7,74,0
17-04-2023 07:00,22.2,73,0
17-04-2023 07:15,22.7,74,0
17-04-2023 07:30,23.7,67,0
17-04-2023 07:45,24.1,68,0
17-04-2023 08:00,24.8,68,0
17-04-2023 08:15,26.4,61,0
17-04-2023 08:30,27.9,54,0
17-04-2023 08:45,29.1,50,0
17-04-2023 09:00,29.8,46,0
17-04-2023 09:15,31,37,0
17-04-2023 09:30,31.9,42,0
17-04-2023 09:45,32.1,41,0
17-04-2023 10:00,33.1,39,0
17-04-2023 10:15,33.7,38,0
17-04-2023 10:30,34.7,38,0
17-04-2023 10:45,35.2,35,0
17-04-2023 11:00,35.2,34,0
17-04-2023 11:15,35.5,34,0
17-04-2023 11:30,36.3,31,0
17-04-2023 11:45,36.4,32,0
17-04-2023 12:00,37.1,31,0
17-04-2023 12:15,37.1,31,0
17-04-2023 12:30,37.6,28,0
17-04-2023 12:45,37.7,28,0
17-04-2023 13:00,38.6,26,0
17-04-2023 13:15,38,27,0
17-04-2023 13:30,38.5,23,0
17-04-2023 13:45,38.7,22,0
17-04-2023 14:00,38.9,24,0
17-04-2023 14:15,39.6,22,0
17-04-2023 14:30,39.5,23,0
17-04-2023 14:45,39.2,23,0
17-04-2023 15:00,38.9,23,0
17-04-2023 15:15,39.5,22,0
17-04-2023 15:30,39.5,22,0
17-04-2023 15:45,39.3,23,0
17-04-2023 16:00,38.2,23,0
17-04-2023 16:15,37,26,0
17-04-2023 16:30,36,26,0
17-04-2023 16:45,36,26,0
17-04-2023 17:00,36,26,0
17-04-2023 17:15,35.7,26,0
17-04-2023 17:30,35.5,26,0
17-04-2023 17:45,35.3,26,0
17-04-2023 18:00,34.8,28,0
17-04-2023 18:15,32.3,37,0
17-04-2023 18:30,31.5,41,0
17-04-2023 18:45,31.6,40,0
17-04-2023 19:00,30.6,40,0
17-04-2023 19:15,29.7,44,0
17-04-2023 19:30,29.2,46,0
17-04-2023 19:45,28.9,47,0
17-04-2023 20:00,28.8,46,0
17-04-2023 20:15,28.5,46,0
17-04-2023 20:30,28.6,45,0
17-04-2023 20:45,28.5,46,0
17-04-2023 21:00,28.2,47,0
17-04-2023 21:15,28.2,48,0
17-04-2023 21:30,27.8,49,0
17-04-2023 21:45,27.5,51,0
17-04-2023 22:00,27.4,52,0
17-04-2023 22:15,26.2,54,0
17-04-2023 22:30,26.1,58,0
17-04-2023 22:45,25.4,60,0
17-04-2023 23:00,25.2,60,0
17-04-2023 23:15,25.2,63,0
17-04-2023 23:30,24.8,63,0
17-04-2023 23:45,24.5,66,0
18-04-2023 00:00,24.4,66,0
18-04-2023 00:30,24.1,68,0
18-04-2023 00:45,23.9,70,0
18-04-2023 01:00,23.7,71,0
18-04-2023 01:15,23.6,72,0
18-04-2023 01:30,23.6,74,0
18-04-2023 01:45,23.2,71,0
18-04-2023 02:00,23,76,0
18-04-2023 02:15,23.2,75,0
18-04-2023 02:30,22.7,73,0
18-04-2023 02:45,22.7,78,0
18-04-2023 03:00,22.4,82,0
18-04-2023 03:15,22.1,82,0
18-04-2023 03:30,22.2,83,0
18-04-2023 03:45,21.8,80,0
18-04-2023 04:00,21.7,83,0
18-04-2023 04:15,21.4,82,0
18-04-2023 04:30,21.1,84,0
18-04-2023 04:45,21.2,85,0
18-04-2023 05:00,21.6,83,0
18-04-2023 05:15,21.9,76,0
18-04-2023 05:30,21.8,82,0
18-04-2023 05:45,21.9,81,0
18-04-2023 06:00,21.6,84,0
18-04-2023 06:30,21.3,85,0
18-04-2023 06:45,21.7,79,0
18-04-2023 07:00,23.2,75,0
18-04-2023 07:15,24,72,0
18-04-2023 07:30,24.6,69,0
18-04-2023 07:45,25,68,0
18-04-2023 08:00,25.7,61,0
18-04-2023 08:15,26.7,58,0
18-04-2023 08:30,27.7,56,0
18-04-2023 08:45,29.1,48,0
18-04-2023 09:00,30.2,45,0
18-04-2023 09:15,32,36,0
18-04-2023 09:30,33.1,36,0
18-04-2023 09:45,33.5,36,0
18-04-2023 10:00,34.1,35,0
18-04-2023 10:15,35.3,28,0
18-04-2023 10:30,36.6,22,0
18-04-2023 10:45,36.7,23,0
18-04-2023 11:00,36.9,25,0
18-04-2023 11:15,37.3,26,0
18-04-2023 11:30,37.4,24,0
18-04-2023 11:45,37.8,24,0
18-04-2023 12:00,38.2,23,0
18-04-2023 12:15,38.2,21,0
18-04-2023 12:30,38.3,20,0
18-04-2023 13:15,39.1,19,0
18-04-2023 13:30,39.4,20,0
18-04-2023 13:45,39.4,19,0
18-04-2023 14:00,40.3,17,0
18-04-2023 14:15,40.5,18,0
18-04-2023 14:30,40.4,17,0
18-04-2023 14:45,40.6,18,0
18-04-2023 15:00,40.5,18,0
18-04-2023 15:15,40.5,17,0
18-04-2023 15:30,40.4,17,0
18-04-2023 15:45,40.9,18,0
18-04-2023 16:00,40.1,18,0
18-04-2023 16:30,41.2,17,0
18-04-2023 16:45,39.9,18,0
18-04-2023 17:00,40.3,18,0
18-04-2023 17:15,40,19,0
18-04-2023 17:30,39.5,20,0
18-04-2023 17:45,39.1,20,0
18-04-2023 18:00,38.3,21,0
18-04-2023 18:15,37.9,21,0
18-04-2023 18:30,37.2,22,0
18-04-2023 18:45,36.4,23,0
18-04-2023 19:00,35.4,25,0
18-04-2023 19:15,33.3,30,0
18-04-2023 19:30,32.5,34,0
18-04-2023 19:45,31.7,36,0
18-04-2023 20:00,31.3,36,0
18-04-2023 20:15,30.9,34,0
18-04-2023 20:30,32,35,0
18-04-2023 20:45,31.7,40,0
18-04-2023 21:00,31.4,41,0
18-04-2023 21:15,31.1,43,0
18-04-2023 21:30,31.2,42,0
18-04-2023 21:45,31,42,0
18-04-2023 22:00,30.8,43,0
18-04-2023 22:15,30.5,44,0
18-04-2023 22:30,30.1,44,0
18-04-2023 22:45,29.8,45,0
18-04-2023 23:00,28.6,48,0
18-04-2023 23:15,27.9,52,0
18-04-2023 23:30,27.4,53,0
18-04-2023 23:45,26.6,54,0
19-04-2023 00:00,27.5,48,0
19-04-2023 00:30,27.1,49,0
19-04-2023 00:45,26,57,0
19-04-2023 01:00,25.4,59,0
19-04-2023 01:15,25.1,57,0
19-04-2023 01:30,24.6,66,0
19-04-2023 01:45,24.3,63,0
19-04-2023 02:00,24.1,63,0
19-04-2023 02:15,23.7,63,0
19-04-2023 02:30,23.4,64,0
19-04-2023 02:45,23.6,64,0
19-04-2023 03:00,23.7,63,0
19-04-2023 03:15,24.1,61,0
19-04-2023 03:30,23,66,0
19-04-2023 03:45,22.4,70,0
19-04-2023 04:00,22.3,67,0
19-04-2023 04:15,22.2,70,0
19-04-2023 04:30,22,70,0
19-04-2023 04:45,21.9,70,0
19-04-2023 05:00,21.9,68,0
19-04-2023 05:15,22.3,67,0
19-04-2023 05:30,22.3,66,0
19-04-2023 05:45,21.3,79,0
19-04-2023 06:00,20.9,75,0
19-04-2023 06:15,20.4,75,0
19-04-2023 06:30,20.5,75,0
19-04-2023 06:45,20.9,73,0
19-04-2023 07:00,21.6,69,0
19-04-2023 07:15,22.6,67,0
19-04-2023 07:30,24,63,0
19-04-2023 07:45,25.5,61,0
19-04-2023 08:00,26.5,55,0
19-04-2023 08:15,27.2,54,0
19-04-2023 08:30,28.3,50,0
19-04-2023 08:45,29.3,49,0
19-04-2023 09:00,30.7,41,0
19-04-2023 09:15,32.7,37,0
19-04-2023 09:30,33.9,33,0
19-04-2023 10:15,36.1,23,0
19-04-2023 10:30,36.9,24,0
19-04-2023 10:45,37.1,23,0
19-04-2023 11:00,37.2,23,0
19-04-2023 11:15,37.7,23,0
19-04-2023 11:30,38.2,19,0
19-04-2023 11:45,38.3,19,0
19-04-2023 12:00,38.6,18,0
19-04-2023 12:15,39.1,19,0
19-04-2023 12:30,38.9,18,0
19-04-2023 12:45,39.3,18,0
19-04-2023 13:00,39.1,18,0
19-04-2023 13:15,39.5,18,0
19-04-2023 13:30,40.3,18,0
19-04-2023 13:45,39.7,17,0
19-04-2023 14:00,40.5,17,0
19-04-2023 14:15,40.2,17,0
19-04-2023 14:30,40.1,17,0
19-04-2023 14:45,39.9,17,0
19-04-2023 15:00,40.1,17,0
19-04-2023 15:15,40.4,16,0
19-04-2023 15:30,39.7,18,0
19-04-2023 15:45,39.9,18,0
19-04-2023 16:00,40.8,17,0
19-04-2023 16:15,39.3,18,0
19-04-2023 16:30,39,17,0
19-04-2023 16:45,39.4,18,0
19-04-2023 17:00,39.8,18,0
19-04-2023 17:15,39.9,17,0
19-04-2023 17:30,39.2,18,0
19-04-2023 17:45,38.7,18,0
19-04-2023 18:00,38.5,19,0
19-04-2023 18:15,37.3,21,0
19-04-2023 18:30,36.9,22,0
19-04-2023 18:45,36.1,22,0
19-04-2023 19:00,35.3,24,0
19-04-2023 19:15,34.3,28,0
19-04-2023 19:30,33.9,29,0
19-04-2023 19:45,34.3,30,0
19-04-2023 20:00,34.1,30,0
19-04-2023 20:15,33.1,33,0
19-04-2023 20:30,33.3,36,0
19-04-2023 21:15,32.1,36,0
19-04-2023 21:30,31.4,36,0
19-04-2023 21:45,30.9,36,0
19-04-2023 22:00,30.1,39,0
19-04-2023 22:15,29.3,40,0
19-04-2023 22:30,29.7,38,0
19-04-2023 22:45,29.7,38,0
19-04-2023 23:00,29,41,0
19-04-2023 23:15,28.8,41,0
19-04-2023 23:30,27.3,51,0
19-04-2023 23:45,27.1,47,0
20-04-2023 00:00,27.8,47,0
20-04-2023 00:30,27.5,47,0
20-04-2023 00:45,27.4,48,0
20-04-2023 01:00,27.1,50,0
20-04-2023 01:15,26.9,49,0
20-04-2023 01:30,26.8,48,0
20-04-2023 01:45,26.6,48,0
20-04-2023 02:00,26.1,49,0
20-04-2023 02:15,24.9,55,0
20-04-2023 02:30,24.2,57,0
20-04-2023 02:45,24,57,0
20-04-2023 03:00,24,57,0
20-04-2023 03:15,25.2,53,0
20-04-2023 03:30,25.6,52,0
20-04-2023 03:45,24.5,55,0
20-04-2023 04:00,23.6,60,0
20-04-2023 04:15,23.5,61,0
20-04-2023 04:30,22.9,63,0
20-04-2023 04:45,23.2,61,0
20-04-2023 05:00,22.5,63,0
20-04-2023 05:15,21.7,71,0
20-04-2023 05:30,22.3,67,0
20-04-2023 05:45,22.5,65,0
20-04-2023 06:00,22,68,0
20-04-2023 06:15,22.2,65,0
20-04-2023 06:30,22.7,64,0
20-04-2023 06:45,23.1,63,0
20-04-2023 07:00,23.6,66,0
20-04-2023 07:15,23.7,66,0
20-04-2023 07:30,24.2,61,0
20-04-2023 07:45,25.3,61,0
20-04-2023 08:00,26.8,55,0
20-04-2023 08:15,27,56,0
20-04-2023 08:30,28.1,54,0
20-04-2023 08:45,29.1,49,0
20-04-2023 09:00,30.6,46,0
20-04-2023 09:15,32,42,0
20-04-2023 09:30,33,38,0
20-04-2023 09:45,33.8,34,0
20-04-2023 10:00,34.4,33,0
20-04-2023 10:15,35.2,30,0
20-04-2023 10:30,35.6,30,0
20-04-2023 10:45,36.7,28,0
20-04-2023 11:00,37.2,25,0
20-04-2023 11:15,36.9,25,0
20-04-2023 11:30,37.6,23,0
20-04-2023 11:45,38,23,0
20-04-2023 12:00,37.2,25,0
20-04-2023 12:15,37.7,25,0
20-04-2023 12:30,37.8,23,0
20-04-2023 12:45,39,22,0
20-04-2023 13:00,39,22,0
20-04-2023 13:15,38.9,22,0
20-04-2023 13:30,38.8,21,0
20-04-2023 13:45,38.5,21,0
20-04-2023 14:00,37.9,22,0
20-04-2023 14:15,37.8,23,0
20-04-2023 14:30,37.5,23,0
20-04-2023 14:45,36.5,28,0
20-04-2023 15:00,36.6,28,0
20-04-2023 15:15,38,25,0
20-04-2023 15:30,37.8,25,0
20-04-2023 15:45,37.3,26,0
20-04-2023 16:00,38.1,25,0
20-04-2023 16:15,37.8,27,0
20-04-2023 16:30,37.7,28,0
20-04-2023 16:45,37.2,27,0
20-04-2023 17:00,36.9,29,0
20-04-2023 17:15,36.8,28,0
20-04-2023 17:30,36,28,0
20-04-2023 17:45,35.8,27,0
20-04-2023 18:00,35.5,28,0
20-04-2023 18:15,34.6,36,0
20-04-2023 18:30,33.6,43,0
20-04-2023 18:45,32.9,44,0
20-04-2023 19:00,32.5,43,0
20-04-2023 19:15,32.2,43,0
20-04-2023 19:30,31.9,44,0
20-04-2023 19:45,31.6,45,0
20-04-2023 20:00,31.2,45,0
20-04-2023 20:15,30.9,45,0
20-04-2023 20:30,30.3,44,0
20-04-2023 20:45,29.9,44,0
20-04-2023 21:00,29.5,43,0
20-04-2023 21:15,29.2,42,0
20-04-2023 21:30,29,42,0
20-04-2023 21:45,28.6,43,0
20-04-2023 22:00,28.3,45,0
20-04-2023 22:15,28.1,43,0
20-04-2023 22:30,28,43,0
20-04-2023 22:45,27.6,43,0
20-04-2023 23:00,27.8,41,0
20-04-2023 23:15,27.5,42,0
20-04-2023 23:30,27,44,0
20-04-2023 23:45,26.5,46,0
21-04-2023 00:00,26,48,0
21-04-2023 00:15,25.4,50,0
21-04-2023 00:30,25.3,50,0
21-04-2023 00:45,24.2,54,0
21-04-2023 01:00,23.5,57,0
21-04-2023 01:15,22.9,58,0
21-04-2023 01:30,23,60,0
21-04-2023 01:45,22.5,60,0
21-04-2023 02:00,22.4,58,0
21-04-2023 02:15,22.1,59,0
21-04-2023 02:30,21.4,62,0
21-04-2023 02:45,21.6,62,0
21-04-2023 03:00,22.5,59,0
21-04-2023 03:15,21.5,65,0
21-04-2023 03:30,20.9,69,0
21-04-2023 03:45,20.8,72,0
21-04-2023 04:00,20.4,71,0
21-04-2023 04:15,20.5,70,0
21-04-2023 04:30,20.5,70,0
21-04-2023 04:45,20.2,70,0
21-04-2023 05:00,20.2,75,0
21-04-2023 05:15,19.5,74,0
21-04-2023 05:30,18.9,77,0
21-04-2023 05:45,18.9,76,0
21-04-2023 06:00,18.8,77,0
21-04-2023 06:30,19.1,77,0
21-04-2023 06:45,19.4,77,0
21-04-2023 07:00,19.8,74,0
21-04-2023 07:15,21,74,0
21-04-2023 07:30,22,69,0
21-04-2023 07:45,24.2,61,0
21-04-2023 08:00,25.1,56,0
21-04-2023 08:15,26,52,0
21-04-2023 08:30,26.9,48,0
21-04-2023 08:45,28.1,41,0
21-04-2023 09:00,29.1,40,0
21-04-2023 09:15,29,37,0
21-04-2023 09:30,30.3,34,0
21-04-2023 09:45,31.9,27,0
21-04-2023 10:00,32.1,22,0
21-04-2023 10:15,32.9,24,0
21-04-2023 10:30,33.2,20,0
21-04-2023 10:45,34,19,0
21-04-2023 11:00,33.9,18,0
21-04-2023 11:30,34.3,22,0
21-04-2023 11:45,35.3,21,0
21-04-2023 12:00,36.2,22,0
21-04-2023 12:15,36,22,0
21-04-2023 12:30,36.6,21,0
21-04-2023 12:45,36.8,20,0
21-04-2023 13:00,37.3,16,0
21-04-2023 13:15,37.1,18,0
21-04-2023 13:30,36.6,18,0
21-04-2023 13:45,36.9,18,0
21-04-2023 14:00,36.6,20,0
21-04-2023 14:15,36.6,21,0
21-04-2023 14:30,36.3,21,0
21-04-2023 14:45,36.7,22,0
21-04-2023 15:00,36.8,21,0
21-04-2023 15:15,36.3,20,0
21-04-2023 15:30,36.5,21,0
21-04-2023 15:45,36.9,21,0
21-04-2023 16:00,36.5,21,0
21-04-2023 16:15,36.2,22,0
21-04-2023 16:30,36.2,22,0
21-04-2023 16:45,35.8,23,0
21-04-2023 17:00,35.7,23,0
21-04-2023 17:15,35.2,25,0
21-04-2023 17:30,34.8,28,0
21-04-2023 17:45,34.5,30,0
21-04-2023 18:00,34,31,0
21-04-2023 18:15,33.2,33,0
21-04-2023 18:30,32.6,34,0
21-04-2023 18:45,32,36,0
21-04-2023 19:00,31.5,37,0
21-04-2023 19:15,31,39,0
21-04-2023 19:30,30.6,40,0
21-04-2023 19:45,30.2,40,0
21-04-2023 20:00,29.8,40,0
21-04-2023 20:15,29.1,44,0
21-04-2023 20:30,28.6,45,0
21-04-2023 20:45,28,46,0
21-04-2023 21:00,28,47,0
21-04-2023 21:15,27.6,48,0
21-04-2023 21:30,27.1,51,0
21-04-2023 21:45,26.9,53,0
21-04-2023 22:00,26.5,55,0
21-04-2023 22:15,26.2,56,0
21-04-2023 22:30,26.3,55,0
21-04-2023 22:45,25.9,56,0
21-04-2023 23:00,25.5,58,0
21-04-2023 23:15,25,58,0
21-04-2023 23:30,24.6,57,0
21-04-2023 23:45,23.8,60,0
22-04-2023 00:00,24,57,0
22-04-2023 00:15,23.4,61,0
22-04-2023 00:30,22.8,63,0
22-04-2023 00:45,21.9,62,0
22-04-2023 01:00,22.2,65,0
22-04-2023 01:15,22.2,64,0
22-04-2023 01:30,21.9,65,0
22-04-2023 01:45,21.1,67,0
22-04-2023 02:00,20.3,68,0
22-04-2023 02:15,19.7,73,0
22-04-2023 02:30,19.2,73,0
22-04-2023 02:45,18.7,74,0
22-04-2023 03:00,18.4,78,0
22-04-2023 03:15,18.2,75,0
22-04-2023 03:30,18,80,0
22-04-2023 03:45,17.7,83,0
22-04-2023 04:00,17.4,85,0
22-04-2023 04:15,17.3,85,0
22-04-2023 04:30,16.9,83,0
22-04-2023 04:45,17,86,0
22-04-2023 05:00,16.7,80,0
22-04-2023 05:15,16.7,84,0
22-04-2023 05:30,16.6,86,0
22-04-2023 05:45,16.5,85,0
22-04-2023 06:00,16.7,83,0
22-04-2023 06:15,16.5,85,0
22-04-2023 06:30,16.6,85,0
22-04-2023 06:45,17.8,82,0
22-04-2023 07:00,19.2,76,0
22-04-2023 07:15,20.6,71,0
22-04-2023 07:30,22.1,67,0
22-04-2023 07:45,22.8,63,0
22-04-2023 08:00,24,59,0
22-04-2023 08:15,25.3,53,0
22-04-2023 08:30,26.7,48,0
22-04-2023 08:45,27.8,45,0
22-04-2023 09:00,28.7,42,0
22-04-2023 09:15,29.1,41,0
22-04-2023 09:30,29.5,38,0
22-04-2023 09:45,30.8,37,0
22-04-2023 10:00,31.1,35,0
22-04-2023 10:15,32.1,32,0
22-04-2023 10:30,32.5,29,0
22-04-2023 10:45,33.3,25,0
22-04-2023 11:00,33.8,24,0
22-04-2023 11:15,33.8,24,0
22-04-2023 11:30,34.5,26,0
22-04-2023 11:45,34.6,22,0
22-04-2023 12:00,34.6,22,0
22-04-2023 12:15,34.8,20,0
22-04-2023 12:30,34.8,20,0
22-04-2023 12:45,35.2,22,0
22-04-2023 13:00,35.6,22,0
22-04-2023 13:15,35,23,0
22-04-2023 13:30,35.5,23,0
22-04-2023 13:45,35.4,24,0
22-04-2023 14:00,35.3,23,0
22-04-2023 14:15,35.2,24,0
22-04-2023 14:30,34.8,24,0
22-04-2023 14:45,34.6,25,0
22-04-2023 15:00,34.7,26,0
22-04-2023 15:15,34.9,27,0
22-04-2023 15:30,35,27,0
22-04-2023 15:45,34.8,28,0
22-04-2023 16:00,35.3,28,0
22-04-2023 16:15,35.2,27,0
22-04-2023 16:30,34.2,29,0
22-04-2023 16:45,34.2,29,0
22-04-2023 17:00,34.1,30,0
22-04-2023 17:15,33.7,30,0
22-04-2023 17:30,33.6,32,0
22-04-2023 17:45,33.1,35,0
22-04-2023 18:00,32.2,37,0
22-04-2023 18:15,31.9,38,0
22-04-2023 18:30,31.3,37,0
22-04-2023 18:45,30.5,37,0
22-04-2023 19:00,30,40,0
22-04-2023 19:15,29.6,43,0
22-04-2023 19:30,29.2,44,0
22-04-2023 19:45,28.9,44,0
22-04-2023 20:00,28.6,44,0
22-04-2023 20:15,27.9,50,0
22-04-2023 20:30,27.5,52,0
22-04-2023 20:45,27.1,53,0
22-04-2023 21:00,26.6,56,0
22-04-2023 21:15,26.2,59,0
22-04-2023 21:30,25.9,62,0
22-04-2023 21:45,25.6,63,0
22-04-2023 22:00,25.5,64,0
22-04-2023 22:15,25.2,66,0
22-04-2023 22:30,24.9,67,0
22-04-2023 22:45,24.8,68,0
22-04-2023 23:00,24.4,69,0
22-04-2023 23:15,24,69,0
22-04-2023 23:30,23,71,0
22-04-2023 23:45,22.9,72,0
23-04-2023 00:00,22.6,72,0
23-04-2023 00:30,22.6,74,0
23-04-2023 00:45,22.6,76,0
23-04-2023 01:00,22.8,77,0
23-04-2023 01:15,22.7,77,0
23-04-2023 01:30,22.4,79,0
23-04-2023 01:45,22.2,81,0
23-04-2023 02:00,22,81,0
23-04-2023 02:15,21.4,82,0
23-04-2023 02:30,20.6,83,0
23-04-2023 02:45,20.2,87,0
23-04-2023 03:00,19.8,88,0
23-04-2023 03:15,19.2,88,0
23-04-2023 03:30,19.2,89,0
23-04-2023 03:45,18.8,89,0
23-04-2023 04:00,18.5,89,0
23-04-2023 04:15,18.4,90,0
23-04-2023 04:30,18.2,90,0
23-04-2023 04:45,18.3,91,0
23-04-2023 05:00,18.2,91,0
23-04-2023 05:15,17.9,91,0
23-04-2023 05:30,17.9,91,0
23-04-2023 05:45,17.8,91,0
23-04-2023 06:00,17.9,92,0
23-04-2023 06:15,17.7,91,0
23-04-2023 06:30,17.6,91,0
23-04-2023 06:45,17.9,91,0
23-04-2023 07:00,18.7,90,0
23-04-2023 07:15,20.1,88,0
23-04-2023 07:30,21.4,86,0
23-04-2023 07:45,22.9,73,0
23-04-2023 08:00,23.9,60,0
23-04-2023 08:15,25,55,0
23-04-2023 08:30,26.4,50,0
23-04-2023 08:45,27.4,47,0
23-04-2023 09:00,28.4,43,0
23-04-2023 09:15,29.4,36,0
23-04-2023 09:30,30.6,33,0
23-04-2023 09:45,31.2,33,0
23-04-2023 10:00,31.8,33,0
23-04-2023 10:15,32.7,28,0
23-04-2023 10:30,33.4,27,0
23-04-2023 10:45,33.8,26,0
23-04-2023 11:00,33.9,24,0
23-04-2023 11:15,34.1,24,0
23-04-2023 11:30,34.4,23,0
23-04-2023 11:45,34.9,22,0
23-04-2023 12:00,35.1,22,0
23-04-2023 12:15,35.3,20,0
23-04-2023 12:30,35.6,20,0
23-04-2023 12:45,34.8,20,0
23-04-2023 13:00,35.8,20,0
23-04-2023 13:15,36.4,20,0
23-04-2023 13:30,35,21,0
23-04-2023 13:45,34.6,21,0
23-04-2023 14:00,35.4,20,0
23-04-2023 14:15,36,21,0
23-04-2023 14:30,35.9,25,0
23-04-2023 14:45,36.3,19,0
23-04-2023 15:00,35,27,0
23-04-2023 15:15,34.1,31,0
23-04-2023 15:30,34.1,32,0
23-04-2023 16:15,35.8,27,0
23-04-2023 16:30,35.8,28,0
23-04-2023 16:45,34.8,30,0
23-04-2023 17:00,34.5,28,0
23-04-2023 17:15,34.2,29,0
23-04-2023 17:30,33.1,41,0
23-04-2023 17:45,32.1,46,0
23-04-2023 18:00,32.1,44,0
23-04-2023 18:15,31.4,49,0
23-04-2023 18:30,31,51,0
23-04-2023 18:45,30.5,53,0
23-04-2023 19:00,30.1,52,0
23-04-2023 19:15,29.4,50,0
23-04-2023 19:30,29,51,0
23-04-2023 19:45,28.8,51,0
23-04-2023 20:00,28.5,51,0
23-04-2023 20:15,28.1,53,0
23-04-2023 20:30,28.1,55,0
23-04-2023 20:45,28,55,0
23-04-2023 21:00,27.7,55,0
23-04-2023 21:15,27.5,54,0
23-04-2023 21:30,27.3,55,0
23-04-2023 21:45,27.2,56,0
23-04-2023 22:00,27,56,0
23-04-2023 22:15,26.6,57,0
23-04-2023 22:30,26.4,57,0
23-04-2023 22:45,25.6,58,0
23-04-2023 23:00,25,58,0
23-04-2023 23:15,24.6,61,0
23-04-2023 23:30,24.1,65,0
23-04-2023 23:45,24.7,61,0
24-04-2023 00:00,23.9,64,0
24-04-2023 00:15,23.1,72,0
24-04-2023 00:30,22.4,73,0
24-04-2023 00:45,22,72,0
24-04-2023 01:00,21.7,75,0
24-04-2023 01:15,21.8,73,0
24-04-2023 01:30,21.6,73,0
24-04-2023 01:45,21.1,77,0
24-04-2023 02:00,20.9,77,0
24-04-2023 02:15,21,75,0
24-04-2023 02:30,20.6,81,0
24-04-2023 02:45,20.5,81,0
24-04-2023 03:00,20.7,78,0
24-04-2023 03:15,20.8,75,0
24-04-2023 03:30,20.9,79,0
24-04-2023 03:45,20.4,77,0
24-04-2023 04:00,20.2,81,0
24-04-2023 04:15,20.3,76,0
24-04-2023 04:30,20,76,0
24-04-2023 04:45,19.8,78,0
24-04-2023 05:00,19.2,82,0
24-04-2023 05:15,19,86,0
24-04-2023 05:30,18.5,87,0
24-04-2023 05:45,18.2,87,0
24-04-2023 06:00,18.1,86,0
24-04-2023 06:15,17.8,85,0
24-04-2023 06:30,17.8,87,0
24-04-2023 06:45,18.7,85,0
24-04-2023 07:00,20.4,76,0
24-04-2023 07:15,21.1,73,0
24-04-2023 07:30,22,69,0
24-04-2023 07:45,23.5,60,0
24-04-2023 08:00,25.1,50,0
24-04-2023 08:15,26.3,42,0
24-04-2023 08:30,27.9,44,0
24-04-2023 08:45,28.6,41,0
24-04-2023 09:00,29.6,37,0
24-04-2023 09:15,30.9,29,0
24-04-2023 09:30,32.1,25,0
24-04-2023 09:45,33,21,0
24-04-2023 10:00,33.5,21,0
24-04-2023 10:15,34.4,19,0
24-04-2023 10:30,34.9,16,0
24-04-2023 10:45,35.7,18,0
24-04-2023 11:00,35.3,16,0
24-04-2023 11:15,36.1,15,0
24-04-2023 11:30,36.7,17,0
24-04-2023 11:45,35.7,16,0
24-04-2023 12:00,36.9,18,0
24-04-2023 12:30,36.6,17,0
24-04-2023 12:45,36.7,19,0
24-04-2023 13:00,36.5,18,0
24-04-2023 13:15,37,17,0
24-04-2023 13:30,36.9,16,0
24-04-2023 13:45,38,18,0
24-04-2023 14:00,37.3,18,0
24-04-2023 14:15,37.6,19,0
24-04-2023 14:30,37.2,17,0
24-04-2023 14:45,38.1,16,0
24-04-2023 15:00,38.2,17,0
24-04-2023 15:15,38,17,0
24-04-2023 15:30,37.7,17,0
24-04-2023 15:45,36.9,18,0
24-04-2023 16:00,38,17,0
24-04-2023 16:15,37.7,17,0
24-04-2023 16:30,38,17,0
24-04-2023 16:45,37.1,17,0
24-04-2023 17:00,36.8,17,0
24-04-2023 17:15,39,15,0
24-04-2023 17:30,37.9,16,0
24-04-2023 17:45,37.5,17,0
24-04-2023 18:00,36.2,18,0
24-04-2023 18:15,35.9,19,0
24-04-2023 18:30,35.3,22,0
24-04-2023 18:45,34.1,23,0
24-04-2023 19:00,32.9,25,0
24-04-2023 19:15,31.7,26,0
24-04-2023 19:30,31.6,46,0
24-04-2023 19:45,31.2,50,0
24-04-2023 20:00,31.1,53,0
24-04-2023 20:15,30.7,55,0
24-04-2023 20:30,30.3,57,0
24-04-2023 20:45,30,57,0
24-04-2023 21:00,29.8,58,0
24-04-2023 21:15,29.5,59,0
24-04-2023 21:30,29.1,59,0
24-04-2023 21:45,28.9,59,0
24-04-2023 22:00,28.6,59,0
24-04-2023 22:15,28.3,58,0
24-04-2023 22:30,27.8,58,0
24-04-2023 22:45,27.3,58,0
24-04-2023 23:00,27.2,57,0
24-04-2023 23:15,26.5,56,0
24-04-2023 23:30,26.2,57,0
24-04-2023 23:45,25.6,66,0
25-04-2023 00:00,25.1,69,0
25-04-2023 00:15,24.6,68,0
25-04-2023 00:30,24.5,68,0
25-04-2023 00:45,24.2,67,0
25-04-2023 01:00,23.9,69,0
25-04-2023 01:15,24.6,62,0
25-04-2023 01:30,24.8,63,0
25-04-2023 01:45,22.9,74,0
25-04-2023 02:00,22.4,72,0
25-04-2023 02:15,21.7,75,0
25-04-2023 02:30,21.8,77,0
25-04-2023 02:45,21.7,73,0
25-04-2023 03:00,21.8,72,0
25-04-2023 03:15,22,72,0
25-04-2023 03:30,21.5,73,0
25-04-2023 03:45,21,76,0
25-04-2023 04:00,20.7,80,0
25-04-2023 04:15,20.9,74,0
25-04-2023 04:30,20.8,74,0
25-04-2023 04:45,20.6,78,0
25-04-2023 05:00,20.1,81,0
25-04-2023 05:15,20,80,0
25-04-2023 05:30,20.7,73,0
25-04-2023 05:45,21,71,0
25-04-2023 06:00,21,70,0
25-04-2023 06:15,21.2,67,0
25-04-2023 06:30,21.4,66,0
25-04-2023 06:45,21.2,68,0
25-04-2023 07:00,21.7,64,0
25-04-2023 07:15,22.6,62,0
25-04-2023 07:30,23.5,60,0
25-04-2023 07:45,23.9,61,0
25-04-2023 08:00,24.8,58,0
25-04-2023 08:15,25.9,52,0
25-04-2023 08:30,27.4,48,0
25-04-2023 08:45,28.7,41,0
25-04-2023 09:00,30,41,0
25-04-2023 09:15,31.4,34,0
25-04-2023 09:30,33.1,21,0
25-04-2023 09:45,33.8,20,0
25-04-2023 10:00,34.2,18,0
25-04-2023 10:15,34.9,19,0
25-04-2023 10:30,35.1,17,0
25-04-2023 10:45,35.2,18,0
25-04-2023 11:00,35.6,18,0
25-04-2023 11:15,35.9,18,0
25-04-2023 11:30,36.5,17,0
25-04-2023 11:45,36.8,16,0
25-04-2023 12:00,37.3,15,0
25-04-2023 12:15,37.1,14,0
25-04-2023 12:30,37.1,16,0
25-04-2023 12:45,37.8,14,0
25-04-2023 13:00,37.9,15,0
25-04-2023 13:15,38,16,0
25-04-2023 13:30,38.2,15,0
25-04-2023 13:45,37.7,15,0
25-04-2023 14:00,39.2,14,0
25-04-2023 14:15,38,15,0
25-04-2023 14:30,38.4,14,0
25-04-2023 14:45,38.4,14,0
25-04-2023 15:00,38.3,13,0
25-04-2023 15:15,38.6,13,0
25-04-2023 15:30,39.2,13,0
25-04-2023 15:45,38,14,0
25-04-2023 16:00,37.3,15,0
25-04-2023 16:15,36.9,16,0
25-04-2023 16:30,37.7,15,0
25-04-2023 16:45,38.1,15,0
25-04-2023 17:00,37.4,28,0
25-04-2023 17:15,35.2,38,0
25-04-2023 17:30,34.6,38,0
25-04-2023 17:45,34.5,39,0
25-04-2023 18:00,34,38,0
25-04-2023 18:15,33.8,40,0
25-04-2023 18:30,32.8,53,0
25-04-2023 18:45,32.1,56,0
25-04-2023 19:00,31.3,60,0
25-04-2023 19:15,30.5,63,0
25-04-2023 19:30,29.9,65,0
25-04-2023 19:45,29.7,66,0
25-04-2023 20:00,29.5,65,0
25-04-2023 20:15,29.1,67,0
25-04-2023 20:30,28.9,69,0
25-04-2023 20:45,28.2,73,0
25-04-2023 21:00,27.8,74,0
25-04-2023 21:15,27.8,75,0
25-04-2023 21:30,27.3,77,0
25-04-2023 21:45,27.1,78,0
25-04-2023 22:00,26.9,78,0
25-04-2023 22:15,26.8,78,0
25-04-2023 22:30,26.5,78,0
25-04-2023 22:45,26.5,78,0
25-04-2023 23:00,26.4,79,0
25-04-2023 23:15,26.1,81,0
25-04-2023 23:30,26,81,0
25-04-2023 23:45,25.7,82,0
26-04-2023 00:00,25.6,83,0
26-04-2023 00:15,25.4,83,0
26-04-2023 00:30,25,84,0
26-04-2023 00:45,24.7,85,0
26-04-2023 01:00,24.5,85,0
26-04-2023 01:15,24.4,86,0
26-04-2023 01:30,24.4,86,0
26-04-2023 01:45,24.4,87,0
26-04-2023 02:00,24.2,87,0
26-04-2023 02:15,24.3,87,0
26-04-2023 02:30,24.2,87,0
26-04-2023 02:45,24.1,87,0
26-04-2023 03:00,23.8,88,0
26-04-2023 03:15,23.1,88,0
26-04-2023 03:30,22.8,89,0
26-04-2023 03:45,23,89,0
26-04-2023 04:00,23.2,89,0
26-04-2023 04:15,23.2,89,0
26-04-2023 04:30,23.2,88,0
26-04-2023 04:45,23.3,89,0
26-04-2023 05:00,23.2,89,0
26-04-2023 05:15,22.9,89,0
26-04-2023 05:30,23.1,88,0
26-04-2023 05:45,22.8,88,0
26-04-2023 06:00,22.2,88,0
26-04-2023 06:15,22,89,0
26-04-2023 06:30,21.9,89,0
26-04-2023 06:45,22,89,0
26-04-2023 07:00,22.4,89,0
26-04-2023 07:15,23.1,89,0
26-04-2023 07:30,24.2,86,0
26-04-2023 07:45,24.8,82,0
26-04-2023 08:00,25.2,78,0
26-04-2023 08:15,26.2,73,0
26-04-2023 08:30,27.1,67,0
26-04-2023 08:45,27.9,64,0
26-04-2023 09:00,28.2,64,0
26-04-2023 09:15,29.3,59,0
26-04-2023 09:30,29.6,57,0
26-04-2023 09:45,30.5,54,0
26-04-2023 10:00,30.9,52,0
26-04-2023 10:15,31.7,50,0
26-04-2023 10:30,31.8,47,0
26-04-2023 10:45,32.3,43,0
26-04-2023 11:00,32.6,43,0
26-04-2023 11:15,33.5,41,0
26-04-2023 11:30,34,38,0
26-04-2023 11:45,34.1,35,0
26-04-2023 12:00,34.6,36,0
26-04-2023 12:15,34.9,33,0
26-04-2023 12:30,35.2,30,0
26-04-2023 12:45,35.3,28,0
26-04-2023 13:00,36.5,27,0
26-04-2023 13:15,36,27,0
26-04-2023 13:30,36.1,26,0
26-04-2023 13:45,36.6,25,0
26-04-2023 14:00,36.3,25,0
26-04-2023 14:15,36.4,25,0
26-04-2023 14:30,35.7,26,0
26-04-2023 14:45,36,27,0
26-04-2023 15:00,35.2,29,0
26-04-2023 15:15,36.2,29,0
26-04-2023 15:30,35.5,36,0
26-04-2023 15:45,34.7,37,0
26-04-2023 16:00,35.4,35,0
26-04-2023 16:15,35.2,34,0
26-04-2023 16:30,34.5,36,0
26-04-2023 16:45,34.2,36,0
26-04-2023 17:00,35.6,33,0
26-04-2023 17:15,35,32,0
26-04-2023 17:30,35.1,32,0
26-04-2023 17:45,34.6,33,0
26-04-2023 18:00,33.5,43,0
26-04-2023 18:15,32.8,47,0
26-04-2023 18:30,31.9,50,0
26-04-2023 18:45,30.9,54,0
26-04-2023 19:00,30.1,58,0
26-04-2023 19:15,29.7,61,0
26-04-2023 19:30,29.2,63,0
26-04-2023 19:45,28.8,64,0
26-04-2023 20:00,28.2,67,0
26-04-2023 20:15,27.9,68,0
26-04-2023 20:30,27.4,69,0
26-04-2023 20:45,27.1,70,0
26-04-2023 21:00,26.9,70,0
26-04-2023 21:15,26.7,70,0
26-04-2023 21:30,26.5,70,0
26-04-2023 21:45,26.2,71,0
26-04-2023 22:00,26,71,0
26-04-2023 22:15,25.9,73,0
26-04-2023 22:30,25.7,73,0
26-04-2023 22:45,25.6,74,0
26-04-2023 23:00,25.2,74,0
26-04-2023 23:15,24.9,78,0
26-04-2023 23:30,24.7,79,0
26-04-2023 23:45,24.4,80,0
27-04-2023 00:00,24.4,81,0
27-04-2023 00:15,24.2,82,0
27-04-2023 00:30,24.1,82,0
27-04-2023 00:45,24.1,83,0
27-04-2023 01:00,24,83,0
27-04-2023 01:15,24,84,0
27-04-2023 01:30,23.9,84,0
27-04-2023 01:45,24.1,84,0
27-04-2023 02:00,24.2,82,0
27-04-2023 02:15,24.1,82,0
27-04-2023 02:30,23.8,83,0
27-04-2023 02:45,23.8,84,0
27-04-2023 03:00,23.7,85,0
27-04-2023 03:15,23.5,86,0
27-04-2023 03:30,23.4,87,0
27-04-2023 03:45,23.2,87,0
27-04-2023 04:00,23.1,87,0
27-04-2023 04:15,23,87,0
27-04-2023 04:30,22.9,88,0
27-04-2023 04:45,22.9,88,0
27-04-2023 05:00,22.9,88,0
27-04-2023 05:15,23,87,0
27-04-2023 05:30,23,87,0
27-04-2023 05:45,23,87,0
27-04-2023 06:00,22.9,87,0
27-04-2023 06:15,22.5,88,0
27-04-2023 06:30,22.4,88,0
27-04-2023 06:45,23.3,87,0
27-04-2023 07:00,23.9,85,0
27-04-2023 07:15,24.8,80,0
27-04-2023 07:30,25.6,74,0
27-04-2023 07:45,25.9,73,0
27-04-2023 08:00,25.8,74,0
27-04-2023 08:15,26.4,70,0
27-04-2023 08:30,27.5,62,0
27-04-2023 08:45,28.1,62,0
27-04-2023 09:00,28.3,60,0
27-04-2023 09:15,29.1,56,0
27-04-2023 09:30,30,55,0
27-04-2023 09:45,29.9,52,0
27-04-2023 10:00,30.4,50,0
27-04-2023 10:15,30.9,49,0
27-04-2023 10:30,30.7,46,0
27-04-2023 10:45,31.5,46,0
27-04-2023 11:00,31.6,33,0
27-04-2023 11:15,33.3,32,0
27-04-2023 11:30,34.2,31,0
27-04-2023 11:45,33.9,37,0
27-04-2023 12:00,33.5,36,0
27-04-2023 12:15,34.1,36,0
27-04-2023 12:30,34.2,34,0
27-04-2023 12:45,35.3,33,0
27-04-2023 13:00,35,32,0
27-04-2023 13:15,35.9,31,0
27-04-2023 13:30,35.2,32,0
27-04-2023 13:45,35.1,32,0
27-04-2023 14:00,34.8,33,0
27-04-2023 14:15,35.1,33,0
27-04-2023 14:30,35.1,34,0
27-04-2023 14:45,36.3,32,0
27-04-2023 15:00,34.7,34,0
27-04-2023 15:15,35,34,0
27-04-2023 15:30,35.1,34,0
27-04-2023 15:45,34.1,35,0
27-04-2023 16:00,34.1,35,0
27-04-2023 16:15,35.1,33,0
27-04-2023 16:30,36.1,32,0
27-04-2023 16:45,35.8,32,0
27-04-2023 17:00,35.1,34,0
27-04-2023 17:15,35.3,33,0
27-04-2023 17:30,34.8,33,0
27-04-2023 17:45,34.3,35,0
27-04-2023 18:00,34.1,35,0
27-04-2023 18:15,33.6,37,0
27-04-2023 18:30,33.1,37,0
27-04-2023 18:45,32.1,42,0
27-04-2023 19:00,31,51,0
27-04-2023 19:15,30.6,54,0
27-04-2023 19:30,30.2,55,0
27-04-2023 19:45,29.7,56,0
27-04-2023 20:00,29.4,57,0
27-04-2023 20:15,29,59,0
27-04-2023 20:30,28.9,59,0
27-04-2023 20:45,28.7,60,0
27-04-2023 21:00,28.6,61,0
27-04-2023 21:15,28.5,60,0
27-04-2023 21:30,28.4,60,0
27-04-2023 21:45,28.2,61,0
27-04-2023 22:00,27.7,62,0
27-04-2023 22:15,27.2,65,0
27-04-2023 22:30,27.1,66,0
27-04-2023 22:45,27,66,0
27-04-2023 23:00,26.9,66,0
27-04-2023 23:15,26.7,66,0
27-04-2023 23:30,26.3,69,0
27-04-2023 23:45,25.9,69,0
28-04-2023 00:00,25.4,73,0
28-04-2023 00:30,25.3,70,0
28-04-2023 00:45,25.5,74,0
28-04-2023 01:00,25.8,73,0
28-04-2023 01:15,25.1,74,0
28-04-2023 01:30,24.9,75,0
28-04-2023 01:45,24.4,79,0
28-04-2023 02:00,24.2,78,0
28-04-2023 02:15,24.1,77,0
28-04-2023 02:30,23.7,83,0
28-04-2023 02:45,23.4,82,0
28-04-2023 03:00,23.9,82,0
28-04-2023 03:15,24,79,0
28-04-2023 03:30,23.9,79,0
28-04-2023 03:45,23.5,82,0
28-04-2023 04:00,23.4,83,0
28-04-2023 04:15,23.3,83,0
28-04-2023 04:30,23.3,81,0
28-04-2023 04:45,23.7,84,0
28-04-2023 05:00,23.4,82,0
28-04-2023 05:15,23.1,84,0
28-04-2023 05:30,22.7,85,0
28-04-2023 05:45,22.7,85,0
28-04-2023 06:00,22.8,85,0
28-04-2023 06:15,23.3,80,0
28-04-2023 06:30,23.8,75,0
28-04-2023 06:45,24.2,74,0
28-04-2023 07:00,24.4,74,0
28-04-2023 07:15,25.2,72,0
28-04-2023 07:30,25.9,69,0
28-04-2023 07:45,27.1,67,0
28-04-2023 08:00,27.5,64,0
28-04-2023 08:15,27.6,65,0
28-04-2023 08:30,28.1,64,0
28-04-2023 08:45,27.7,65,0
28-04-2023 09:00,28.1,65,0
28-04-2023 09:15,27.3,67,0
28-04-2023 09:30,28.1,65,0
28-04-2023 09:45,28.1,65,0
28-04-2023 10:00,28.3,67,0
28-04-2023 10:15,28.4,63,0
28-04-2023 10:30,28.2,59,0
28-04-2023 10:45,29.2,57,0
28-04-2023 11:00,28.8,56,0
28-04-2023 11:15,30.2,53,0
28-04-2023 11:30,30.6,51,0
28-04-2023 11:45,31.2,47,0
28-04-2023 12:00,31.3,48,0
28-04-2023 12:15,32.1,45,0
28-04-2023 12:30,31.8,46,0
28-04-2023 12:45,32.7,46,0
28-04-2023 13:00,32.4,45,0
28-04-2023 13:15,33.1,43,0
28-04-2023 13:30,33.6,42,0
28-04-2023 13:45,34.2,41,0
28-04-2023 14:00,33.6,41,0
28-04-2023 14:15,33.7,42,0
28-04-2023 14:30,34.2,39,0
28-04-2023 14:45,35,36,0
28-04-2023 15:00,35.1,37,0
28-04-2023 15:15,36,33,0
28-04-2023 15:30,35.2,36,0
28-04-2023 15:45,35.8,35,0
28-04-2023 16:00,35.3,35,0
28-04-2023 16:15,35.1,34,0
28-04-2023 16:30,34.4,35,0
28-04-2023 16:45,32.9,42,0
28-04-2023 17:00,32.2,46,0
28-04-2023 17:15,32.7,41,0
28-04-2023 17:30,31.6,40,0
28-04-2023 17:45,31.5,43,0
28-04-2023 18:00,31.5,45,0
28-04-2023 18:15,30.9,49,0
28-04-2023 18:30,30.4,46,0
28-04-2023 18:45,30.1,46,0
28-04-2023 19:00,29.5,49,0
28-04-2023 19:15,29,56,0
28-04-2023 19:30,28.5,60,0
28-04-2023 19:45,28.4,61,0
28-04-2023 20:00,28.2,63,0
28-04-2023 20:15,28,67,0
28-04-2023 20:30,27.8,69,0
28-04-2023 20:45,27.5,69,0
28-04-2023 21:00,27.4,70,0
28-04-2023 21:15,27,70,0
28-04-2023 21:30,26.9,71,0
28-04-2023 21:45,26.5,71,0
28-04-2023 22:00,26.3,72,0
28-04-2023 22:15,26,73,0
28-04-2023 22:30,25.9,73,0
28-04-2023 22:45,25.8,74,0
28-04-2023 23:00,25.7,73,0
28-04-2023 23:15,25.6,74,0
28-04-2023 23:30,25.5,74,0
28-04-2023 23:45,25.5,73,0
29-04-2023 00:00,25.5,73,0
29-04-2023 00:15,25.2,75,0
29-04-2023 00:30,24.7,76,0
29-04-2023 00:45,24.6,77,0
29-04-2023 01:00,24.6,77,0
29-04-2023 01:15,24.8,76,0
29-04-2023 01:30,25,75,0
29-04-2023 01:45,24.8,76,0
29-04-2023 02:00,24.6,78,0
29-04-2023 02:15,24.5,78,0
29-04-2023 02:30,24.5,77,0
29-04-2023 02:45,24.3,78,0
29-04-2023 03:00,24.2,79,0
29-04-2023 03:15,24.1,79,0
29-04-2023 03:30,23.9,79,0
29-04-2023 03:45,23.8,81,0
29-04-2023 04:00,23.6,82,0
29-04-2023 04:15,23.7,81,0
29-04-2023 04:30,23.7,82,0
29-04-2023 04:45,23.5,84,0
29-04-2023 05:00,23.5,84,0
29-04-2023 05:15,23.6,84,0
29-04-2023 05:30,23.6,84,0
29-04-2023 05:45,23.4,83,0
29-04-2023 06:00,23.4,85,0
29-04-2023 06:15,23.4,85,0
29-04-2023 06:30,23.5,84,0
29-04-2023 06:45,23.6,85,0
29-04-2023 07:00,23.9,83,0
29-04-2023 07:15,24.4,81,0
29-04-2023 07:30,24.8,78,0
29-04-2023 07:45,25.6,74,0
29-04-2023 08:00,26.7,70,0
29-04-2023 08:15,26.9,69,0
29-04-2023 08:30,27.4,68,0
29-04-2023 08:45,28.2,67,0
29-04-2023 09:00,28.7,64,0
29-04-2023 09:15,29.3,58,0
29-04-2023 09:30,30.5,54,0
29-04-2023 09:45,30.2,53,0
29-04-2023 10:00,30.8,55,0
29-04-2023 10:15,30.8,51,0
29-04-2023 10:30,31.9,47,0
29-04-2023 10:45,31.1,46,0
29-04-2023 11:00,32.3,45,0
29-04-2023 11:15,32.2,40,0
29-04-2023 11:30,32.6,38,0
29-04-2023 11:45,33,36,0
29-04-2023 12:00,32.2,40,0
29-04-2023 12:15,33.1,37,0
29-04-2023 12:30,33.2,36,0
29-04-2023 12:45,32.7,38,0
29-04-2023 13:00,33.5,35,0
29-04-2023 13:15,34.1,35,0
29-04-2023 13:30,33.4,36,0
29-04-2023 13:45,33.9,36,0
29-04-2023 14:00,34.6,35,0
29-04-2023 14:15,34.7,35,0
29-04-2023 14:30,34.5,36,0
29-04-2023 14:45,34.7,36,0
29-04-2023 15:00,34.7,35,0
29-04-2023 15:15,34.7,36,0
29-04-2023 15:30,35,35,0
29-04-2023 15:45,34.3,38,0
29-04-2023 16:00,34.1,37,0
29-04-2023 16:15,34.6,37,0
29-04-2023 16:30,34.4,38,0
29-04-2023 16:45,34.6,38,0
29-04-2023 17:00,34.3,37,0
29-04-2023 17:15,34,38,0
29-04-2023 17:30,34,39,0
29-04-2023 17:45,33.2,40,0
29-04-2023 18:00,32.8,42,0
29-04-2023 18:15,32.7,42,0
29-04-2023 18:30,32.1,44,0
29-04-2023 18:45,31.6,45,0
29-04-2023 19:00,31.1,46,0
29-04-2023 19:15,30.8,46,0
29-04-2023 19:30,30.5,47,0
29-04-2023 19:45,30.2,51,0
29-04-2023 20:00,29.5,56,0
29-04-2023 20:15,29,58,0
29-04-2023 20:30,28.4,60,0
29-04-2023 20:45,27.9,60,0
29-04-2023 21:00,27.7,61,0
29-04-2023 21:15,27.2,61,0
29-04-2023 21:30,26.7,61,0
29-04-2023 21:45,26.5,62,0
29-04-2023 22:00,26.2,63,0
29-04-2023 22:15,25.9,64,0
29-04-2023 22:30,25.6,66,0
29-04-2023 22:45,25.3,67,0
29-04-2023 23:00,25.1,67,0
29-04-2023 23:15,24.6,69,0
29-04-2023 23:30,24.6,69,0
29-04-2023 23:45,24.3,70,0
30-04-2023 00:00,24.3,73,0
30-04-2023 00:15,24.1,74,0
30-04-2023 00:30,23.9,74,0
30-04-2023 00:45,23.8,74,0
30-04-2023 01:00,23.7,75,0
30-04-2023 01:15,23.5,75,0
30-04-2023 01:30,23.2,76,0
30-04-2023 01:45,22.9,77,0
30-04-2023 02:00,22.3,78,0
30-04-2023 02:15,21.7,84,0
30-04-2023 02:30,21.3,86,0
30-04-2023 02:45,21.1,86,0
30-04-2023 03:00,20.9,87,0
30-04-2023 03:15,21,85,0
30-04-2023 03:30,21,87,0
30-04-2023 03:45,20.8,87,0
30-04-2023 04:00,20.7,87,0
30-04-2023 04:15,20.6,88,0
30-04-2023 04:30,20.4,88,0
30-04-2023 04:45,21.2,87,0
30-04-2023 05:00,21.2,87,0
30-04-2023 05:15,21.1,87,0
30-04-2023 05:30,20.8,87,0
30-04-2023 05:45,21.1,87,0
30-04-2023 06:00,21.1,85,0
30-04-2023 06:15,21.1,84,0
30-04-2023 06:30,21.3,83,0
30-04-2023 06:45,21.8,82,0
30-04-2023 07:00,22.3,79,0
30-04-2023 07:15,22.5,78,0
30-04-2023 07:30,23.3,75,0
30-04-2023 07:45,23.5,73,0
30-04-2023 08:00,23.5,73,0
30-04-2023 08:15,24.4,70,0
30-04-2023 08:30,25.8,65,0
30-04-2023 08:45,26.8,60,0
30-04-2023 09:00,26.9,61,0
30-04-2023 09:15,27.4,59,0
30-04-2023 09:30,28,57,0
30-04-2023 09:45,28.6,54,0
30-04-2023 10:00,29.6,52,0
30-04-2023 10:15,29.7,50,0
30-04-2023 10:30,30.5,49,0
30-04-2023 10:45,30.3,47,0
30-04-2023 11:00,31.1,45,0
30-04-2023 11:15,31.2,44,0
30-04-2023 11:30,31.8,43,0
30-04-2023 11:45,31.6,43,0
30-04-2023 12:00,32.3,41,0
30-04-2023 12:15,32.7,41,0
30-04-2023 12:30,33.1,38,0
30-04-2023 12:45,32.9,40,0
30-04-2023 13:00,33.4,40,0
30-04-2023 13:15,33.3,39,0
30-04-2023 13:30,33.1,39,0
30-04-2023 13:45,34.2,38,0
30-04-2023 14:00,34,38,0
30-04-2023 14:15,34.4,35,0
30-04-2023 14:30,33.8,37,0
30-04-2023 15:15,33.4,41,0
30-04-2023 15:30,33.5,41,0
30-04-2023 15:45,33,45,0
30-04-2023 16:00,32.3,44,0
30-04-2023 16:15,32.6,46,0
30-04-2023 16:30,33.3,42,0
30-04-2023 16:45,32.9,42,0
30-04-2023 17:00,32.4,42,0
30-04-2023 17:15,32.2,43,0
30-04-2023 17:30,31.7,44,0
30-04-2023 17:45,31.4,44,0
30-04-2023 18:00,31,45,0
30-04-2023 18:15,30.6,46,0
30-04-2023 18:30,29.6,49,0
30-04-2023 18:45,29,49,0
30-04-2023 19:00,28.6,52,0
30-04-2023 19:15,28.2,56,0
30-04-2023 19:30,27.9,57,0
30-04-2023 19:45,27.6,59,0
30-04-2023 20:00,27.2,60,0
30-04-2023 20:15,27,62,0
30-04-2023 20:30,26.6,63,0
30-04-2023 20:45,26.4,64,0
30-04-2023 21:00,26.2,64,0
30-04-2023 21:15,26.1,64,0
30-04-2023 21:30,25.9,64,0
30-04-2023 21:45,25.8,65,0
30-04-2023 22:00,25.7,65,0
30-04-2023 22:15,25.4,66,0
30-04-2023 22:30,25.2,67,0
30-04-2023 22:45,25.1,68,0
30-04-2023 23:00,24.9,68,0
30-04-2023 23:15,24.7,69,0
30-04-2023 23:30,24.4,70,0
30-04-2023 23:45,24.1,71,0
01-05-2023 00:00,23.8,72,0
01-05-2023 00:15,23.4,74,0
01-05-2023 00:30,23.6,78,0
01-05-2023 00:45,23.6,77,0
01-05-2023 01:00,23.6,78,0
01-05-2023 01:15,23.5,79,0
01-05-2023 01:30,23.2,79,0
01-05-2023 01:45,23.2,80,0
01-05-2023 02:00,23.1,80,0
01-05-2023 02:15,22.9,81,0
01-05-2023 02:30,22.7,82,0
01-05-2023 02:45,22.5,83,0
01-05-2023 03:00,22.3,82,0
01-05-2023 03:15,22,85,0
01-05-2023 03:30,21.6,85,0
01-05-2023 03:45,21.2,87,0
01-05-2023 04:00,21.7,87,0
01-05-2023 04:15,21.1,86,0
01-05-2023 04:30,20.4,88,0
01-05-2023 04:45,19.9,89,0
01-05-2023 05:00,19.8,90,0
01-05-2023 05:15,19.3,90,0
01-05-2023 05:30,19.2,90,0
01-05-2023 05:45,19,91,0
01-05-2023 06:00,18.7,91,0
01-05-2023 06:15,18.6,91,0
01-05-2023 06:30,18.5,91,0
01-05-2023 06:45,19,91,0
01-05-2023 07:00,19.9,91,0
01-05-2023 07:15,21.5,90,0
01-05-2023 07:30,22.4,87,0
01-05-2023 07:45,22.7,86,0
01-05-2023 08:00,24,81,0
01-05-2023 08:15,24.5,75,0
01-05-2023 08:30,25,73,0
01-05-2023 08:45,26.1,69,0
01-05-2023 09:00,26.8,63,0
01-05-2023 09:15,26.8,60,0
01-05-2023 09:30,27.8,51,0
01-05-2023 09:45,28.6,47,0
01-05-2023 10:00,29.2,46,0
01-05-2023 10:15,29.4,42,0
01-05-2023 10:30,29.9,40,0
01-05-2023 10:45,30,37,0
01-05-2023 11:00,30.7,27,0
01-05-2023 11:15,31.5,27,0
01-05-2023 11:30,31.2,30,0
01-05-2023 11:45,31.8,29,0
01-05-2023 12:00,32.1,30,0
01-05-2023 12:15,32.6,23,0
01-05-2023 12:30,33.2,22,0
01-05-2023 12:45,33.5,22,0
01-05-2023 13:00,33.5,23,0
01-05-2023 13:15,33.8,24,0
01-05-2023 13:30,34,23,0
01-05-2023 13:45,34.1,22,0
01-05-2023 14:00,34.3,22,0
01-05-2023 14:15,34.3,22,0
01-05-2023 14:30,34.5,22,0
01-05-2023 14:45,33.8,21,0
01-05-2023 15:00,33.4,23,0
01-05-2023 15:15,34.6,21,0
01-05-2023 15:30,34.7,20,0
01-05-2023 15:45,34.8,22,0
01-05-2023 16:00,34.4,23,0
01-05-2023 16:15,34.4,26,0
01-05-2023 16:30,34.1,27,0
01-05-2023 16:45,33.4,29,0
01-05-2023 17:00,33.8,31,0
01-05-2023 17:15,32.7,34,0
01-05-2023 17:30,32.8,36,0
01-05-2023 17:45,32,37,0
01-05-2023 18:00,31.3,40,0
01-05-2023 18:15,30.1,47,0
01-05-2023 18:30,29.6,47,0
01-05-2023 18:45,29,49,0
01-05-2023 19:00,28.8,47,0
01-05-2023 19:15,28.4,47,0
01-05-2023 19:30,28,48,0
01-05-2023 19:45,27.6,49,0
01-05-2023 20:00,27.3,50,0
01-05-2023 20:15,27.3,50,0
01-05-2023 20:30,27.1,49,0
01-05-2023 20:45,26.9,49,0
01-05-2023 21:00,26.7,49,0
01-05-2023 21:15,26.5,51,0
01-05-2023 21:30,26.3,51,0
01-05-2023 21:45,26.2,52,0
01-05-2023 22:00,26.1,52,0
01-05-2023 22:15,25.8,53,0
01-05-2023 22:30,25.9,53,0
01-05-2023 22:45,25.6,54,0
01-05-2023 23:00,25.2,55,0
01-05-2023 23:15,24.7,56,0
01-05-2023 23:30,25.4,55,0
01-05-2023 23:45,25.6,55,0
02-05-2023 00:00,25.5,56,0
02-05-2023 00:15,25.3,57,0
02-05-2023 00:30,25.1,59,0
02-05-2023 00:45,24.8,60,0
02-05-2023 01:00,24.9,61,0
02-05-2023 01:15,24,63,0
02-05-2023 01:30,23.4,67,0
02-05-2023 01:45,22.7,68,0
02-05-2023 02:00,22.8,68,0
02-05-2023 02:15,22,72,0
02-05-2023 02:30,21.3,73,0
02-05-2023 02:45,21.1,73,0
02-05-2023 03:00,21,74,0
02-05-2023 03:15,20.6,74,0
02-05-2023 03:30,20.4,78,0
02-05-2023 03:45,20.3,79,0
02-05-2023 04:00,20,82,0
02-05-2023 04:15,19.8,80,0
02-05-2023 04:30,19.8,83,0
02-05-2023 04:45,20,81,0
02-05-2023 05:00,20.5,78,0
02-05-2023 05:15,20,82,0
02-05-2023 05:30,19.6,77,0
02-05-2023 05:45,19.3,85,0
02-05-2023 06:00,19.5,87,0
02-05-2023 06:30,19.4,86,0
02-05-2023 06:45,19.5,85,0
02-05-2023 07:00,19.9,85,0
02-05-2023 07:15,21.1,78,0
02-05-2023 07:30,23.2,72,0
02-05-2023 07:45,25.1,68,0
02-05-2023 08:00,25.5,66,0
02-05-2023 08:15,25.6,66,0
02-05-2023 08:30,26.6,63,0
02-05-2023 08:45,27,59,0
02-05-2023 09:00,27.6,58,0
02-05-2023 09:15,28.3,57,0
02-05-2023 09:30,28.3,56,0
02-05-2023 09:45,28.1,57,0
02-05-2023 10:00,28.5,56,0
02-05-2023 10:15,29.5,52,0
02-05-2023 10:30,30.2,52,0
02-05-2023 10:45,31.4,49,0
02-05-2023 11:00,30.5,48,0
02-05-2023 11:15,30.8,49,0
02-05-2023 11:30,31.9,45,0
02-05-2023 11:45,31.2,45,0
02-05-2023 12:00,31.9,43,0
02-05-2023 12:15,32.5,43,0
02-05-2023 12:30,32.9,42,0
02-05-2023 12:45,33.1,38,0
02-05-2023 13:00,33.6,39,0
02-05-2023 13:15,33.1,39,0
02-05-2023 13:30,33.4,36,0
02-05-2023 13:45,34,36,0
02-05-2023 14:00,33.2,37,0
02-05-2023 14:15,33.7,36,0
02-05-2023 14:30,33.4,37,0
02-05-2023 14:45,33.8,39,0
02-05-2023 15:00,33.4,38,0
02-05-2023 15:15,32.3,41,0
02-05-2023 15:30,31.9,42,0
02-05-2023 15:45,31.3,45,0
02-05-2023 16:00,31.5,43,0
02-05-2023 16:15,31.8,42,0
02-05-2023 16:30,32,42,0
02-05-2023 16:45,32,41,0
02-05-2023 17:00,31.5,42,0
02-05-2023 17:15,31.3,44,0
02-05-2023 17:30,30,49,0
02-05-2023 17:45,27.6,62,0
02-05-2023 18:00,23.4,85,2
02-05-2023 18:15,23.1,81,2.5
02-05-2023 18:30,23.9,76,2.5
02-05-2023 18:45,24,80,2.5
02-05-2023 19:00,24.2,81,2.5
02-05-2023 19:30,23.1,86,2.5
02-05-2023 19:45,23,85,2.5
02-05-2023 20:00,23.4,79,2.5
02-05-2023 20:15,23.4,80,2.5
02-05-2023 20:30,23.1,84,2.5
02-05-2023 20:45,22.8,86,2.5
02-05-2023 21:00,23,88,2.5
02-05-2023 21:15,23.2,87,2.5
02-05-2023 21:30,23.1,88,2.5
02-05-2023 21:45,22.8,88,2.5
02-05-2023 22:00,22.5,89,2.5
02-05-2023 22:15,22.5,89,2.5
02-05-2023 22:30,22.3,89,2.5
02-05-2023 22:45,22.4,90,2.5
02-05-2023 23:00,22.6,90,2.5
02-05-2023 23:15,22.5,89,2.5
02-05-2023 23:30,22.6,90,2.5
02-05-2023 23:45,22.4,90,2.5
03-05-2023 00:00,22.1,89,2.5
03-05-2023 00:15,22.4,87,2.5
03-05-2023 00:30,22.9,82,2.5
03-05-2023 00:45,23.2,80,2.5
03-05-2023 01:00,22.9,81,2.5
03-05-2023 01:15,22.8,83,2.5
03-05-2023 01:30,22.8,86,2.5
03-05-2023 01:45,22.7,87,2.5
03-05-2023 02:00,22.6,88,2.5
03-05-2023 02:15,22.8,87,2.5
03-05-2023 02:30,22.8,87,3
03-05-2023 02:45,22.1,90,5
03-05-2023 03:00,22.3,89,5
03-05-2023 03:15,22.6,87,5
03-05-2023 03:30,22.5,87,5
03-05-2023 03:45,22.4,87,5
03-05-2023 04:00,22.4,87,5
03-05-2023 04:15,22.3,87,5
03-05-2023 04:30,22.4,87,5
03-05-2023 04:45,22.3,87,5
03-05-2023 05:00,21.9,88,5
03-05-2023 05:30,20.9,90,5
03-05-2023 05:45,20.6,91,5
03-05-2023 06:00,20.4,91,5
03-05-2023 06:15,20.4,92,5
03-05-2023 06:30,20.4,92,5
03-05-2023 06:45,20.8,92,5
03-05-2023 07:00,21.2,92,5
03-05-2023 07:15,22.4,91,5
03-05-2023 07:30,23.4,89,5
03-05-2023 07:45,24.3,83,5
03-05-2023 08:00,24.5,79,5
03-05-2023 08:15,24.8,79,5
03-05-2023 08:30,25.2,76,5
03-05-2023 08:45,25.8,74,0
03-05-2023 09:00,26.4,70,0
03-05-2023 09:15,26.6,71,0
03-05-2023 09:30,27,66,0
03-05-2023 09:45,27.7,67,0
03-05-2023 10:00,28,63,0
03-05-2023 10:15,28.6,61,0
03-05-2023 10:30,29.4,58,0
03-05-2023 10:45,29.9,56,0
03-05-2023 11:00,30.2,53,0
03-05-2023 11:15,31.3,50,0
03-05-2023 11:30,31.1,52,0
03-05-2023 11:45,30.7,51,0
03-05-2023 12:00,31.3,48,0
03-05-2023 12:15,32.3,46,0
03-05-2023 12:30,32.5,43,0
03-05-2023 12:45,32.5,46,0
03-05-2023 13:00,32.1,44,0
03-05-2023 13:15,32,44,0
03-05-2023 13:30,32.1,43,0
03-05-2023 13:45,32.1,43,0
03-05-2023 14:00,32.9,40,0
03-05-2023 14:15,33.2,40,0
03-05-2023 14:30,32.8,39,0
03-05-2023 14:45,34.6,36,0
03-05-2023 15:00,34.9,34,0
03-05-2023 15:15,34.5,37,0
03-05-2023 15:30,33.9,36,0
03-05-2023 15:45,34,35,0
03-05-2023 16:00,33.8,35,0
03-05-2023 16:15,33.1,37,0
03-05-2023 16:30,32.9,36,0
03-05-2023 16:45,32.6,38,0
03-05-2023 17:00,31.9,41,0
03-05-2023 17:15,31.4,44,0
03-05-2023 17:30,31.5,46,0
03-05-2023 17:45,31.2,49,0
03-05-2023 18:00,30.4,52,0
03-05-2023 18:15,30.1,52,0
03-05-2023 18:30,29.7,54,0
03-05-2023 18:45,29,56,0
03-05-2023 19:00,28.6,57,0
03-05-2023 19:15,28.3,58,0
03-05-2023 19:30,28.1,58,0
03-05-2023 19:45,27.7,60,0
03-05-2023 20:00,27.4,60,0
03-05-2023 20:15,27.2,61,0
03-05-2023 20:30,26.9,62,0
03-05-2023 20:45,26.6,63,0
03-05-2023 21:00,26.4,63,0
03-05-2023 21:15,26.2,65,0
03-05-2023 21:30,26,66,0
03-05-2023 21:45,25.9,67,0
03-05-2023 22:00,25.6,68,0
03-05-2023 22:15,25.5,67,0
03-05-2023 22:30,25.4,68,0
03-05-2023 22:45,25.2,69,0
03-05-2023 23:00,25,70,0
03-05-2023 23:15,24.8,71,0
03-05-2023 23:30,24.4,73,0
03-05-2023 23:45,24.4,75,0
04-05-2023 00:00,24.3,78,0
04-05-2023 00:15,24.1,80,0
04-05-2023 00:30,23.8,82,0
04-05-2023 00:45,23.7,82,0
04-05-2023 01:00,23.6,82,0
04-05-2023 01:15,23.5,81,0
04-05-2023 01:30,23.2,82,0
04-05-2023 01:45,23,85,0
04-05-2023 02:00,22.6,86,0
04-05-2023 02:15,22.5,87,0
04-05-2023 02:30,22.5,87,0
04-05-2023 02:45,22.4,87,0
04-05-2023 03:00,22.2,88,0
04-05-2023 03:15,22.1,88,0
04-05-2023 03:30,21.9,88,0
04-05-2023 03:45,21.7,89,0
04-05-2023 04:00,21.7,89,0
04-05-2023 04:15,21.3,89,0
04-05-2023 04:30,21,90,0
04-05-2023 04:45,20.7,90,0
04-05-2023 05:00,20.2,91,0
04-05-2023 05:15,20.7,91,0
04-05-2023 05:30,20.5,90,0
04-05-2023 05:45,20.5,91,0
04-05-2023 06:00,20.4,91,0
04-05-2023 06:15,20.4,91,0
04-05-2023 06:30,20.6,91,0
04-05-2023 06:45,21,91,0
04-05-2023 07:00,21.8,90,0
04-05-2023 07:15,23.1,88,0
04-05-2023 07:30,23.4,85,0
04-05-2023 07:45,24.2,82,0
04-05-2023 08:00,24.8,75,0
04-05-2023 08:15,25.5,74,0
04-05-2023 08:30,26.3,70,0
04-05-2023 08:45,27,67,0
04-05-2023 09:00,27.3,65,0
04-05-2023 09:15,28.3,62,0
04-05-2023 09:30,28.2,62,0
04-05-2023 09:45,28.9,60,0
04-05-2023 10:00,30.1,56,0
04-05-2023 10:15,30.4,57,0
04-05-2023 10:30,30.3,55,0
04-05-2023 10:45,31.2,53,0
04-05-2023 11:00,31.6,46,0
04-05-2023 11:15,32.5,46,0
04-05-2023 11:30,33.1,44,0
04-05-2023 11:45,33,45,0
04-05-2023 12:00,33.7,44,0
04-05-2023 12:15,33.8,43,0
04-05-2023 12:30,33.8,41,0
04-05-2023 12:45,34.4,40,0
04-05-2023 13:00,34.6,38,0
04-05-2023 13:15,35.1,35,0
04-05-2023 13:30,35.4,35,0
04-05-2023 13:45,34.9,34,0
04-05-2023 14:00,35.2,32,0
04-05-2023 14:15,32.6,48,0
04-05-2023 14:30,30.1,53,0
04-05-2023 15:15,29.8,51,0
04-05-2023 15:30,28.6,65,0.5
04-05-2023 15:45,27.8,66,0.5
04-05-2023 16:00,28.2,63,0.5
04-05-2023 16:15,28.4,61,0.5
04-05-2023 16:30,28.8,63,0.5
04-05-2023 16:45,28.7,62,0.5
04-05-2023 17:00,28.1,68,1
04-05-2023 17:15,27.1,72,1
04-05-2023 17:30,26.8,71,1
04-05-2023 17:45,26.3,73,1
04-05-2023 18:00,24.2,70,1
04-05-2023 18:15,23.5,74,1
04-05-2023 18:30,24.4,71,1
04-05-2023 18:45,24.6,72,1
04-05-2023 19:00,25,68,1
04-05-2023 19:15,25.4,68,1
04-05-2023 19:30,25.2,70,1
04-05-2023 19:45,25.5,69,1
04-05-2023 20:00,25.6,70,1
04-05-2023 20:15,25.5,73,1
04-05-2023 20:30,25.5,75,1
04-05-2023 20:45,25.5,76,1
04-05-2023 21:00,25.9,74,1
04-05-2023 21:15,26.3,72,1
04-05-2023 21:30,26.1,73,1
04-05-2023 21:45,26,74,1
04-05-2023 22:00,25.9,74,1
04-05-2023 22:15,25.8,74,1
04-05-2023 22:30,25.9,74,1
04-05-2023 22:45,25.7,75,1
04-05-2023 23:00,25.7,75,1
04-05-2023 23:15,25.5,76,1
04-05-2023 23:30,25.4,77,1
04-05-2023 23:45,25.2,81,1
05-05-2023 00:00,24.8,83,1
05-05-2023 00:15,24.8,84,1
05-05-2023 00:30,24.8,84,1
05-05-2023 00:45,24.7,86,1
05-05-2023 01:00,24.4,87,1
05-05-2023 01:15,24.2,87,1
05-05-2023 01:30,24.3,87,1
05-05-2023 01:45,24,87,1
05-05-2023 02:00,24.3,77,1
05-05-2023 02:15,24.4,74,1
05-05-2023 02:30,24.4,73,1
05-05-2023 02:45,23.9,73,1
05-05-2023 03:00,23.6,74,1
05-05-2023 03:15,22.8,80,1
05-05-2023 03:30,22.3,84,1
05-05-2023 03:45,21.9,87,1
05-05-2023 04:00,21.5,88,1
05-05-2023 04:15,21.6,88,1
05-05-2023 04:30,21.5,88,1
05-05-2023 04:45,21.5,88,1
05-05-2023 05:00,21.5,88,1
05-05-2023 05:15,21.6,88,1
05-05-2023 05:30,21.7,88,1
05-05-2023 05:45,22.4,89,1
05-05-2023 06:00,22.4,89,1
05-05-2023 06:15,22.3,89,1
05-05-2023 06:30,22.2,90,1
05-05-2023 06:45,22.5,90,1
05-05-2023 07:00,22.9,89,1
05-05-2023 07:15,23.4,89,1
05-05-2023 07:30,24.1,87,1
05-05-2023 07:45,25,83,1
05-05-2023 08:00,25.8,77,1
05-05-2023 08:15,25.8,77,1
05-05-2023 08:30,26.6,75,1
05-05-2023 08:45,27.8,69,0
05-05-2023 09:00,28.4,64,0
05-05-2023 09:15,28.6,61,0
05-05-2023 09:30,29.3,60,0
05-05-2023 09:45,29.8,60,0
05-05-2023 10:00,30.4,57,0
05-05-2023 10:15,31.1,54,0
05-05-2023 10:30,31.3,54,0
05-05-2023 10:45,32,52,0
05-05-2023 11:00,32.7,50,0
05-05-2023 11:15,32.7,47,0
05-05-2023 11:30,33.1,47,0
05-05-2023 11:45,33.2,44,0
05-05-2023 12:00,34.3,44,0
05-05-2023 12:15,34.7,40,0
05-05-2023 12:30,35.2,41,0
05-05-2023 12:45,35.7,41,0
05-05-2023 13:00,35.8,36,0
05-05-2023 13:15,34.6,35,0
05-05-2023 13:30,35.9,35,0
05-05-2023 13:45,36.9,32,0
05-05-2023 14:00,36.4,32,0
05-05-2023 14:15,36.6,32,0
05-05-2023 14:30,36.7,31,0
05-05-2023 14:45,36.7,31,0
05-05-2023 15:00,34.6,42,0
05-05-2023 15:15,32.9,49,0
05-05-2023 15:30,32.4,50,0
05-05-2023 15:45,31.9,51,0
05-05-2023 16:00,31.5,52,0
05-05-2023 16:15,31.4,52,0
05-05-2023 16:30,31.6,50,0
05-05-2023 16:45,31.9,52,0
05-05-2023 17:00,31.2,54,0
05-05-2023 17:15,31.3,54,0
05-05-2023 17:30,31.1,55,0
05-05-2023 17:45,29.7,58,0
05-05-2023 18:00,29.4,62,0
05-05-2023 18:30,29.2,65,0
05-05-2023 18:45,29,65,0
05-05-2023 19:00,28.7,67,0
05-05-2023 19:15,28.3,68,0
05-05-2023 19:30,27.9,70,0
05-05-2023 19:45,27.8,70,0
05-05-2023 20:00,27.7,70,0
05-05-2023 20:15,27.6,69,0
05-05-2023 20:30,27.5,69,0
05-05-2023 20:45,27.3,69,0
05-05-2023 21:00,27.1,70,0
05-05-2023 21:15,26.9,70,0
05-05-2023 21:30,26.8,71,0
05-05-2023 21:45,26.7,71,0
05-05-2023 22:00,26.5,72,0
05-05-2023 22:15,26.5,71,0
05-05-2023 22:30,26.3,72,0
05-05-2023 22:45,26.1,73,0
05-05-2023 23:00,25.9,73,0
05-05-2023 23:15,25.7,74,0
05-05-2023 23:30,25.7,74,0
05-05-2023 23:45,25.9,74,0
06-05-2023 00:00,25.7,74,0
06-05-2023 00:15,25.6,74,0
06-05-2023 00:30,25.3,75,0
06-05-2023 00:45,25.2,76,0
06-05-2023 01:00,25.1,77,0
06-05-2023 01:15,25.1,77,0
06-05-2023 01:30,25.1,76,0
06-05-2023 01:45,24.9,77,0
06-05-2023 02:00,24.8,80,0
06-05-2023 02:15,24.5,83,0
06-05-2023 02:30,24.3,85,0
06-05-2023 02:45,24.2,85,0
06-05-2023 03:00,24.2,85,0
06-05-2023 03:15,24.1,86,0
06-05-2023 03:30,24,86,0
06-05-2023 03:45,24.1,85,0
06-05-2023 04:00,24.2,85,0
06-05-2023 04:15,24.1,85,0
06-05-2023 04:30,23.9,86,0
06-05-2023 04:45,23.7,86,0
06-05-2023 05:00,23.8,86,0
06-05-2023 05:15,23.8,86,0
06-05-2023 05:30,23.9,86,0
06-05-2023 05:45,23.9,86,0
06-05-2023 06:00,23.8,87,0
06-05-2023 06:15,23.5,87,0
06-05-2023 06:30,23.5,88,0
06-05-2023 06:45,23.6,87,0
06-05-2023 07:00,23.8,87,0
06-05-2023 07:15,24.3,86,0
06-05-2023 07:30,24.7,85,0
06-05-2023 07:45,25.5,81,0
06-05-2023 08:00,25.9,78,0
06-05-2023 08:15,26.7,73,0
06-05-2023 08:30,27.5,72,0
06-05-2023 08:45,28,70,0
06-05-2023 09:00,28.5,67,0
06-05-2023 09:15,29.4,64,0
06-05-2023 09:30,29.7,61,0
06-05-2023 09:45,30.3,58,0
06-05-2023 10:00,30.8,58,0
06-05-2023 10:15,30.9,57,0
06-05-2023 10:30,31.8,54,0
06-05-2023 10:45,32.9,47,0
06-05-2023 11:00,33.4,47,0
06-05-2023 11:15,34.7,44,0
06-05-2023 11:30,34.7,43,0
06-05-2023 12:15,34.9,42,0
06-05-2023 12:30,35.3,42,0
06-05-2023 12:45,35.2,41,0
06-05-2023 13:00,36,39,0
06-05-2023 13:15,36.2,39,0
06-05-2023 13:30,36.2,37,0
06-05-2023 13:45,36.8,37,0
06-05-2023 14:00,36,36,0
06-05-2023 14:15,34.5,44,0
06-05-2023 14:30,35.1,43,0
06-05-2023 14:45,35.4,43,0
06-05-2023 15:00,34.7,42,0
06-05-2023 15:15,33.9,47,0
06-05-2023 15:30,33.4,50,0
06-05-2023 15:45,34.3,48,0
06-05-2023 16:00,35.5,45,0
06-05-2023 16:15,33.9,49,0
06-05-2023 16:30,32.1,54,0
06-05-2023 16:45,31.6,54,0
06-05-2023 17:00,31.8,51,0
06-05-2023 17:15,32.3,49,0
06-05-2023 17:30,33.1,47,0
06-05-2023 17:45,33.4,49,0
06-05-2023 18:00,32.9,50,0
06-05-2023 18:15,32.6,51,0
06-05-2023 18:30,32,54,0
06-05-2023 18:45,31,60,0
06-05-2023 19:00,30.3,63,0
06-05-2023 19:15,30,64,0
06-05-2023 19:30,29.8,57,0
06-05-2023 19:45,28.1,61,0
06-05-2023 20:00,26.8,71,0
06-05-2023 20:15,26.5,71,0
06-05-2023 20:30,26.6,69,0
06-05-2023 20:45,26.6,69,0
06-05-2023 21:00,27.2,68,0
06-05-2023 21:30,27.9,68,0
06-05-2023 21:45,27.8,68,0
06-05-2023 22:00,27.6,69,0
06-05-2023 22:15,27.5,69,0
06-05-2023 22:30,27.4,69,0
06-05-2023 22:45,27.3,69,0
06-05-2023 23:00,27.2,69,0
06-05-2023 23:15,27.1,69,0
06-05-2023 23:30,27.1,69,0
06-05-2023 23:45,26.9,69,0
07-05-2023 00:00,26.7,69,0
07-05-2023 00:15,26.5,69,0
07-05-2023 00:30,26.4,69,0
07-05-2023 00:45,26.4,69,0
07-05-2023 01:00,26.6,67,0
07-05-2023 01:15,26.6,67,0
07-05-2023 01:30,26.6,65,0
07-05-2023 01:45,26.6,65,0
07-05-2023 02:00,26.6,63,0
07-05-2023 02:15,26.4,64,0
07-05-2023 02:30,26.2,65,0
07-05-2023 02:45,25.7,67,0
07-05-2023 03:00,25.6,67,0
07-05-2023 03:15,25.6,66,0
07-05-2023 03:30,25.3,71,0
07-05-2023 03:45,25.2,70,0
07-05-2023 04:00,25.2,69,0
07-05-2023 04:15,25,72,0
07-05-2023 04:30,24.6,72,0
07-05-2023 04:45,24.8,72,0
07-05-2023 05:00,24.5,75,0
07-05-2023 05:30,24.6,70,0
07-05-2023 05:45,24.7,71,0
07-05-2023 06:00,24.7,72,0
07-05-2023 06:15,24.7,76,0
07-05-2023 06:30,24.7,80,0
07-05-2023 06:45,24.6,82,0
07-05-2023 07:00,24.8,79,0
07-05-2023 07:15,24.8,80,0
07-05-2023 07:30,24.7,79,0
07-05-2023 07:45,24.2,83,0
07-05-2023 08:00,24.2,84,0
07-05-2023 08:15,24.4,86,0
07-05-2023 08:30,24.8,84,0
07-05-2023 08:45,24.9,83,0
07-05-2023 09:00,25.1,84,0
07-05-2023 09:15,25.5,79,0
07-05-2023 09:30,25.9,76,0
07-05-2023 09:45,26.4,75,0
07-05-2023 10:00,27.1,73,0
07-05-2023 10:15,27.3,73,0
07-05-2023 10:30,27.4,72,0
07-05-2023 11:15,30.4,63,0
07-05-2023 11:30,31,59,0
07-05-2023 11:45,30.6,64,0
07-05-2023 12:00,31.2,60,0
07-05-2023 12:15,32.1,54,0
07-05-2023 12:30,32.5,52,0
07-05-2023 12:45,34.2,49,0
07-05-2023 13:00,34.9,47,0
07-05-2023 13:15,35.2,43,0
07-05-2023 13:30,34.7,43,0
07-05-2023 13:45,34.8,42,0
07-05-2023 14:00,35.2,40,0
07-05-2023 14:15,35.2,39,0
07-05-2023 14:30,35.2,39,0
07-05-2023 14:45,36.4,39,0
07-05-2023 15:00,35.8,37,0
07-05-2023 15:15,36.4,37,0
07-05-2023 15:30,35.9,38,0
07-05-2023 15:45,35.6,43,0
07-05-2023 16:00,33.9,47,0
07-05-2023 16:15,33.7,48,0
07-05-2023 16:30,34.2,47,0
07-05-2023 16:45,34.3,46,0
07-05-2023 17:00,33.9,47,0
07-05-2023 17:15,34.2,46,0
07-05-2023 17:30,34.1,47,0
07-05-2023 17:45,34,48,0
07-05-2023 18:00,33.7,48,0
07-05-2023 18:15,33,50,0
07-05-2023 18:30,32.6,51,0
07-05-2023 18:45,32.1,52,0
07-05-2023 19:00,31.6,53,0
07-05-2023 19:15,31.2,54,0
07-05-2023 19:30,30.7,56,0
07-05-2023 19:45,30.2,58,0
07-05-2023 20:00,29.8,61,0
07-05-2023 20:15,29.5,65,0
07-05-2023 20:30,29.2,68,0
07-05-2023 20:45,29.1,69,0
07-05-2023 21:00,29,69,0
07-05-2023 21:15,29,69,0
07-05-2023 21:30,29,69,0
07-05-2023 21:45,28.7,71,0
07-05-2023 22:00,28.2,73,0
07-05-2023 22:15,28,74,0
07-05-2023 22:30,27.9,74,0
07-05-2023 22:45,27.6,77,0
07-05-2023 23:00,27.3,79,0
07-05-2023 23:15,27.2,79,0
07-05-2023 23:30,27.2,79,0
07-05-2023 23:45,27.2,77,0
08-05-2023 00:00,27.3,75,0
08-05-2023 00:15,27.4,74,0
08-05-2023 00:30,27.4,74,0
08-05-2023 00:45,27.3,74,0
08-05-2023 01:00,27.2,74,0
08-05-2023 01:15,27.1,74,0
08-05-2023 01:30,27,75,0
08-05-2023 01:45,26.9,74,0
08-05-2023 02:00,26.7,75,0
08-05-2023 02:15,26.5,76,0
08-05-2023 02:30,26.4,76,0
08-05-2023 02:45,26.3,77,0
08-05-2023 03:00,26.2,79,0
08-05-2023 03:15,26.1,79,0
08-05-2023 03:30,26.2,78,0
08-05-2023 03:45,26.1,78,0
08-05-2023 04:00,26.2,78,0
08-05-2023 04:15,26.1,79,0
08-05-2023 04:30,26,79,0
08-05-2023 04:45,25.8,82,0
08-05-2023 05:00,25.7,83,0
08-05-2023 05:15,25.7,83,0
08-05-2023 05:30,25.5,82,0
08-05-2023 05:45,25.4,80,0
08-05-2023 06:00,25.4,81,0
08-05-2023 06:30,25.3,81,0
08-05-2023 06:45,25.4,80,0
08-05-2023 07:00,25.7,79,0
08-05-2023 07:15,26,78,0
08-05-2023 07:30,26.1,78,0
08-05-2023 07:45,26.6,75,0
08-05-2023 08:00,26.8,74,0
08-05-2023 08:15,26.7,74,0
08-05-2023 08:30,26.9,73,0
08-05-2023 08:45,27,73,0
08-05-2023 09:00,27.4,71,0
08-05-2023 09:15,27.9,70,0
08-05-2023 09:30,28.9,68,0
08-05-2023 09:45,29.1,67,0
08-05-2023 10:00,29.2,65,0
08-05-2023 10:15,29.8,62,0
08-05-2023 10:30,30.8,58,0
08-05-2023 10:45,31.5,56,0
08-05-2023 11:00,32.5,51,0
08-05-2023 11:15,33,48,0
08-05-2023 11:30,34.1,42,0
08-05-2023 11:45,34.2,43,0
08-05-2023 12:00,34.6,43,0
08-05-2023 12:15,35.6,41,0
08-05-2023 12:30,35.6,40,0
08-05-2023 12:45,35.8,38,0
08-05-2023 13:00,35.3,37,0
08-05-2023 13:15,35.8,36,0
08-05-2023 13:30,37.1,34,0
08-05-2023 13:45,36.7,34,0
08-05-2023 14:00,37.4,33,0
08-05-2023 14:15,37.9,32,0
08-05-2023 14:30,38.2,31,0
08-05-2023 14:45,38.2,30,0
08-05-2023 15:00,37.9,31,0
08-05-2023 15:15,38.6,29,0
08-05-2023 15:30,38.3,29,0
08-05-2023 15:45,38.9,30,0
08-05-2023 16:00,37.4,33,0
08-05-2023 16:15,36.7,38,0
08-05-2023 16:30,35.7,43,0
08-05-2023 16:45,34.9,44,0
08-05-2023 17:00,34.7,45,0
08-05-2023 17:15,33.4,45,0
08-05-2023 17:30,30.7,58,0
08-05-2023 17:45,31.6,55,0
08-05-2023 18:00,32.5,52,0
08-05-2023 18:15,33.8,47,0
08-05-2023 18:30,33.6,48,0
08-05-2023 18:45,33.1,52,0
08-05-2023 19:00,32.1,58,0
08-05-2023 19:15,31.3,60,0
08-05-2023 19:30,31,61,0
08-05-2023 19:45,30.6,62,0
08-05-2023 20:00,30.2,64,0
08-05-2023 20:15,30,64,0
08-05-2023 20:30,29.7,65,0
08-05-2023 20:45,29.5,66,0
08-05-2023 21:00,29.4,66,0
08-05-2023 21:15,29.3,67,0
08-05-2023 21:30,29.2,67,0
08-05-2023 21:45,29.2,67,0
08-05-2023 22:00,28.6,69,0
08-05-2023 22:15,28.3,71,0
08-05-2023 22:30,28.1,71,0
08-05-2023 22:45,28.3,70,0
08-05-2023 23:00,28.3,70,0
08-05-2023 23:15,28.2,70,0
08-05-2023 23:30,28.1,70,0
08-05-2023 23:45,27.8,71,0
09-05-2023 00:00,27.7,71,0
09-05-2023 00:15,27.5,72,0
09-05-2023 00:30,27.3,72,0
09-05-2023 00:45,27.5,73,0
09-05-2023 01:00,27.1,73,0
09-05-2023 01:15,27.1,73,0
09-05-2023 01:30,27.2,73,0
09-05-2023 01:45,26.7,74,0
09-05-2023 02:00,26.2,78,0
09-05-2023 02:15,26,79,0
09-05-2023 02:30,26,81,0
09-05-2023 02:45,26,83,0
09-05-2023 03:00,26.2,85,0
09-05-2023 03:15,26.4,84,0
09-05-2023 03:30,26.4,83,0
09-05-2023 03:45,26.5,82,0
09-05-2023 04:00,25.9,87,1
09-05-2023 04:15,25.5,90,1
09-05-2023 04:30,24.8,90,4
09-05-2023 04:45,25.1,90,4.5
09-05-2023 05:00,25.2,89,4.5
09-05-2023 05:15,25.5,89,4.5
09-05-2023 05:30,25.7,89,4.5
09-05-2023 05:45,25.5,89,4.5
09-05-2023 06:00,25.6,89,4.5
09-05-2023 06:15,25.4,90,4.5
09-05-2023 06:30,25.4,89,4.5
09-05-2023 06:45,25.8,88,4.5
09-05-2023 07:00,26,88,4.5
09-05-2023 07:15,26.1,88,4.5
09-05-2023 07:30,26.3,88,4.5
09-05-2023 07:45,26.5,87,4.5
09-05-2023 08:00,26.8,87,4.5
09-05-2023 08:15,27.2,84,4.5
09-05-2023 08:30,27.7,82,4.5
09-05-2023 08:45,28,80,0
09-05-2023 09:00,28.6,75,0
09-05-2023 09:15,29,74,0
09-05-2023 09:30,29.4,73,0
09-05-2023 09:45,30.2,68,0
09-05-2023 10:00,31.4,65,0
09-05-2023 10:15,31.7,61,0
09-05-2023 10:30,31.9,57,0
09-05-2023 10:45,32.6,57,0
09-05-2023 11:00,32.9,56,0
09-05-2023 11:15,33.3,53,0
09-05-2023 11:30,33.5,53,0
09-05-2023 11:45,34.4,47,0
09-05-2023 12:00,34.8,46,0
09-05-2023 12:15,35.6,40,0
09-05-2023 12:30,36.3,38,0
09-05-2023 12:45,36.6,39,0
09-05-2023 13:00,36.9,36,0
09-05-2023 13:15,36.5,37,0
09-05-2023 13:30,36.9,36,0
09-05-2023 13:45,37.2,38,0
09-05-2023 14:00,37.2,36,0
09-05-2023 14:15,37.4,35,0
09-05-2023 14:30,38.2,32,0
09-05-2023 14:45,37.9,31,0
09-05-2023 15:00,38.4,29,0
09-05-2023 15:15,37.8,30,0
09-05-2023 15:30,38.4,28,0
09-05-2023 15:45,38.6,29,0
09-05-2023 16:00,38.5,31,0
09-05-2023 16:15,38,30,0
09-05-2023 16:30,37.6,31,0
09-05-2023 16:45,38.2,30,0
09-05-2023 17:00,37.6,30,0
09-05-2023 17:15,37.5,31,0
09-05-2023 17:30,36.7,33,0
09-05-2023 17:45,36.2,34,0
09-05-2023 18:00,36.1,35,0
09-05-2023 18:15,36.3,34,0
09-05-2023 18:30,36,35,0
09-05-2023 18:45,33.7,52,0
09-05-2023 19:00,33,55,0
09-05-2023 19:15,32.6,56,0
09-05-2023 19:30,32.3,57,0
09-05-2023 19:45,31.9,59,0
09-05-2023 20:00,31.4,60,0
09-05-2023 20:15,31,61,0
09-05-2023 20:30,30.8,62,0
09-05-2023 20:45,30.6,61,0
09-05-2023 21:00,30.1,64,0
09-05-2023 21:15,29.4,65,0
09-05-2023 21:30,29.2,65,0
09-05-2023 21:45,29.2,64,0
09-05-2023 22:00,29.2,64,0
09-05-2023 22:15,29.1,64,0
09-05-2023 22:30,28.9,65,0
09-05-2023 22:45,28.8,65,0
09-05-2023 23:00,28.6,66,0
09-05-2023 23:15,28.6,66,0
09-05-2023 23:30,28.3,67,0
09-05-2023 23:45,27.7,70,0
10-05-2023 00:00,27.4,72,0
10-05-2023 00:15,27.2,75,0
10-05-2023 00:30,26.8,80,0
10-05-2023 00:45,26.8,80,0
10-05-2023 01:00,26.7,80,0
10-05-2023 01:15,26.6,81,0
10-05-2023 01:30,26.5,82,0
10-05-2023 01:45,26.2,84,0
10-05-2023 02:00,26,84,0
10-05-2023 02:15,25.7,87,0
10-05-2023 02:30,25.5,87,0
10-05-2023 02:45,25.4,88,0
10-05-2023 03:00,25.4,88,0
10-05-2023 03:15,25.3,88,0
10-05-2023 03:30,25.2,88,0
10-05-2023 03:45,25.1,88,0
10-05-2023 04:00,25.1,88,0
10-05-2023 04:15,25.1,88,0
10-05-2023 04:30,25,88,0
10-05-2023 04:45,24.8,89,0
10-05-2023 05:00,24.7,89,0
10-05-2023 05:15,25.2,88,0
10-05-2023 05:30,25.1,87,0
10-05-2023 05:45,25.1,87,0
10-05-2023 06:00,25.2,87,0
10-05-2023 06:15,25.2,87,0
10-05-2023 06:30,25.2,87,0
10-05-2023 06:45,25.3,87,0
10-05-2023 07:00,25.5,86,0
10-05-2023 07:15,26.4,83,0
10-05-2023 07:30,27,78,0
10-05-2023 07:45,27.7,75,0
10-05-2023 08:00,28.5,73,0
10-05-2023 08:15,29,71,0
10-05-2023 08:30,30,68,0
10-05-2023 08:45,31.2,64,0
10-05-2023 09:00,31.8,62,0
10-05-2023 09:15,32.5,59,0
10-05-2023 09:45,34.2,53,0
10-05-2023 10:00,34.8,49,0
10-05-2023 10:15,36,39,0
10-05-2023 10:30,36.8,31,0
10-05-2023 10:45,37.4,30,0
10-05-2023 11:00,37.4,28,0
10-05-2023 11:15,37.6,29,0
10-05-2023 11:30,37.5,29,0
10-05-2023 11:45,37.9,29,0
10-05-2023 12:00,38.6,24,0
10-05-2023 12:15,38.9,26,0
10-05-2023 12:30,39.3,25,0
10-05-2023 12:45,39.3,24,0
10-05-2023 13:00,39.1,21,0
10-05-2023 13:15,39.8,21,0
10-05-2023 13:30,40.5,23,0
10-05-2023 13:45,39.8,20,0
10-05-2023 14:00,40.6,20,0
10-05-2023 14:15,40.5,20,0
10-05-2023 14:30,41,20,0
10-05-2023 14:45,41.4,18,0
10-05-2023 15:00,40.9,18,0
10-05-2023 15:15,41.1,18,0
10-05-2023 15:30,41.5,19,0
10-05-2023 15:45,40.9,18,0
10-05-2023 16:00,40.3,19,0
10-05-2023 16:15,41,19,0
10-05-2023 16:30,41.2,18,0
10-05-2023 16:45,41.4,18,0
10-05-2023 17:00,41.2,18,0
10-05-2023 17:15,40.5,19,0
10-05-2023 17:30,40.7,20,0
10-05-2023 17:45,39.6,19,0
10-05-2023 18:00,39.2,20,0
10-05-2023 18:15,38.5,20,0
10-05-2023 18:30,38.1,21,0
10-05-2023 18:45,37.3,21,0
10-05-2023 19:00,36.5,23,0
10-05-2023 19:15,34.9,42,0
10-05-2023 19:30,34.1,49,0
10-05-2023 19:45,33.7,52,0
10-05-2023 20:00,33.2,55,0
10-05-2023 20:15,32.8,56,0
10-05-2023 20:30,32.5,58,0
10-05-2023 20:45,32.3,59,0
10-05-2023 21:00,32.1,60,0
10-05-2023 21:15,31.4,61,0
10-05-2023 21:30,31.2,62,0
10-05-2023 21:45,31,62,0
10-05-2023 22:00,30.5,62,0
10-05-2023 22:15,29.6,67,0
10-05-2023 22:30,29.1,69,0
10-05-2023 22:45,29.1,66,0
10-05-2023 23:00,28.5,72,0
10-05-2023 23:15,28.1,72,0
10-05-2023 23:30,27.8,71,0
10-05-2023 23:45,27.3,73,0
11-05-2023 00:00,26.9,75,0
11-05-2023 00:15,26.6,79,0
11-05-2023 00:30,26.4,79,0
11-05-2023 00:45,26.1,79,0
11-05-2023 01:00,25.8,82,0
11-05-2023 01:15,25.5,82,0
11-05-2023 01:30,25.6,78,0
11-05-2023 01:45,25.3,84,0
11-05-2023 02:00,25.8,78,0
11-05-2023 02:15,25.6,74,0
11-05-2023 02:30,25.8,75,0
11-05-2023 02:45,25.3,79,0
11-05-2023 03:00,24.2,86,0
11-05-2023 03:15,23.8,87,0
11-05-2023 03:30,23.8,87,0
11-05-2023 03:45,23.3,87,0
11-05-2023 04:00,23.1,87,0
11-05-2023 04:15,22.8,87,0
11-05-2023 04:30,22.6,87,0
11-05-2023 04:45,22.6,86,0
11-05-2023 05:00,22.7,87,0
11-05-2023 05:15,22.1,87,0
11-05-2023 05:30,21.6,87,0
11-05-2023 05:45,21.7,87,0
11-05-2023 06:00,21.6,87,0
11-05-2023 06:15,21.6,88,0
11-05-2023 06:30,21.5,88,0
11-05-2023 06:45,22,88,0
11-05-2023 07:00,23,82,0
11-05-2023 07:15,24.6,76,0
11-05-2023 07:30,25.8,74,0
11-05-2023 07:45,26.9,73,0
11-05-2023 08:00,28.3,71,0
11-05-2023 08:15,29.8,67,0
11-05-2023 08:30,30.9,62,0
11-05-2023 08:45,31.5,57,0
11-05-2023 09:00,33.3,53,0
11-05-2023 09:15,34.1,47,0
11-05-2023 09:30,34.9,41,0
11-05-2023 09:45,35.3,36,0
11-05-2023 10:00,35.7,32,0
11-05-2023 10:15,37.1,30,0
11-05-2023 10:30,38.1,20,0
11-05-2023 10:45,38.4,20,0
11-05-2023 11:00,39,18,0
11-05-2023 11:15,38.9,18,0
11-05-2023 11:30,39.3,17,0
11-05-2023 11:45,39.7,17,0
11-05-2023 12:00,40.4,17,0
11-05-2023 12:15,40.2,16,0
11-05-2023 12:30,41.2,16,0
11-05-2023 12:45,40.5,15,0
11-05-2023 13:00,41.1,15,0
11-05-2023 13:15,40.5,15,0
11-05-2023 13:30,41.3,15,0
11-05-2023 13:45,41.5,16,0
11-05-2023 14:00,42,15,0
11-05-2023 14:15,42.1,14,0
11-05-2023 14:30,42.1,14,0
11-05-2023 14:45,41.6,14,0
11-05-2023 15:00,41.7,14,0
11-05-2023 15:15,42.4,15,0
11-05-2023 15:30,41.5,18,0
11-05-2023 15:45,41.8,19,0
11-05-2023 16:00,41.1,18,0
11-05-2023 16:15,40.6,18,0
11-05-2023 16:30,40.9,20,0
11-05-2023 16:45,40.3,20,0
11-05-2023 17:00,40.6,20,0
11-05-2023 17:15,39.8,20,0
11-05-2023 17:30,39.4,21,0
11-05-2023 17:45,38.6,30,0
11-05-2023 18:00,37.7,35,0
11-05-2023 18:15,37.2,38,0
11-05-2023 18:30,36.4,42,0
11-05-2023 18:45,35.8,45,0
11-05-2023 19:00,35.3,47,0
11-05-2023 19:15,34.8,48,0
11-05-2023 19:30,34.4,48,0
11-05-2023 19:45,34,49,0
11-05-2023 20:00,33.6,50,0
11-05-2023 20:15,33.4,50,0
11-05-2023 20:30,33.3,50,0
11-05-2023 20:45,33.1,49,0
11-05-2023 21:00,32.9,50,0
11-05-2023 21:15,32.4,51,0
11-05-2023 21:30,32,52,0
11-05-2023 21:45,31.5,52,0
11-05-2023 22:00,31.1,52,0
11-05-2023 22:15,29.6,60,0
11-05-2023 22:30,28.8,63,0
11-05-2023 22:45,28.1,63,0
11-05-2023 23:00,28.1,64,0
11-05-2023 23:15,27.8,65,0
11-05-2023 23:30,27.3,68,0
11-05-2023 23:45,27.1,68,0
12-05-2023 00:00,26.2,73,0
12-05-2023 00:15,26.7,70,0
12-05-2023 00:30,26.4,71,0
12-05-2023 00:45,25.6,74,0
12-05-2023 01:00,26,72,0
12-05-2023 01:15,25.6,73,0
12-05-2023 01:30,25.9,71,0
12-05-2023 01:45,26.2,69,0
12-05-2023 02:00,26.6,65,0
12-05-2023 02:15,26.9,64,0
12-05-2023 02:30,26.7,64,0
12-05-2023 02:45,26.1,64,0
12-05-2023 03:00,24.2,74,0
12-05-2023 03:15,24.9,71,0
12-05-2023 03:30,24.6,72,0
12-05-2023 03:45,24.5,72,0
12-05-2023 04:00,24.2,75,0
12-05-2023 04:15,23.9,73,0
12-05-2023 04:30,23.2,76,0
12-05-2023 04:45,22.7,83,0
12-05-2023 05:00,22.5,82,0
12-05-2023 05:15,22.3,84,0
12-05-2023 05:30,22.2,86,0
12-05-2023 05:45,21.9,87,0
12-05-2023 06:00,22.1,87,0
12-05-2023 06:15,22.1,87,0
12-05-2023 06:30,22.5,87,0
12-05-2023 06:45,23.3,88,0
12-05-2023 07:00,24.2,87,0
12-05-2023 07:15,25.7,85,0
12-05-2023 07:30,25.9,83,0
12-05-2023 07:45,26.7,82,0
12-05-2023 08:00,27.8,77,0
12-05-2023 08:15,28.7,74,0
12-05-2023 08:30,29.4,70,0
12-05-2023 08:45,30.4,65,0
12-05-2023 09:00,31.5,62,0
12-05-2023 09:15,32.4,57,0
12-05-2023 09:30,33.5,52,0
12-05-2023 09:45,34.5,45,0
12-05-2023 10:00,35.2,36,0
12-05-2023 10:15,36.2,34,0
12-05-2023 10:30,37,30,0
12-05-2023 10:45,37.2,27,0
12-05-2023 11:00,37.4,27,0
12-05-2023 11:15,37.9,25,0
12-05-2023 11:30,38.5,23,0
12-05-2023 11:45,39.4,22,0
12-05-2023 12:00,39.2,20,0
12-05-2023 12:15,39.6,20,0
12-05-2023 12:30,39.8,19,0
12-05-2023 12:45,40.6,18,0
12-05-2023 13:00,40.3,17,0
12-05-2023 13:15,40.6,16,0
12-05-2023 13:30,40.9,15,0
12-05-2023 13:45,41.7,16,0
12-05-2023 14:00,41.1,16,0
12-05-2023 14:15,41.1,16,0
12-05-2023 14:30,40.9,21,0
12-05-2023 14:45,40.8,23,0
12-05-2023 15:00,40.6,22,0
12-05-2023 15:15,40.7,23,0
12-05-2023 15:30,39.6,23,0
12-05-2023 15:45,39.7,25,0
12-05-2023 16:00,39.7,24,0
12-05-2023 16:15,39.7,23,0
12-05-2023 16:30,40.1,24,0
12-05-2023 16:45,39.3,25,0
12-05-2023 17:00,39,25,0
12-05-2023 17:15,39.2,26,0
12-05-2023 17:30,38.2,28,0
12-05-2023 17:45,37.5,34,0
12-05-2023 18:00,37.2,36,0
12-05-2023 18:15,36.4,40,0
12-05-2023 18:30,35.8,43,0
12-05-2023 18:45,35.2,46,0
12-05-2023 19:00,34.5,50,0
12-05-2023 19:15,34.1,51,0
12-05-2023 19:30,33.7,51,0
12-05-2023 19:45,33.4,51,0
12-05-2023 20:00,33,51,0
12-05-2023 20:15,32.7,51,0
12-05-2023 20:30,32.4,51,0
12-05-2023 20:45,32.2,51,0
12-05-2023 21:00,32.1,51,0
12-05-2023 21:15,31.9,51,0
12-05-2023 21:30,31.8,50,0
12-05-2023 21:45,31.7,49,0
12-05-2023 22:00,31.6,48,0
12-05-2023 22:15,31.3,47,0
12-05-2023 22:30,31,47,0
12-05-2023 22:45,30.3,47,0
12-05-2023 23:00,29.1,51,0
12-05-2023 23:15,28.5,55,0
12-05-2023 23:30,29.2,50,0
12-05-2023 23:45,28.4,57,0
13-05-2023 00:00,26.9,61,0
13-05-2023 00:15,27.1,56,0
13-05-2023 00:30,26.2,65,0
13-05-2023 00:45,25.7,67,0
13-05-2023 01:00,26,65,0
13-05-2023 01:15,25,69,0
13-05-2023 01:30,25.2,69,0
13-05-2023 01:45,24.4,70,0
13-05-2023 02:00,24.8,69,0
13-05-2023 02:15,25,68,0
13-05-2023 02:30,24.9,69,0
13-05-2023 02:45,24.9,69,0
13-05-2023 03:00,25.6,68,0
13-05-2023 03:15,26.8,62,0
13-05-2023 03:30,27,60,0
13-05-2023 03:45,26.9,59,0
13-05-2023 04:00,26.9,58,0
13-05-2023 04:15,25.5,69,0
13-05-2023 04:30,24.4,74,0
13-05-2023 04:45,23.9,78,0
13-05-2023 05:00,23.3,84,0
13-05-2023 05:15,22.8,85,0
13-05-2023 05:30,22.8,84,0
13-05-2023 05:45,22.5,85,0
13-05-2023 06:00,22.4,86,0
13-05-2023 06:15,22.1,87,0
13-05-2023 06:30,22.6,87,0
13-05-2023 06:45,23.1,82,0
13-05-2023 07:00,23.6,85,0
13-05-2023 07:15,25.3,76,0
13-05-2023 07:30,26.2,71,0
13-05-2023 07:45,28.2,60,0
13-05-2023 08:00,29.4,51,0
13-05-2023 08:15,30.3,48,0
13-05-2023 08:30,31.4,46,0
13-05-2023 08:45,32.1,45,0
13-05-2023 09:00,32.7,42,0
13-05-2023 09:15,34.1,39,0
13-05-2023 09:30,34.3,37,0
13-05-2023 10:15,36.1,31,0
13-05-2023 10:30,36.6,30,0
13-05-2023 10:45,37.2,30,0
13-05-2023 11:00,37.2,27,0
13-05-2023 11:15,37.9,26,0
13-05-2023 11:30,38.1,26,0
13-05-2023 11:45,38.8,23,0
13-05-2023 12:00,39,24,0
13-05-2023 12:15,38.7,26,0
13-05-2023 12:30,38.9,25,0
13-05-2023 12:45,38.3,26,0
13-05-2023 13:00,38.6,27,0
13-05-2023 13:30,39,25,0
13-05-2023 13:45,38.9,25,0
13-05-2023 14:00,38.7,23,0
13-05-2023 14:15,38.8,21,0
13-05-2023 14:30,39.4,22,0
13-05-2023 14:45,38.8,25,0
13-05-2023 15:00,39,24,0
13-05-2023 15:15,38.8,27,0
13-05-2023 15:30,38.8,28,0
13-05-2023 15:45,39.1,28,0
13-05-2023 16:00,39.4,29,0
13-05-2023 16:15,38.6,30,0
13-05-2023 16:30,38.4,34,0
13-05-2023 16:45,38,36,0
13-05-2023 17:00,37.2,38,0
13-05-2023 17:15,37,37,0
13-05-2023 17:30,36.6,38,0
13-05-2023 17:45,36.1,40,0
13-05-2023 18:00,35.4,42,0
13-05-2023 18:15,34.8,43,0
13-05-2023 18:30,34.2,45,0
13-05-2023 18:45,33.7,46,0
13-05-2023 19:00,33.1,46,0
13-05-2023 19:15,32.7,48,0
13-05-2023 19:30,32.2,49,0
13-05-2023 19:45,31.8,50,0
13-05-2023 20:00,31.5,49,0
13-05-2023 20:15,31.2,49,0
13-05-2023 20:30,30.9,50,0
13-05-2023 20:45,30.5,52,0
13-05-2023 21:00,30.2,54,0
13-05-2023 21:15,29.8,56,0
13-05-2023 21:30,29.6,58,0
13-05-2023 21:45,29.3,60,0
13-05-2023 22:00,29,62,0
13-05-2023 22:15,28.8,63,0
13-05-2023 22:30,28.6,64,0
13-05-2023 22:45,28.4,63,0
13-05-2023 23:00,28.1,61,0
13-05-2023 23:15,28,60,0
13-05-2023 23:30,27.7,60,0
13-05-2023 23:45,27.5,60,0
14-05-2023 00:00,27.5,57,0
14-05-2023 00:15,27.1,57,0
14-05-2023 00:30,27.1,56,0
14-05-2023 00:45,27,54,0
14-05-2023 01:00,26.5,55,0
14-05-2023 01:15,26,56,0
14-05-2023 01:30,26,56,0
14-05-2023 01:45,26.1,55,0
14-05-2023 02:00,26.4,53,0
14-05-2023 02:15,26.2,55,0
14-05-2023 02:30,26.1,56,0
14-05-2023 02:45,25.7,59,0
14-05-2023 03:00,25.3,60,0
14-05-2023 03:15,25.4,59,0
14-05-2023 03:30,25.6,58,0
14-05-2023 03:45,25.8,55,0
14-05-2023 04:00,25.7,55,0
14-05-2023 04:15,25.4,56,0
14-05-2023 04:30,26.1,51,0
14-05-2023 04:45,26.3,50,0
14-05-2023 05:00,27.1,48,0
14-05-2023 05:15,27.1,47,0
14-05-2023 05:30,25.9,54,0
14-05-2023 05:45,25.4,57,0
14-05-2023 06:00,25.3,56,0
14-05-2023 06:15,25.1,57,0
14-05-2023 06:30,25.8,53,0
14-05-2023 06:45,26.5,51,0
14-05-2023 07:00,27.3,50,0
14-05-2023 07:15,27.8,49,0
14-05-2023 07:30,28.4,46,0
14-05-2023 07:45,29,45,0
14-05-2023 08:00,29.4,44,0
14-05-2023 08:15,30,43,0
14-05-2023 08:30,30.6,42,0
14-05-2023 08:45,31.4,39,0
14-05-2023 09:00,31.9,36,0
14-05-2023 09:15,32.3,35,0
14-05-2023 09:30,32.8,34,0
14-05-2023 09:45,33.6,31,0
14-05-2023 10:00,33.9,31,0
14-05-2023 10:15,34.4,31,0
14-05-2023 10:30,35.1,30,0
14-05-2023 10:45,35.2,29,0
14-05-2023 11:00,35.2,29,0
14-05-2023 11:15,35.8,29,0
14-05-2023 11:30,35.6,30,0
14-05-2023 11:45,35.8,29,0
14-05-2023 12:00,35.7,31,0
14-05-2023 12:15,35.8,31,0
14-05-2023 12:30,36.3,33,0
14-05-2023 12:45,36,34,0
14-05-2023 13:00,36.7,33,0
14-05-2023 13:15,36.7,31,0
14-05-2023 13:30,36.8,31,0
14-05-2023 13:45,36.6,30,0
14-05-2023 14:00,37.2,30,0
14-05-2023 14:15,37,29,0
14-05-2023 14:30,36.9,29,0
14-05-2023 14:45,37.5,30,0
14-05-2023 15:00,37.7,30,0
14-05-2023 15:15,37.4,29,0
14-05-2023 15:45,37.6,32,0
14-05-2023 16:00,36.9,33,0
14-05-2023 16:15,37.2,33,0
14-05-2023 16:30,36.7,33,0
14-05-2023 16:45,36.7,35,0
14-05-2023 17:00,36,35,0
14-05-2023 17:15,35.8,33,0
14-05-2023 17:30,35.7,36,0
14-05-2023 17:45,35.2,37,0
14-05-2023 18:00,34.8,37,0
14-05-2023 18:15,34.1,41,0
14-05-2023 18:30,33.4,43,0
14-05-2023 18:45,32.8,45,0
14-05-2023 19:00,32.3,45,0
14-05-2023 19:15,31.8,47,0
14-05-2023 19:30,31.4,48,0
14-05-2023 19:45,31.1,51,0
14-05-2023 20:00,30.6,53,0
14-05-2023 20:15,30.1,56,0
14-05-2023 20:30,29.9,58,0
14-05-2023 20:45,29.4,59,0
14-05-2023 21:00,29.2,60,0
14-05-2023 21:15,28.8,62,0
14-05-2023 21:30,28.5,63,0
14-05-2023 21:45,28.3,64,0
14-05-2023 22:00,28,65,0
14-05-2023 22:15,27.8,66,0
14-05-2023 22:30,27.6,66,0
14-05-2023 22:45,27.4,66,0
14-05-2023 23:00,27.1,66,0
14-05-2023 23:15,27,66,0
14-05-2023 23:30,26.3,69,0
14-05-2023 23:45,25.9,72,0
15-05-2023 00:00,26.1,73,0
15-05-2023 00:15,26.1,73,0
15-05-2023 00:30,26.1,74,0
15-05-2023 00:45,25.9,75,0
15-05-2023 01:00,25.8,75,0
15-05-2023 01:15,25.8,74,0
15-05-2023 01:30,25.7,73,0
15-05-2023 01:45,25.5,74,0
15-05-2023 02:00,25.3,74,0
15-05-2023 02:15,25.2,76,0
15-05-2023 02:30,25.3,78,0
15-05-2023 02:45,25.3,78,0
15-05-2023 03:00,25.3,78,0
15-05-2023 03:15,25.4,78,0
15-05-2023 03:30,25.5,77,0
15-05-2023 03:45,25.6,76,0
15-05-2023 04:00,25.6,77,0
15-05-2023 04:15,25.4,78,0
15-05-2023 04:30,25.1,79,0
15-05-2023 04:45,25.2,79,0
15-05-2023 05:00,24.9,80,0
15-05-2023 05:15,24.6,80,0
15-05-2023 05:30,24.6,83,0
15-05-2023 05:45,24.6,82,0
15-05-2023 06:00,24.9,82,0
15-05-2023 06:15,25.1,82,0
15-05-2023 06:30,25.2,82,0
15-05-2023 06:45,25.6,81,0
15-05-2023 07:00,26,78,0
15-05-2023 07:15,26.4,75,0
15-05-2023 07:30,26.8,74,0
15-05-2023 07:45,27.2,72,0
15-05-2023 08:00,28,70,0
15-05-2023 08:15,28.6,67,0
15-05-2023 08:30,29.2,65,0
15-05-2023 09:15,30.5,60,0
15-05-2023 09:30,31.2,58,0
15-05-2023 09:45,32,55,0
15-05-2023 10:00,32,53,0
15-05-2023 10:15,32.1,54,0
15-05-2023 10:30,32.3,53,0
15-05-2023 10:45,33.2,49,0
15-05-2023 11:00,33.6,46,0
15-05-2023 11:15,33.7,46,0
15-05-2023 11:30,34.6,45,0
15-05-2023 11:45,35.2,43,0
15-05-2023 12:00,35.1,41,0
15-05-2023 12:15,35.2,42,0
15-05-2023 12:30,35.7,38,0
15-05-2023 12:45,35.7,41,0
15-05-2023 13:00,35.8,38,0
15-05-2023 13:15,36.2,38,0
15-05-2023 13:30,35.5,38,0
15-05-2023 13:45,36,37,0
15-05-2023 14:00,36.2,34,0
15-05-2023 14:15,36.6,30,0
15-05-2023 14:30,36.5,31,0
15-05-2023 14:45,36.7,31,0
15-05-2023 15:00,36.9,28,0
15-05-2023 15:15,35.9,31,0
15-05-2023 15:45,35.6,36,0
15-05-2023 16:00,36.4,32,0
15-05-2023 16:15,35.2,36,0
15-05-2023 16:30,35.6,35,0
15-05-2023 16:45,35.3,37,0
15-05-2023 17:00,35.4,37,0
15-05-2023 17:30,34.8,37,0
15-05-2023 17:45,34.7,41,0
15-05-2023 18:00,34.4,40,0
15-05-2023 18:15,33.7,40,0
15-05-2023 18:30,33.1,45,0
15-05-2023 18:45,32.1,48,0
15-05-2023 19:00,31.6,51,0
15-05-2023 19:15,31.2,52,0
15-05-2023 19:30,30.8,53,0
15-05-2023 19:45,30.4,54,0
15-05-2023 20:00,29.9,56,0
15-05-2023 20:15,29.8,55,0
15-05-2023 20:30,29.5,56,0
15-05-2023 21:00,28.9,59,0
15-05-2023 21:15,28.4,61,0
15-05-2023 21:30,28.1,63,0
15-05-2023 21:45,27.6,64,0
15-05-2023 22:00,27.3,67,0
15-05-2023 22:15,27.1,69,0
15-05-2023 22:30,26.9,71,0
15-05-2023 22:45,26.8,71,0
15-05-2023 23:00,26.6,71,0
15-05-2023 23:15,26.4,71,0
15-05-2023 23:30,26.2,71,0
15-05-2023 23:45,26.2,72,0
16-05-2023 00:00,25.9,73,0
16-05-2023 00:15,25.7,74,0
16-05-2023 00:30,25.4,74,0
16-05-2023 00:45,25.3,74,0
16-05-2023 01:00,25.1,78,0
16-05-2023 01:15,25,76,0
16-05-2023 01:30,24.9,77,0
16-05-2023 01:45,25,79,0
16-05-2023 02:00,24.9,81,0
16-05-2023 02:15,24.9,82,0
16-05-2023 02:30,24.7,82,0
16-05-2023 02:45,24.7,82,0
16-05-2023 03:00,24.7,82,0
16-05-2023 03:15,24.6,82,0
16-05-2023 03:30,24.6,82,0
16-05-2023 03:45,24.6,83,0
16-05-2023 04:00,24.6,82,0
16-05-2023 04:15,24.4,82,0
16-05-2023 04:30,24.2,82,0
16-05-2023 04:45,24.1,84,0
16-05-2023 05:00,23.5,85,0
16-05-2023 05:15,23.1,87,0
16-05-2023 05:30,23,86,0
16-05-2023 05:45,22.6,87,0
16-05-2023 06:00,22.4,87,0
16-05-2023 06:15,22.4,87,0
16-05-2023 06:30,22.2,86,0
16-05-2023 06:45,23.8,86,0
16-05-2023 07:00,24.9,80,0
16-05-2023 07:15,25.8,76,0
16-05-2023 07:30,26.6,74,0
16-05-2023 07:45,27.2,73,0
16-05-2023 08:00,27.7,70,0
16-05-2023 08:15,28.4,68,0
16-05-2023 08:30,28.8,64,0
16-05-2023 08:45,29.4,62,0
16-05-2023 09:15,30.3,58,0
16-05-2023 09:30,30.8,56,0
16-05-2023 09:45,31.3,50,0
16-05-2023 10:00,31.8,49,0
16-05-2023 10:15,32.1,47,0
16-05-2023 10:30,32.5,45,0
16-05-2023 10:45,32.9,45,0
16-05-2023 11:00,33.5,44,0
16-05-2023 11:15,33.3,43,0
16-05-2023 11:30,34.4,41,0
16-05-2023 11:45,34.3,40,0
16-05-2023 12:00,35.2,37,0
16-05-2023 12:15,35.4,36,0
16-05-2023 12:30,35.7,32,0
16-05-2023 12:45,35.8,35,0
16-05-2023 13:00,35.6,35,0
16-05-2023 13:15,36,36,0
16-05-2023 13:30,35.7,33,0
16-05-2023 13:45,35.9,34,0
16-05-2023 14:00,36.2,36,0
16-05-2023 14:15,35.4,36,0
16-05-2023 14:30,35.4,34,0
16-05-2023 14:45,36.2,35,0
16-05-2023 15:00,36.1,35,0
16-05-2023 15:15,36.4,35,0
16-05-2023 15:30,36.4,34,0
16-05-2023 15:45,36.3,34,0
16-05-2023 16:00,36,36,0
16-05-2023 16:15,35.7,36,0
16-05-2023 16:30,35,38,0
16-05-2023 16:45,35.2,38,0
16-05-2023 17:00,35.1,39,0
16-05-2023 17:15,34.7,40,0
16-05-2023 17:30,33.8,40,0
16-05-2023 17:45,33.5,43,0
16-05-2023 18:00,33.2,44,0
16-05-2023 18:15,32.4,45,0
16-05-2023 18:30,32,46,0
16-05-2023 18:45,31.4,45,0
16-05-2023 19:00,31,48,0
16-05-2023 19:15,30.5,49,0
16-05-2023 19:30,30.1,51,0
16-05-2023 19:45,29.7,54,0
16-05-2023 20:00,29.5,56,0
16-05-2023 20:15,29.2,58,0
16-05-2023 20:30,28.9,61,0
16-05-2023 20:45,28.5,63,0
16-05-2023 21:00,28.2,64,0
16-05-2023 21:15,27.9,65,0
16-05-2023 21:30,27.6,68,0
16-05-2023 21:45,27.3,68,0
16-05-2023 22:00,27.2,69,0
16-05-2023 22:15,27,70,0
16-05-2023 22:30,26.5,72,0
16-05-2023 22:45,26.4,73,0
16-05-2023 23:00,26.3,73,0
16-05-2023 23:15,26.2,73,0
16-05-2023 23:30,25.9,75,0
16-05-2023 23:45,25.8,75,0
17-05-2023 00:00,25.8,75,0
17-05-2023 00:15,25.7,77,0
17-05-2023 00:30,25.6,76,0
17-05-2023 00:45,25.4,77,0
17-05-2023 01:00,25.3,78,0
17-05-2023 01:15,25.2,79,0
17-05-2023 01:30,25.1,79,0
17-05-2023 01:45,25,80,0
17-05-2023 02:00,24.9,80,0
17-05-2023 02:15,24.8,80,0
17-05-2023 02:30,24.8,81,0
17-05-2023 02:45,24.9,80,0
17-05-2023 03:00,24.8,80,0
17-05-2023 03:15,25,79,0
17-05-2023 03:30,24.9,79,0
17-05-2023 03:45,24.9,79,0
17-05-2023 04:00,24.6,78,0
17-05-2023 04:15,24.2,79,0
17-05-2023 04:30,23.9,84,0
17-05-2023 04:45,23.2,86,0
17-05-2023 05:00,22.9,88,0
17-05-2023 05:15,22.8,88,0
17-05-2023 05:30,22.9,88,0
17-05-2023 05:45,23.3,87,0
17-05-2023 06:00,22.4,87,0
17-05-2023 06:15,22.1,89,0
17-05-2023 06:30,21.8,89,0
17-05-2023 06:45,22.4,88,0
17-05-2023 07:00,23.7,86,0
17-05-2023 07:15,25.1,79,0
17-05-2023 07:30,25.5,76,0
17-05-2023 07:45,25.9,75,0
17-05-2023 08:00,26.5,74,0
17-05-2023 08:15,27.2,72,0
17-05-2023 08:30,28,69,0
17-05-2023 08:45,28.7,64,0
17-05-2023 09:00,29.5,61,0
17-05-2023 09:15,30.2,55,0
17-05-2023 09:30,31.3,50,0
17-05-2023 09:45,31.8,45,0
17-05-2023 10:00,32.7,37,0
17-05-2023 10:15,33.5,33,0
17-05-2023 10:30,34.4,29,0
17-05-2023 10:45,34.7,27,0
17-05-2023 11:00,35.5,26,0
17-05-2023 11:15,35.9,24,0
17-05-2023 11:30,36.3,23,0
17-05-2023 11:45,36.8,23,0
17-05-2023 12:00,37.1,23,0
17-05-2023 12:15,37.1,22,0
17-05-2023 12:30,37.1,23,0
17-05-2023 12:45,37.2,23,0
17-05-2023 13:00,37.5,24,0
17-05-2023 13:15,37.3,23,0
17-05-2023 13:30,38.4,23,0
17-05-2023 13:45,37.8,22,0
17-05-2023 14:00,38.3,23,0
17-05-2023 14:15,38.4,22,0
17-05-2023 14:30,38.2,22,0
17-05-2023 14:45,38.6,21,0
17-05-2023 15:00,38.9,22,0
17-05-2023 15:15,38.9,21,0
17-05-2023 15:30,39,23,0
17-05-2023 15:45,38.2,24,0
17-05-2023 16:00,38.1,24,0
17-05-2023 16:15,38,25,0
17-05-2023 16:30,38,24,0
17-05-2023 16:45,38.3,26,0
17-05-2023 17:00,38.1,27,0
17-05-2023 17:15,37.6,27,0
17-05-2023 17:30,37.5,28,0
17-05-2023 17:45,36.7,29,0
17-05-2023 18:00,36.5,30,0
17-05-2023 18:15,35.9,30,0
17-05-2023 18:30,35.3,32,0
17-05-2023 18:45,33.9,46,0
17-05-2023 19:00,33.1,50,0
17-05-2023 19:15,32.6,51,0
17-05-2023 19:30,32.1,54,0
17-05-2023 19:45,31.7,55,0
17-05-2023 20:00,31.2,56,0
17-05-2023 20:15,30.9,56,0
17-05-2023 20:30,30.7,56,0
17-05-2023 20:45,30.3,56,0
17-05-2023 21:00,30,57,0
17-05-2023 21:15,29.7,58,0
17-05-2023 21:30,29.5,59,0
17-05-2023 21:45,29.2,60,0
17-05-2023 22:00,29.2,60,0
17-05-2023 22:15,29,60,0
17-05-2023 22:30,28.9,60,0
17-05-2023 22:45,28.8,60,0
17-05-2023 23:00,28.6,60,0
17-05-2023 23:15,28.2,61,0
17-05-2023 23:30,28.1,61,0
17-05-2023 23:45,27.4,63,0
18-05-2023 00:00,27.1,65,0
18-05-2023 00:15,26.9,66,0
18-05-2023 00:30,27.1,67,0
18-05-2023 00:45,27.2,66,0
18-05-2023 01:00,27.1,67,0
18-05-2023 01:15,26.6,68,0
18-05-2023 01:30,26.1,70,0
18-05-2023 01:45,25.7,72,0
18-05-2023 02:00,25.5,73,0
18-05-2023 02:15,25.2,73,0
18-05-2023 02:30,25,77,0
18-05-2023 02:45,24.8,79,0
18-05-2023 03:00,24.6,81,0
18-05-2023 03:15,24.7,81,0
18-05-2023 03:30,24.6,81,0
18-05-2023 03:45,24.2,82,0
18-05-2023 04:00,24.3,81,0
18-05-2023 04:15,24.4,80,0
18-05-2023 04:30,24.5,81,0
18-05-2023 04:45,24.2,82,0
18-05-2023 05:00,24,83,0
18-05-2023 05:15,24.2,84,0
18-05-2023 05:30,23.9,83,0
18-05-2023 05:45,23.8,84,0
18-05-2023 06:00,23.6,83,0
18-05-2023 06:15,23.5,85,0
18-05-2023 06:30,23.7,84,0
18-05-2023 06:45,23.8,83,0
18-05-2023 07:00,24.7,81,0
18-05-2023 07:15,25,80,0
18-05-2023 07:30,25.9,75,0
18-05-2023 07:45,26.2,74,0
18-05-2023 08:00,26.7,71,0
18-05-2023 08:15,27.6,68,0
18-05-2023 08:30,28.2,66,0
18-05-2023 08:45,29,59,0
18-05-2023 09:00,30.2,53,0
18-05-2023 09:15,30.7,49,0
18-05-2023 09:30,31.8,46,0
18-05-2023 09:45,32.7,41,0
18-05-2023 10:00,33.8,37,0
18-05-2023 10:15,35,34,0
18-05-2023 10:30,35.7,32,0
18-05-2023 10:45,35.9,32,0
18-05-2023 11:00,36.5,30,0
18-05-2023 11:15,36.9,25,0
18-05-2023 11:30,37.9,23,0
18-05-2023 11:45,38.6,22,0
18-05-2023 12:00,38.7,21,0
18-05-2023 12:15,38.9,22,0
18-05-2023 12:30,38.8,21,0
18-05-2023 12:45,38.7,19,0
18-05-2023 13:00,40.2,17,0
18-05-2023 13:15,40.1,18,0
18-05-2023 13:30,39.1,18,0
18-05-2023 13:45,39.3,19,0
18-05-2023 14:00,40.1,18,0
18-05-2023 14:15,39.4,18,0
18-05-2023 14:30,40.7,18,0
18-05-2023 14:45,38.3,24,0
18-05-2023 15:00,38,26,0
18-05-2023 15:15,38.7,25,0
18-05-2023 15:30,39.2,24,0
18-05-2023 15:45,38.6,25,0
18-05-2023 16:00,37.5,26,0
18-05-2023 16:15,38.8,25,0
18-05-2023 16:30,38.5,26,0
18-05-2023 16:45,39,26,0
18-05-2023 17:00,38.7,26,0
18-05-2023 17:15,38,27,0
18-05-2023 17:30,37.4,27,0
18-05-2023 17:45,37,28,0
18-05-2023 18:00,36.8,30,0
18-05-2023 18:15,35.9,37,0
18-05-2023 18:30,34.7,46,0
18-05-2023 18:45,34.1,49,0
18-05-2023 19:00,33.7,49,0
18-05-2023 19:15,33.2,52,0
18-05-2023 19:30,32.6,57,0
18-05-2023 19:45,32.1,59,0
18-05-2023 20:00,31.8,59,0
18-05-2023 20:15,31.4,60,0
18-05-2023 20:30,31.2,59,0
18-05-2023 20:45,31,59,0
18-05-2023 21:00,30.7,59,0
18-05-2023 21:15,30.5,59,0
18-05-2023 21:30,30.3,59,0
18-05-2023 21:45,30.1,59,0
18-05-2023 22:00,30,58,0
18-05-2023 22:15,29.8,58,0
18-05-2023 22:30,29.7,57,0
18-05-2023 22:45,29.5,57,0
18-05-2023 23:00,29.3,56,0
18-05-2023 23:15,28.5,60,0
18-05-2023 23:30,27.6,64,0
18-05-2023 23:45,26.8,66,0
19-05-2023 00:00,26.4,70,0
19-05-2023 00:15,25.9,69,0
19-05-2023 00:30,25.6,69,0
19-05-2023 00:45,25.6,70,0
19-05-2023 01:00,25.1,74,0
19-05-2023 01:15,24.9,72,0
19-05-2023 01:30,24.7,73,0
19-05-2023 01:45,24.2,70,0
19-05-2023 02:00,24.2,75,0
19-05-2023 02:15,24,77,0
19-05-2023 02:30,23.6,74,0
19-05-2023 02:45,23.5,74,0
19-05-2023 03:00,23.5,74,0
19-05-2023 03:15,22.7,83,0
19-05-2023 03:30,22.3,82,0
19-05-2023 03:45,22.1,84,0
19-05-2023 04:00,22,86,0
19-05-2023 04:15,21.7,85,0
19-05-2023 04:30,21.6,86,0
19-05-2023 04:45,21.4,86,0
19-05-2023 05:00,21.3,87,0
19-05-2023 05:15,21.4,87,0
19-05-2023 05:30,21.3,85,0
19-05-2023 05:45,21,87,0
19-05-2023 06:00,20.7,88,0
19-05-2023 06:15,20.7,89,0
19-05-2023 06:30,20.7,88,0
19-05-2023 06:45,21.3,86,0
19-05-2023 07:00,23,80,0
19-05-2023 07:15,24.2,74,0
19-05-2023 07:30,25.2,72,0
19-05-2023 07:45,26.5,68,0
19-05-2023 08:00,27.3,66,0
19-05-2023 08:15,28.1,63,0
19-05-2023 08:30,29.4,57,0
19-05-2023 09:15,32.1,47,0
19-05-2023 09:30,33.8,39,0
19-05-2023 09:45,35.3,36,0
19-05-2023 10:00,35.8,29,0
19-05-2023 10:15,36,28,0
19-05-2023 10:30,37.1,27,0
19-05-2023 10:45,36.7,27,0
19-05-2023 11:00,37.8,23,0
19-05-2023 11:30,38.4,19,0
19-05-2023 11:45,38.9,19,0
19-05-2023 12:00,38.4,19,0
19-05-2023 12:15,39.1,18,0
19-05-2023 12:30,39.6,18,0
19-05-2023 12:45,40,18,0
19-05-2023 13:00,39.6,17,0
19-05-2023 13:15,40.1,17,0
19-05-2023 13:30,40.1,17,0
19-05-2023 13:45,39.9,18,0
19-05-2023 14:00,40,18,0
19-05-2023 14:15,39.7,19,0
19-05-2023 14:30,39.5,20,0
19-05-2023 14:45,39.6,20,0
19-05-2023 15:15,39.5,19,0
19-05-2023 15:30,39.5,20,0
19-05-2023 15:45,39.3,22,0
19-05-2023 16:00,39.7,20,0
19-05-2023 16:15,39.5,21,0
19-05-2023 16:30,39.3,21,0
19-05-2023 16:45,38.9,22,0
19-05-2023 17:00,39.6,22,0
19-05-2023 17:15,38.8,24,0
19-05-2023 17:30,38.2,26,0
19-05-2023 17:45,37.7,27,0
19-05-2023 18:00,37,28,0
19-05-2023 18:15,36.4,34,0
19-05-2023 18:30,35.6,39,0
19-05-2023 18:45,34.9,43,0
19-05-2023 19:00,34.5,40,0
19-05-2023 19:15,34,40,0
19-05-2023 19:30,33.7,36,0
19-05-2023 19:45,33.2,39,0
19-05-2023 20:00,32.8,42,0
19-05-2023 20:15,32.1,51,0
19-05-2023 20:30,31.2,59,0
19-05-2023 20:45,30.8,61,0
19-05-2023 21:00,30.5,60,0
19-05-2023 21:15,30.1,62,0
19-05-2023 21:30,29.8,63,0
19-05-2023 21:45,29.5,65,0
19-05-2023 22:00,29.1,66,0
19-05-2023 22:15,28.7,65,0
19-05-2023 22:45,28.3,65,0
19-05-2023 23:00,28.4,59,0
19-05-2023 23:15,28.4,59,0
19-05-2023 23:30,28.1,61,0
19-05-2023 23:45,28.2,60,0
20-05-2023 00:00,28.1,59,0
20-05-2023 00:15,28,59,0
20-05-2023 00:30,27.9,59,0
20-05-2023 00:45,27.6,60,0
20-05-2023 01:00,27.3,59,0
20-05-2023 01:15,26.9,63,0
20-05-2023 01:30,26.2,64,0
20-05-2023 01:45,25.9,67,0
20-05-2023 02:00,25.6,68,0
20-05-2023 02:15,25.9,69,0
20-05-2023 02:30,25.8,70,0
20-05-2023 02:45,26,69,0
20-05-2023 03:00,25.7,69,0
20-05-2023 03:15,24.7,72,0
20-05-2023 03:30,24.1,73,0
20-05-2023 03:45,23.9,75,0
20-05-2023 04:00,24,74,0
20-05-2023 04:15,23.7,79,0
20-05-2023 04:30,24.6,75,0
20-05-2023 04:45,24.7,73,0
20-05-2023 05:00,23.8,78,0
20-05-2023 05:15,23.1,80,0
20-05-2023 05:30,22.7,82,0
20-05-2023 05:45,22.5,85,0
20-05-2023 06:00,22.5,84,0
20-05-2023 06:15,21.8,87,0
20-05-2023 06:30,22.1,86,0
20-05-2023 06:45,22.8,86,0
20-05-2023 07:00,24,82,0
20-05-2023 07:15,25.1,76,0
20-05-2023 07:30,26.1,73,0
20-05-2023 07:45,26.5,71,0
20-05-2023 08:00,27.1,69,0
20-05-2023 08:15,27.4,67,0
20-05-2023 08:30,28.4,63,0
20-05-2023 08:45,29.2,57,0
20-05-2023 09:00,30.2,52,0
20-05-2023 09:15,31.2,43,0
20-05-2023 09:30,32.2,34,0
20-05-2023 09:45,33,31,0
20-05-2023 10:00,33.9,31,0
20-05-2023 10:15,34.1,28,0
20-05-2023 10:30,34.7,27,0
20-05-2023 10:45,35.8,26,0
20-05-2023 11:00,35.4,26,0
20-05-2023 11:15,36.6,24,0
20-05-2023 11:30,37.2,23,0
20-05-2023 11:45,37.3,21,0
20-05-2023 12:00,38.1,21,0
20-05-2023 12:15,38.6,19,0
20-05-2023 12:30,39.2,18,0
20-05-2023 12:45,38.9,19,0
20-05-2023 13:00,39.1,21,0
20-05-2023 13:15,38.5,20,0
20-05-2023 13:30,39.1,19,0
20-05-2023 13:45,39.2,19,0
20-05-2023 14:00,39.1,21,0
20-05-2023 14:15,38.8,21,0
20-05-2023 14:30,38.6,22,0
20-05-2023 14:45,38.7,23,0
20-05-2023 15:00,39,24,0
20-05-2023 15:15,38.8,25,0
20-05-2023 15:30,38.5,25,0
20-05-2023 15:45,38.3,27,0
20-05-2023 16:00,38.7,26,0
20-05-2023 16:15,38.5,26,0
20-05-2023 16:30,37.9,27,0
20-05-2023 16:45,38.4,26,0
20-05-2023 17:00,38.2,26,0
20-05-2023 17:15,38.1,27,0
20-05-2023 17:30,37.5,30,0
20-05-2023 17:45,37.1,33,0
20-05-2023 18:00,36.4,34,0
20-05-2023 18:15,35.6,37,0
20-05-2023 18:30,35.1,38,0
20-05-2023 18:45,34.7,36,0
20-05-2023 19:00,34.2,34,0
20-05-2023 19:30,33.6,27,0
20-05-2023 19:45,33,34,0
20-05-2023 20:00,32.6,40,0
20-05-2023 20:15,32.1,46,0
20-05-2023 20:30,31.7,51,0
20-05-2023 20:45,31.3,53,0
20-05-2023 21:00,30.7,58,0
20-05-2023 21:15,30.1,62,0
20-05-2023 21:30,29.6,64,0
20-05-2023 21:45,29.1,66,0
20-05-2023 22:00,29,66,0
20-05-2023 22:15,28.6,68,0
20-05-2023 22:30,28.3,68,0
20-05-2023 22:45,28.1,69,0
20-05-2023 23:00,27.8,71,0
20-05-2023 23:15,27.5,72,0
20-05-2023 23:30,27.2,73,0
20-05-2023 23:45,27.1,73,0
21-05-2023 00:00,27,74,0
21-05-2023 00:15,26.7,75,0
21-05-2023 00:30,26.4,77,0
21-05-2023 00:45,26.4,76,0
21-05-2023 01:00,26.2,76,0
21-05-2023 01:15,26,79,0
21-05-2023 01:30,25.9,80,0
21-05-2023 01:45,25.7,81,0
21-05-2023 02:00,25.3,82,0
21-05-2023 02:15,25.2,82,0
21-05-2023 02:30,25.3,82,0
21-05-2023 02:45,25.2,81,0
21-05-2023 03:00,25.1,82,0
21-05-2023 03:15,24.9,82,0
21-05-2023 03:30,24.9,82,0
21-05-2023 03:45,24.8,82,0
21-05-2023 04:00,24.8,81,0
21-05-2023 04:15,24.6,81,0
21-05-2023 04:30,24.5,82,0
21-05-2023 04:45,24.4,82,0
21-05-2023 05:00,24.2,83,0
21-05-2023 05:15,23.7,85,0
21-05-2023 05:30,23.3,86,0
21-05-2023 05:45,22.7,85,0
21-05-2023 06:00,22.5,87,0
21-05-2023 06:15,22.6,86,0
21-05-2023 06:30,22.6,88,0
21-05-2023 06:45,23.4,87,0
21-05-2023 07:00,24.5,83,0
21-05-2023 07:15,25,80,0
21-05-2023 07:30,25.9,75,0
21-05-2023 07:45,26.3,73,0
21-05-2023 08:00,27,71,0
21-05-2023 08:15,27.8,68,0
21-05-2023 08:30,28.6,62,0
21-05-2023 08:45,29.3,57,0
21-05-2023 09:00,30.4,54,0
21-05-2023 09:15,30.9,50,0
21-05-2023 09:30,31.7,45,0
21-05-2023 10:00,33,34,0
21-05-2023 10:15,33.8,36,0
21-05-2023 10:30,34.3,33,0
21-05-2023 10:45,34.4,38,0
21-05-2023 11:00,34.6,38,0
21-05-2023 11:15,35,37,0
21-05-2023 11:30,36,36,0
21-05-2023 11:45,37,32,0
21-05-2023 12:00,37.3,31,0
21-05-2023 12:15,37.9,22,0
21-05-2023 12:30,38.3,24,0
21-05-2023 12:45,38.5,26,0
21-05-2023 13:00,38.9,21,0
21-05-2023 13:15,38.6,27,0
21-05-2023 13:30,39,25,0
21-05-2023 13:45,38.5,25,0
21-05-2023 14:00,38.7,24,0
21-05-2023 14:15,39.5,23,0
21-05-2023 14:30,39.7,21,0
21-05-2023 15:15,39.1,23,0
21-05-2023 15:30,39.8,22,0
21-05-2023 15:45,39.1,23,0
21-05-2023 16:00,39.1,24,0
21-05-2023 16:15,38.6,25,0
21-05-2023 16:30,38.2,26,0
21-05-2023 16:45,38.2,28,0
21-05-2023 17:00,37.5,28,0
21-05-2023 17:15,37.3,29,0
21-05-2023 17:30,36.9,31,0
21-05-2023 17:45,36.5,32,0
21-05-2023 18:00,36.1,33,0
21-05-2023 18:30,34.5,42,0
21-05-2023 18:45,33.6,48,0
21-05-2023 19:00,32.8,53,0
21-05-2023 19:15,32.2,55,0
21-05-2023 19:30,31.8,58,0
21-05-2023 19:45,31.3,60,0
21-05-2023 20:00,30.8,63,0
21-05-2023 20:15,30.4,65,0
21-05-2023 20:30,29.9,67,0
21-05-2023 20:45,29.6,68,0
21-05-2023 21:00,29.5,68,0
21-05-2023 21:15,29.2,69,0
21-05-2023 21:30,29,69,0
21-05-2023 21:45,28.8,69,0
21-05-2023 22:00,28.5,70,0
21-05-2023 22:15,28.3,70,0
21-05-2023 22:30,28.1,71,0
21-05-2023 22:45,27.9,71,0
21-05-2023 23:00,27.8,71,0
21-05-2023 23:15,27.6,71,0
21-05-2023 23:30,27.5,71,0
21-05-2023 23:45,27.3,71,0
22-05-2023 00:00,27.2,70,0
22-05-2023 00:15,26.7,72,0
22-05-2023 00:30,26.4,73,0
22-05-2023 00:45,26.3,71,0
22-05-2023 01:00,26.3,71,0
22-05-2023 01:15,26.1,71,0
22-05-2023 01:30,25.9,70,0
22-05-2023 01:45,25.9,70,0
22-05-2023 02:00,25.8,71,0
22-05-2023 02:15,25.3,73,0
22-05-2023 02:30,24.8,78,0
22-05-2023 02:45,24.6,79,0
22-05-2023 03:00,24.3,80,0
22-05-2023 03:15,24.1,81,0
22-05-2023 03:30,23.5,84,0
22-05-2023 03:45,23.1,86,0
22-05-2023 04:00,22.8,87,0
22-05-2023 04:15,22.5,86,0
22-05-2023 04:30,22.2,87,0
22-05-2023 04:45,22,87,0
22-05-2023 05:00,21.9,88,0
22-05-2023 05:15,21.8,88,0
22-05-2023 05:30,21.6,89,0
22-05-2023 05:45,21.6,89,0
22-05-2023 06:00,21.4,89,0
22-05-2023 06:15,21.5,88,0
22-05-2023 06:30,21.7,87,0
22-05-2023 06:45,22.1,87,0
22-05-2023 07:00,22.8,85,0
22-05-2023 07:15,22.9,85,0
22-05-2023 07:30,23.6,85,0
22-05-2023 07:45,25,84,0
22-05-2023 08:00,26,78,0
22-05-2023 08:15,26.6,76,0
22-05-2023 08:30,27.9,72,0
22-05-2023 08:45,28.8,68,0
22-05-2023 09:00,29.2,64,0
22-05-2023 09:15,29.8,62,0
22-05-2023 09:30,31.1,58,0
22-05-2023 09:45,31.7,56,0
22-05-2023 10:00,32.5,49,0
22-05-2023 10:15,33.4,45,0
22-05-2023 10:30,34.2,43,0
22-05-2023 10:45,34.5,41,0
22-05-2023 11:00,35.6,38,0
22-05-2023 11:15,36.7,36,0
22-05-2023 11:30,37.2,32,0
22-05-2023 11:45,38.4,26,0
22-05-2023 12:00,37.8,22,0
22-05-2023 12:15,38.5,23,0
22-05-2023 12:30,38.5,25,0
22-05-2023 12:45,38.9,25,0
22-05-2023 13:00,38.7,25,0
22-05-2023 13:30,38.8,30,0
22-05-2023 13:45,38.3,33,0
22-05-2023 14:00,37.7,33,0
22-05-2023 14:15,37,31,0
22-05-2023 14:30,38.4,29,0
22-05-2023 14:45,38.5,29,0
22-05-2023 15:00,38.8,27,0
22-05-2023 15:15,38.6,25,0
22-05-2023 15:30,37.7,25,0
22-05-2023 15:45,38.3,26,0
22-05-2023 16:00,38.5,27,0
22-05-2023 16:15,37.6,30,0
22-05-2023 16:30,37.2,34,0
22-05-2023 17:00,37,35,0
22-05-2023 17:15,36.1,40,0
22-05-2023 17:30,36.1,40,0
22-05-2023 17:45,35.4,42,0
22-05-2023 18:00,35.1,41,0
22-05-2023 18:15,34.5,40,0
22-05-2023 18:30,34.1,40,0
22-05-2023 18:45,33.2,47,0
22-05-2023 19:00,32.7,50,0
22-05-2023 19:15,32.1,53,0
22-05-2023 19:30,31.6,56,0
22-05-2023 19:45,31.2,57,0
22-05-2023 20:00,30.9,59,0
22-05-2023 20:15,30.5,61,0
22-05-2023 20:30,30.2,62,0
22-05-2023 20:45,29.9,62,0
22-05-2023 21:00,29.5,62,0
22-05-2023 21:15,29.4,62,0
22-05-2023 21:30,29.1,62,0
22-05-2023 21:45,28.9,61,0
22-05-2023 22:00,28.8,60,0
22-05-2023 22:15,28.7,59,0
22-05-2023 22:30,28.4,59,0
22-05-2023 23:00,27.9,59,0
22-05-2023 23:15,28,57,0
22-05-2023 23:30,27.1,59,0
22-05-2023 23:45,26.4,64,0
23-05-2023 00:00,26.8,62,0
23-05-2023 00:15,27,60,0
23-05-2023 00:30,27.1,59,0
23-05-2023 00:45,26.4,64,0
23-05-2023 01:00,26.6,60,0
23-05-2023 01:15,25.9,63,0
23-05-2023 01:30,26.2,61,0
23-05-2023 01:45,25.6,65,0
23-05-2023 02:00,24.9,68,0
23-05-2023 02:15,24.1,69,0
23-05-2023 02:30,23.8,70,0
23-05-2023 02:45,23.8,73,0
23-05-2023 03:00,23.6,73,0
23-05-2023 03:15,23.6,73,0
23-05-2023 03:30,23.6,74,0
23-05-2023 03:45,23.5,75,0
23-05-2023 04:00,23.4,73,0
23-05-2023 04:15,23.6,74,0
23-05-2023 04:30,23.6,72,0
23-05-2023 04:45,23.4,73,0
23-05-2023 05:00,23.6,73,0
23-05-2023 05:15,23.4,74,0
23-05-2023 05:30,22.7,77,0
23-05-2023 05:45,22.3,74,0
23-05-2023 06:00,22.2,75,0
23-05-2023 06:15,22.2,74,0
23-05-2023 06:30,22.2,78,0
23-05-2023 06:45,23.4,71,0
23-05-2023 07:00,23.8,73,0
23-05-2023 07:15,24.6,65,0
23-05-2023 07:30,25.1,64,0
23-05-2023 07:45,25.7,63,0
23-05-2023 08:00,26.8,58,0
23-05-2023 08:15,28.1,54,0
23-05-2023 08:30,28.7,49,0
23-05-2023 08:45,30,43,0
23-05-2023 09:00,30.9,40,0
23-05-2023 09:15,31.9,33,0
23-05-2023 09:30,32.6,34,0
23-05-2023 09:45,33.4,32,0
23-05-2023 10:00,34.4,31,0
23-05-2023 10:15,35.3,27,0
23-05-2023 10:30,36,26,0
23-05-2023 10:45,36.6,22,0
23-05-2023 11:00,37.4,21,0
23-05-2023 11:15,37.3,20,0
23-05-2023 11:45,38,20,0
23-05-2023 12:00,38.5,19,0
23-05-2023 12:15,39.1,19,0
23-05-2023 12:30,39.1,19,0
23-05-2023 12:45,39.4,18,0
23-05-2023 13:00,39.9,18,0
23-05-2023 13:15,40,21,0
23-05-2023 13:30,40.9,21,0
23-05-2023 13:45,41.1,19,0
23-05-2023 14:00,40.9,19,0
23-05-2023 14:15,41.1,20,0
23-05-2023 14:30,39.8,21,0
23-05-2023 14:45,38.9,24,0
23-05-2023 15:15,39.5,28,0
23-05-2023 15:30,40.1,26,0
23-05-2023 15:45,39.1,29,0
23-05-2023 16:00,38.9,29,0
23-05-2023 16:15,39,29,0
23-05-2023 16:30,38.4,30,0
23-05-2023 16:45,38.6,29,0
23-05-2023 17:00,37.7,30,0
23-05-2023 17:15,36.8,32,0
23-05-2023 17:30,36.7,33,0
23-05-2023 17:45,36.3,35,0
23-05-2023 18:00,35.9,41,0
23-05-2023 18:30,34.5,46,0
23-05-2023 18:45,33.9,47,0
23-05-2023 19:00,33.4,47,0
23-05-2023 19:15,32.8,48,0
23-05-2023 19:30,32.4,48,0
23-05-2023 19:45,31.9,47,0
23-05-2023 20:00,31.5,47,0
23-05-2023 20:15,31.3,46,0
23-05-2023 20:30,30.9,46,0
23-05-2023 20:45,30.4,46,0
23-05-2023 21:00,30,47,0
23-05-2023 21:15,29.8,49,0
23-05-2023 21:30,29.6,50,0
23-05-2023 21:45,29.2,51,0
23-05-2023 22:00,28.9,53,0
23-05-2023 22:15,28.6,56,0
23-05-2023 22:30,28.3,58,0
23-05-2023 22:45,28.1,60,0
23-05-2023 23:00,27.8,62,0
23-05-2023 23:15,27.5,65,0
23-05-2023 23:30,27.6,64,0
23-05-2023 23:45,27.4,65,0
24-05-2023 00:00,27.4,64,0
24-05-2023 00:15,27.1,66,0
24-05-2023 00:30,27.1,67,0
24-05-2023 00:45,26.8,70,0
24-05-2023 01:00,26.5,71,0
24-05-2023 01:15,26.3,72,0
24-05-2023 01:30,26.2,73,0
24-05-2023 01:45,26.1,73,0
24-05-2023 02:00,25.9,73,0
24-05-2023 02:15,25.7,74,0
24-05-2023 02:30,25.6,74,0
24-05-2023 02:45,25.5,75,0
24-05-2023 03:00,25.5,75,0
24-05-2023 03:15,25.6,74,0
24-05-2023 03:30,25.5,73,0
24-05-2023 04:15,25,77,0
24-05-2023 04:30,24.9,78,0
24-05-2023 04:45,24.8,79,0
24-05-2023 05:00,25,77,0
24-05-2023 05:15,24.8,76,0
24-05-2023 05:30,24.7,77,0
24-05-2023 05:45,24.5,76,0
24-05-2023 06:00,24.1,80,0
24-05-2023 06:15,24.1,80,0
24-05-2023 06:30,24.1,79,0
24-05-2023 06:45,24.8,79,0
24-05-2023 07:00,25.6,75,0
24-05-2023 07:15,26.3,73,0
24-05-2023 07:30,26.6,72,0
24-05-2023 07:45,27.1,71,0
24-05-2023 08:00,27.8,69,0
24-05-2023 08:15,28.1,69,0
24-05-2023 08:30,28.7,66,0
24-05-2023 08:45,29,64,0
24-05-2023 09:00,29.4,63,0
24-05-2023 09:15,29.9,61,0
24-05-2023 09:30,30.4,54,0
24-05-2023 09:45,31.3,51,0
24-05-2023 10:00,32.3,48,0
24-05-2023 10:15,32.5,47,0
24-05-2023 10:30,33.1,44,0
24-05-2023 10:45,33.7,41,0
24-05-2023 11:00,34.7,37,0
24-05-2023 11:15,34.5,39,0
24-05-2023 11:30,34.8,40,0
24-05-2023 11:45,35.3,41,0
24-05-2023 12:00,35.6,40,0
24-05-2023 12:15,35.6,40,0
24-05-2023 12:30,36.2,39,0
24-05-2023 12:45,36.4,37,0
24-05-2023 13:00,36.8,35,0
24-05-2023 13:15,37.2,33,0
24-05-2023 13:30,38,33,0
24-05-2023 13:45,37.7,32,0
24-05-2023 14:00,37.6,34,0
24-05-2023 14:15,38,32,0
24-05-2023 14:30,37.7,32,0
24-05-2023 14:45,37.7,32,0
24-05-2023 15:00,38.3,32,0
24-05-2023 15:15,38.2,34,0
24-05-2023 15:30,38.2,31,0
24-05-2023 15:45,38,33,0
24-05-2023 16:00,37.6,34,0
24-05-2023 16:15,37.6,33,0
24-05-2023 16:30,37.3,34,0
24-05-2023 16:45,37.2,34,0
24-05-2023 17:00,36.7,36,0
24-05-2023 17:15,36.6,38,0
24-05-2023 17:30,36.1,40,0
24-05-2023 17:45,35.6,43,0
24-05-2023 18:00,34.9,48,0
24-05-2023 18:15,34.1,50,0
24-05-2023 18:30,33.5,52,0
24-05-2023 18:45,32.9,53,0
24-05-2023 19:00,32.3,54,0
24-05-2023 19:15,31.8,53,0
24-05-2023 19:30,31.3,54,0
24-05-2023 19:45,30.9,55,0
24-05-2023 20:00,30.4,56,0
24-05-2023 20:15,30.1,57,0
24-05-2023 20:30,29.7,58,0
24-05-2023 20:45,29.5,58,0
24-05-2023 21:00,29.2,60,0
24-05-2023 21:15,28.8,61,0
24-05-2023 21:30,28.6,63,0
24-05-2023 21:45,28,66,0
24-05-2023 22:00,28,67,0
24-05-2023 22:15,27.7,68,0
24-05-2023 22:30,27.5,69,0
24-05-2023 22:45,27.2,70,0
24-05-2023 23:00,27,72,0
24-05-2023 23:15,26.9,73,0
24-05-2023 23:30,26.7,73,0
24-05-2023 23:45,26.5,74,0
25-05-2023 00:00,26.4,74,0
25-05-2023 00:15,26.2,74,0
25-05-2023 00:30,26.1,74,0
25-05-2023 00:45,26,73,0
25-05-2023 01:00,25.9,73,0
25-05-2023 01:15,25.7,73,0
25-05-2023 01:30,25.6,74,0
25-05-2023 01:45,25.4,75,0
25-05-2023 02:00,25.3,75,0
25-05-2023 02:15,25.4,74,0
25-05-2023 02:30,25.4,74,0
25-05-2023 02:45,25.3,74,0
25-05-2023 03:00,25.2,75,0
25-05-2023 03:15,25.2,76,0
25-05-2023 03:30,25.2,76,0
25-05-2023 03:45,25.2,76,0
25-05-2023 04:00,25.3,75,0
25-05-2023 04:15,25.3,75,0
25-05-2023 04:30,25.3,75,0
25-05-2023 04:45,25.3,74,0
25-05-2023 05:00,25.4,73,0
25-05-2023 05:15,25.3,74,0
25-05-2023 05:30,25.2,75,0
25-05-2023 05:45,25.2,76,0
25-05-2023 06:00,25.2,77,0
25-05-2023 06:15,25.2,76,0
25-05-2023 06:30,25.4,76,0
25-05-2023 06:45,25.6,76,0
25-05-2023 07:00,25.9,75,0
25-05-2023 07:15,26.2,75,0
25-05-2023 07:30,26.6,73,0
25-05-2023 07:45,27.3,71,0
25-05-2023 08:00,27.5,68,0
25-05-2023 08:15,28.1,66,0
25-05-2023 08:30,28.4,64,0
25-05-2023 08:45,28.7,63,0
25-05-2023 09:00,29.3,62,0
25-05-2023 09:15,29.6,63,0
25-05-2023 09:30,29.8,61,0
25-05-2023 09:45,30.4,60,0
25-05-2023 10:00,31.2,59,0
25-05-2023 10:15,31.6,55,0
25-05-2023 10:30,31.6,54,0
25-05-2023 10:45,31.8,52,0
25-05-2023 11:00,32.1,53,0
25-05-2023 11:15,33,48,0
25-05-2023 11:30,33.5,44,0
25-05-2023 11:45,34.1,41,0
25-05-2023 12:00,34.1,39,0
25-05-2023 12:15,34.7,38,0
25-05-2023 12:30,34.9,39,0
25-05-2023 12:45,35.2,41,0
25-05-2023 13:00,34.5,42,0
25-05-2023 13:15,35.5,39,0
25-05-2023 13:30,35,40,0
25-05-2023 13:45,35.9,38,0
25-05-2023 14:00,35.9,39,0
25-05-2023 14:15,36.2,38,0
25-05-2023 14:30,35.7,38,0
25-05-2023 14:45,35.5,38,0
25-05-2023 15:00,36,37,0
25-05-2023 15:15,36.1,37,0
25-05-2023 15:30,36,35,0
25-05-2023 15:45,36.1,35,0
25-05-2023 16:00,36.2,35,0
25-05-2023 16:15,35.7,34,0
25-05-2023 16:30,35.6,36,0
25-05-2023 16:45,35.2,36,0
25-05-2023 17:00,35.3,35,0
25-05-2023 17:15,34.8,36,0
25-05-2023 17:30,34.8,37,0
25-05-2023 17:45,34.1,35,0
25-05-2023 18:00,33.8,37,0
25-05-2023 18:15,33.2,39,0
25-05-2023 18:30,32.8,41,0
25-05-2023 18:45,32,42,0
25-05-2023 19:00,31.3,44,0
25-05-2023 19:15,31,45,0
25-05-2023 19:30,30.5,46,0
25-05-2023 19:45,30,48,0
25-05-2023 20:00,29.6,50,0
25-05-2023 20:15,29.2,53,0
25-05-2023 20:30,28.8,56,0
25-05-2023 20:45,28.4,59,0
25-05-2023 21:00,28.1,60,0
25-05-2023 21:15,27.8,59,0
25-05-2023 21:30,27.6,60,0
25-05-2023 21:45,27.5,59,0
25-05-2023 22:00,27.2,61,0
25-05-2023 22:15,26.9,66,0
25-05-2023 22:30,26.7,67,0
25-05-2023 22:45,26.5,69,0
25-05-2023 23:00,26.4,70,0
25-05-2023 23:15,26.3,71,0
25-05-2023 23:30,26.1,72,0
25-05-2023 23:45,26.1,73,0
26-05-2023 00:00,26.1,73,0
26-05-2023 00:15,26.1,73,0
26-05-2023 00:30,25.9,73,0
26-05-2023 00:45,25.8,74,0
26-05-2023 01:00,25.7,75,0
26-05-2023 01:15,25.6,75,0
26-05-2023 01:30,25.7,75,0
26-05-2023 01:45,25.8,75,0
26-05-2023 02:00,25.9,75,0
26-05-2023 02:15,26,75,0
26-05-2023 02:30,25.8,76,0
26-05-2023 02:45,25.8,76,0
26-05-2023 03:00,25.8,77,0
26-05-2023 03:15,26,78,0
26-05-2023 03:30,26.3,79,0
26-05-2023 04:15,26.5,75,0
26-05-2023 04:30,26.4,75,0
26-05-2023 04:45,26.2,76,0
26-05-2023 05:00,26.2,75,0
26-05-2023 05:15,26.1,75,0
26-05-2023 05:30,26.1,76,0
26-05-2023 05:45,26,76,0
26-05-2023 06:00,26,74,0
26-05-2023 06:15,25.9,74,0
26-05-2023 06:30,25.9,75,0
26-05-2023 06:45,25.9,75,0
26-05-2023 07:00,26.4,73,0
26-05-2023 07:15,26.8,72,0
26-05-2023 07:30,27.2,71,0
26-05-2023 07:45,27.6,70,0
26-05-2023 08:00,28.2,69,0
26-05-2023 08:15,28.9,67,0
26-05-2023 08:30,29.2,65,0
26-05-2023 08:45,29.8,64,0
26-05-2023 09:00,30.3,60,0
26-05-2023 09:15,30.6,60,0
26-05-2023 09:30,31.4,57,0
26-05-2023 09:45,31.5,56,0
26-05-2023 10:00,31.7,56,0
26-05-2023 10:15,31.9,55,0
26-05-2023 10:30,32.2,53,0
26-05-2023 10:45,32.5,53,0
26-05-2023 11:00,33,51,0
26-05-2023 11:15,33.2,52,0
26-05-2023 11:30,33.5,51,0
26-05-2023 11:45,34.1,49,0
26-05-2023 12:00,33.7,49,0
26-05-2023 12:15,34,47,0
26-05-2023 12:30,34.7,46,0
26-05-2023 12:45,34.6,47,0
26-05-2023 13:00,34.8,46,0
26-05-2023 13:15,34.7,45,0
26-05-2023 13:30,35.2,42,0
26-05-2023 13:45,35.2,41,0
26-05-2023 14:00,35.4,42,0
26-05-2023 14:15,35,43,0
26-05-2023 14:30,35.7,43,0
26-05-2023 14:45,35.3,44,0
26-05-2023 15:00,35,45,0
26-05-2023 15:15,35.3,45,0
26-05-2023 15:30,35.9,43,0
26-05-2023 15:45,35.2,46,0
26-05-2023 16:00,35.8,43,0
26-05-2023 16:15,35.4,40,0
26-05-2023 16:30,35,44,0
26-05-2023 16:45,34.4,44,0
26-05-2023 17:00,34.2,47,0
26-05-2023 17:15,33.9,47,0
26-05-2023 17:30,33.9,47,0
26-05-2023 17:45,33.1,47,0
26-05-2023 18:00,33,48,0
26-05-2023 18:15,32.5,49,0
26-05-2023 18:30,31.7,51,0
26-05-2023 18:45,30.9,56,0
26-05-2023 19:00,30.4,58,0
26-05-2023 19:15,30,59,0
26-05-2023 19:30,29.6,59,0
26-05-2023 19:45,29.3,60,0
26-05-2023 20:00,29,61,0
26-05-2023 20:30,28.4,62,0
26-05-2023 20:45,28.1,64,0
26-05-2023 21:00,27.9,66,0
26-05-2023 21:15,27.7,67,0
26-05-2023 21:30,27.4,68,0
26-05-2023 21:45,27.2,69,0
26-05-2023 22:00,27,69,0
26-05-2023 22:15,26.8,66,0
26-05-2023 22:30,26.6,68,0
26-05-2023 22:45,26.4,70,0
26-05-2023 23:00,26.2,72,0
26-05-2023 23:15,26.1,73,0
26-05-2023 23:30,26,74,0
26-05-2023 23:45,25.9,74,0
27-05-2023 00:00,25.8,75,0
27-05-2023 00:15,25.8,75,0
27-05-2023 00:30,25.6,76,0
27-05-2023 00:45,25.5,76,0
27-05-2023 01:00,25.2,78,0
27-05-2023 01:15,25.2,77,0
27-05-2023 01:30,25.4,75,0
27-05-2023 01:45,25.3,76,0
27-05-2023 02:00,25.1,78,0
27-05-2023 02:15,25,80,0
27-05-2023 02:30,25,79,0
27-05-2023 02:45,25,78,0
27-05-2023 03:00,24.8,78,0
27-05-2023 03:15,24.7,79,0
27-05-2023 03:30,24.5,79,0
27-05-2023 03:45,24.4,80,0
27-05-2023 04:00,24.3,80,0
27-05-2023 04:15,24.1,81,0
27-05-2023 04:30,24,81,0
27-05-2023 04:45,24.1,80,0
27-05-2023 05:00,24.2,80,0
27-05-2023 05:15,24.2,80,0
27-05-2023 05:30,24.2,80,0
27-05-2023 05:45,24.1,81,0
27-05-2023 06:00,24.1,81,0
27-05-2023 06:15,24.1,81,0
27-05-2023 06:30,24.1,81,0
27-05-2023 06:45,24.4,80,0
27-05-2023 07:00,24.9,77,0
27-05-2023 07:15,25.4,74,0
27-05-2023 07:30,25.7,73,0
27-05-2023 07:45,26.2,71,0
27-05-2023 08:00,26.4,70,0
27-05-2023 08:15,26.7,68,0
27-05-2023 08:30,27.4,67,0
27-05-2023 08:45,27.8,65,0
27-05-2023 09:00,28.2,64,0
27-05-2023 09:15,29,62,0
27-05-2023 09:30,29.2,60,0
27-05-2023 09:45,29.4,60,0
27-05-2023 10:00,30.2,57,0
27-05-2023 10:15,30.4,57,0
27-05-2023 10:30,31.2,54,0
27-05-2023 10:45,32,52,0
27-05-2023 11:00,32.1,52,0
27-05-2023 11:15,31.8,51,0
27-05-2023 11:30,32.2,51,0
27-05-2023 11:45,32.8,50,0
27-05-2023 12:00,33,48,0
27-05-2023 12:15,33.7,47,0
27-05-2023 12:30,33.4,47,0
27-05-2023 12:45,34.1,46,0
27-05-2023 13:00,34.3,47,0
27-05-2023 13:15,34.7,45,0
27-05-2023 13:30,34.7,43,0
27-05-2023 13:45,35,45,0
27-05-2023 14:00,34.1,45,0
27-05-2023 14:15,34.4,44,0
27-05-2023 14:30,34.8,43,0
27-05-2023 14:45,34.4,43,0
27-05-2023 15:00,35.1,43,0
27-05-2023 15:15,34.9,42,0
27-05-2023 15:30,35.4,41,0
27-05-2023 15:45,34.7,42,0
27-05-2023 16:00,34.9,43,0
27-05-2023 16:15,34.5,44,0
27-05-2023 16:30,34.4,43,0
27-05-2023 16:45,34.3,43,0
27-05-2023 17:00,34.3,41,0
27-05-2023 17:15,34.1,42,0
27-05-2023 17:30,33.8,41,0
27-05-2023 17:45,33.4,40,0
27-05-2023 18:00,33.1,39,0
27-05-2023 18:15,32.7,38,0
27-05-2023 18:30,32.1,38,0
27-05-2023 18:45,31.4,39,0
27-05-2023 19:00,30.9,42,0
27-05-2023 19:15,30.4,44,0
27-05-2023 19:30,29.9,48,0
27-05-2023 19:45,29.6,52,0
27-05-2023 20:00,29.3,55,0
27-05-2023 20:15,28.9,58,0
27-05-2023 20:30,28.7,60,0
27-05-2023 20:45,28.4,62,0
27-05-2023 21:00,28.2,63,0
27-05-2023 21:15,28,64,0
27-05-2023 21:30,27.7,65,0
27-05-2023 21:45,27.5,63,0
27-05-2023 22:00,27.3,62,0
27-05-2023 22:15,27.1,67,0
27-05-2023 22:30,26.9,68,0
27-05-2023 22:45,26.7,69,0
27-05-2023 23:00,26.5,70,0
27-05-2023 23:15,26.4,71,0
27-05-2023 23:30,26.3,71,0
27-05-2023 23:45,26.1,72,0
28-05-2023 00:00,26,73,0
28-05-2023 00:15,25.9,74,0
28-05-2023 00:30,25.8,74,0
28-05-2023 00:45,25.7,74,0
28-05-2023 01:00,25.7,75,0
28-05-2023 01:15,25.6,76,0
28-05-2023 01:30,25.6,76,0
28-05-2023 01:45,25.5,76,0
28-05-2023 02:00,25.5,75,0
28-05-2023 02:15,25.4,75,0
28-05-2023 02:30,25.5,75,0
28-05-2023 02:45,25.4,74,0
28-05-2023 03:00,25.3,75,0
28-05-2023 03:15,25.3,74,0
28-05-2023 03:30,25.1,74,0
28-05-2023 04:15,24.9,77,0
28-05-2023 04:30,24.9,78,0
28-05-2023 04:45,24.7,79,0
28-05-2023 05:00,24.5,81,0
28-05-2023 05:15,24.4,81,0
28-05-2023 05:30,24.2,82,0
28-05-2023 05:45,24.4,83,0
28-05-2023 06:00,24.5,82,0
28-05-2023 06:15,24.6,82,0
28-05-2023 06:30,24.5,81,0
28-05-2023 06:45,24.9,78,0
28-05-2023 07:00,25.4,75,0
28-05-2023 07:15,25.6,75,0
28-05-2023 07:30,26.3,72,0
28-05-2023 07:45,26.8,70,0
28-05-2023 08:00,27.5,69,0
28-05-2023 08:15,27.9,68,0
28-05-2023 08:30,28.6,66,0
28-05-2023 08:45,29,64,0
28-05-2023 09:00,29.6,61,0
28-05-2023 09:15,30.6,59,0
28-05-2023 09:30,31.1,55,0
28-05-2023 09:45,31.7,51,0
28-05-2023 10:00,32.2,49,0
28-05-2023 10:15,32.6,47,0
28-05-2023 10:30,32.8,46,0
28-05-2023 10:45,33.2,44,0
28-05-2023 11:00,33.8,43,0
28-05-2023 11:15,34,43,0
28-05-2023 11:30,34.4,41,0
28-05-2023 11:45,34.6,39,0
28-05-2023 12:00,34.9,38,0
28-05-2023 12:15,35,39,0
28-05-2023 12:45,36.1,35,0
28-05-2023 13:00,36.3,34,0
28-05-2023 13:15,36.4,32,0
28-05-2023 13:30,36.9,34,0
28-05-2023 13:45,36.9,32,0
28-05-2023 14:00,37.2,30,0
28-05-2023 14:15,37.1,32,0
28-05-2023 14:30,37.8,30,0
28-05-2023 14:45,38.1,30,0
28-05-2023 15:00,37.8,30,0
28-05-2023 15:15,37.3,30,0
28-05-2023 15:30,38,30,0
28-05-2023 15:45,38.3,29,0
28-05-2023 16:00,37.7,30,0
28-05-2023 16:15,38.1,31,0
28-05-2023 16:30,37.2,31,0
28-05-2023 16:45,37,34,0
28-05-2023 17:00,36.8,35,0
28-05-2023 17:15,36.4,35,0
28-05-2023 17:30,36.2,39,0
28-05-2023 17:45,35.4,39,0
28-05-2023 18:00,34.9,40,0
28-05-2023 18:15,34.4,42,0
28-05-2023 18:30,34,44,0
28-05-2023 18:45,33.2,46,0
28-05-2023 19:00,32.7,49,0
28-05-2023 19:15,32.1,52,0
28-05-2023 19:30,31.5,54,0
28-05-2023 19:45,31.2,55,0
28-05-2023 20:00,30.7,56,0
28-05-2023 20:15,30.2,58,0
28-05-2023 20:30,29.8,59,0
28-05-2023 20:45,29.6,59,0
28-05-2023 21:00,29.3,60,0
28-05-2023 21:15,29,61,0
28-05-2023 21:30,28.7,63,0
28-05-2023 21:45,28.1,67,0
28-05-2023 22:00,27.8,68,0
28-05-2023 22:30,27.3,72,0
28-05-2023 22:45,27.2,72,0
28-05-2023 23:00,27.1,72,0
28-05-2023 23:15,26.9,72,0
28-05-2023 23:30,26.8,72,0
28-05-2023 23:45,26.6,73,0
29-05-2023 00:00,26.5,73,0
29-05-2023 00:15,26.4,73,0
29-05-2023 00:30,26.3,74,0
29-05-2023 00:45,26.3,73,0
29-05-2023 01:00,26.2,74,0
29-05-2023 01:15,26.1,75,0
29-05-2023 01:30,26.1,75,0
29-05-2023 01:45,26,75,0
29-05-2023 02:00,26,76,0
29-05-2023 02:15,25.9,78,0
29-05-2023 02:30,25.9,77,0
29-05-2023 02:45,25.9,77,0
29-05-2023 03:00,25.9,77,0
29-05-2023 03:15,25.9,76,0
29-05-2023 03:30,25.9,76,0
29-05-2023 03:45,25.8,76,0
29-05-2023 04:00,25.8,75,0
29-05-2023 04:15,25.5,74,0
29-05-2023 04:30,25,80,0
29-05-2023 04:45,24.8,81,0
29-05-2023 05:00,25.1,74,0
29-05-2023 05:15,25,72,0
29-05-2023 05:30,25.1,72,0
29-05-2023 05:45,24.3,76,0
29-05-2023 06:00,24,76,0
29-05-2023 06:15,23.4,81,0
29-05-2023 06:30,23.8,79,0
29-05-2023 06:45,24,80,0
29-05-2023 07:00,25.2,75,0
29-05-2023 07:15,25.6,74,0
29-05-2023 07:30,26.6,71,0
29-05-2023 07:45,27.1,69,0
29-05-2023 08:00,27.6,66,0
29-05-2023 08:15,28.2,66,0
29-05-2023 08:30,29,63,0
29-05-2023 08:45,30,60,0
29-05-2023 09:00,30.3,60,0
29-05-2023 09:15,31.1,56,0
29-05-2023 09:30,31.4,56,0
29-05-2023 09:45,32.3,54,0
29-05-2023 10:00,32.9,53,0
29-05-2023 10:15,33.2,50,0
29-05-2023 10:30,33.7,47,0
29-05-2023 10:45,34.4,47,0
29-05-2023 11:00,34.3,45,0
29-05-2023 11:15,36.1,42,0
29-05-2023 11:30,37.3,39,0
29-05-2023 11:45,37.7,37,0
29-05-2023 12:00,38.2,36,0
29-05-2023 12:15,38.2,34,0
29-05-2023 12:30,38.4,32,0
29-05-2023 12:45,38.8,31,0
29-05-2023 13:00,39.5,28,0
29-05-2023 13:15,39.5,27,0
29-05-2023 13:30,39.3,26,0
29-05-2023 13:45,40,27,0
29-05-2023 14:00,39.2,26,0
29-05-2023 14:15,40.6,19,0
29-05-2023 14:30,41.5,19,0
29-05-2023 14:45,41.8,19,0
29-05-2023 15:00,41,21,0
29-05-2023 15:15,40.5,21,0
29-05-2023 15:30,40.8,21,0
29-05-2023 15:45,39,28,0
29-05-2023 16:15,38.5,29,0
29-05-2023 16:30,38.2,28,0
29-05-2023 16:45,39.4,26,0
29-05-2023 17:00,39.4,28,0
29-05-2023 17:15,38.3,32,0
29-05-2023 17:30,31.8,44,0
29-05-2023 17:45,32.4,45,0
29-05-2023 18:00,33.1,44,0
29-05-2023 18:15,30.8,46,0
29-05-2023 18:30,29.9,49,0
29-05-2023 18:45,28.8,56,0
29-05-2023 19:00,26.7,59,0
29-05-2023 19:15,28.1,57,0
29-05-2023 19:30,29.5,47,0
29-05-2023 19:45,30.3,44,0
29-05-2023 20:00,29.3,52,0
29-05-2023 20:15,29.2,52,0
29-05-2023 20:30,29.5,53,0
29-05-2023 20:45,30.2,51,0
29-05-2023 21:00,30.5,49,0
29-05-2023 21:15,30.3,49,0
29-05-2023 21:30,30.2,48,0
29-05-2023 21:45,30.2,51,0
29-05-2023 22:00,30,56,0
29-05-2023 22:15,29.9,63,0
29-05-2023 22:30,29.6,68,0
29-05-2023 22:45,28.9,70,0
29-05-2023 23:00,28.6,71,0
29-05-2023 23:15,28.2,72,0
29-05-2023 23:30,27.9,71,0
29-05-2023 23:45,27.7,72,0
30-05-2023 00:00,27.5,72,0
30-05-2023 00:15,27.3,73,0
30-05-2023 00:30,27.1,73,0
30-05-2023 00:45,27.1,73,0
30-05-2023 01:00,26.9,74,0
30-05-2023 01:15,26.7,75,0
30-05-2023 01:30,26.5,76,0
30-05-2023 01:45,26.1,76,0
30-05-2023 02:00,25.5,78,0
30-05-2023 02:15,25.6,81,0
30-05-2023 02:30,25.5,81,0
30-05-2023 02:45,24.8,82,0
30-05-2023 03:00,24.4,83,0
30-05-2023 03:15,23.9,86,0
30-05-2023 03:30,24.5,86,0
30-05-2023 03:45,24.6,85,0
30-05-2023 04:00,24.5,86,0
30-05-2023 04:15,24.6,86,0
30-05-2023 04:30,24.5,86,0
30-05-2023 04:45,23.6,86,0
30-05-2023 05:00,23.7,87,0
30-05-2023 05:15,24.2,86,0
30-05-2023 05:30,22.8,87,0
30-05-2023 05:45,22.5,88,0
30-05-2023 06:00,22.2,89,0
30-05-2023 06:15,22.6,89,0
30-05-2023 06:30,22.6,87,0
30-05-2023 06:45,22.8,88,0
30-05-2023 07:00,23.8,88,0
30-05-2023 07:15,24.7,86,0
30-05-2023 07:30,25.8,84,0
30-05-2023 07:45,26.7,77,0
30-05-2023 08:00,27.5,73,0
30-05-2023 08:15,28.3,71,0
30-05-2023 08:30,29.5,66,0
30-05-2023 08:45,30.2,61,0
30-05-2023 09:00,30.3,60,0
30-05-2023 09:15,31,59,0
30-05-2023 09:30,31.8,58,0
30-05-2023 09:45,32.2,56,0
30-05-2023 10:00,32.5,56,0
30-05-2023 10:15,33.8,50,0
30-05-2023 10:30,34,46,0
30-05-2023 10:45,35.3,39,0
30-05-2023 11:00,35.7,36,0
30-05-2023 11:15,36.6,35,0
30-05-2023 11:30,37.1,32,0
30-05-2023 11:45,37.3,30,0
30-05-2023 12:00,37.2,28,0
30-05-2023 12:15,36.9,28,0
30-05-2023 12:30,37.9,27,0
30-05-2023 12:45,38.2,27,0
30-05-2023 13:00,38.6,27,0
30-05-2023 13:15,38.3,27,0
30-05-2023 13:30,39,26,0
30-05-2023 13:45,38,27,0
30-05-2023 14:00,35.2,37,0
30-05-2023 14:15,33.2,41,0
30-05-2023 14:30,30,51,0
30-05-2023 14:45,29.4,49,0
30-05-2023 15:00,29.3,54,0
30-05-2023 15:15,29.2,58,0
30-05-2023 15:30,32.8,46,0
30-05-2023 15:45,32.1,49,0
30-05-2023 16:00,31.7,54,0
30-05-2023 16:15,31.5,55,0
30-05-2023 16:30,32.6,49,0
30-05-2023 16:45,35.3,36,0
30-05-2023 17:00,35.1,41,0
30-05-2023 17:15,33.6,47,0
30-05-2023 17:30,34.2,45,0
30-05-2023 17:45,34.8,46,0
30-05-2023 18:00,34.6,43,0
30-05-2023 18:15,33.8,44,0
30-05-2023 18:30,33,47,0
30-05-2023 18:45,32.5,52,0
30-05-2023 19:00,32.6,43,0
30-05-2023 19:15,32.3,48,0
30-05-2023 19:30,31.3,54,0
30-05-2023 19:45,31.1,52,0
30-05-2023 20:00,30.3,50,0
30-05-2023 20:15,29.8,52,0
30-05-2023 20:30,29.6,55,0
30-05-2023 20:45,29.8,58,0
30-05-2023 21:00,30,59,0
30-05-2023 21:15,29.2,62,0
30-05-2023 21:30,28.7,68,0
30-05-2023 21:45,28.7,70,0
30-05-2023 22:00,28.8,72,0
30-05-2023 22:15,28.9,71,0
30-05-2023 22:30,28.9,71,0
30-05-2023 22:45,28.6,72,0
30-05-2023 23:00,28.6,72,0
30-05-2023 23:15,28.4,71,0
30-05-2023 23:30,28.7,69,0
30-05-2023 23:45,28.4,69,0
31-05-2023 00:00,28.1,70,0
31-05-2023 00:15,28,71,0
31-05-2023 00:30,28,70,0
31-05-2023 00:45,27.8,70,0
31-05-2023 01:00,27.6,72,0
31-05-2023 01:15,27.3,73,0
31-05-2023 01:30,27,75,0
31-05-2023 01:45,26.7,75,0
31-05-2023 02:00,26,77,0
31-05-2023 02:15,25.6,78,0
31-05-2023 02:30,25.3,78,0
31-05-2023 02:45,25.5,75,0
31-05-2023 03:00,24.7,86,0
31-05-2023 03:15,24.6,83,0
31-05-2023 03:30,24.1,86,0
31-05-2023 03:45,24.3,84,0
31-05-2023 04:00,23.9,86,0
31-05-2023 04:15,23.7,87,0
31-05-2023 04:30,23.5,86,0
31-05-2023 04:45,23.4,87,0
31-05-2023 05:00,23.2,87,0
31-05-2023 05:15,22.8,87,0
31-05-2023 05:30,22.7,88,0
31-05-2023 05:45,22.8,89,0
31-05-2023 06:00,22.5,88,0
31-05-2023 06:15,22.4,88,0
31-05-2023 06:30,22.8,87,0
31-05-2023 06:45,23.3,87,0
31-05-2023 07:00,24.2,86,0
31-05-2023 07:15,25.4,84,0
31-05-2023 07:30,25.9,83,0
31-05-2023 07:45,26.4,79,0
31-05-2023 08:00,27.2,77,0
31-05-2023 08:15,28.1,74,0
31-05-2023 08:30,29.1,69,0
31-05-2023 08:45,29.8,66,0
31-05-2023 09:00,30.5,64,0
31-05-2023 09:15,32,51,0
31-05-2023 09:30,33,49,0
31-05-2023 09:45,34.1,46,0
31-05-2023 10:00,34.2,45,0
31-05-2023 10:15,35.5,41,0
31-05-2023 10:30,36.2,35,0
31-05-2023 10:45,37,25,0
31-05-2023 11:00,37.3,27,0
31-05-2023 11:15,37.7,24,0
31-05-2023 11:30,37.2,26,0
31-05-2023 11:45,38,24,0
31-05-2023 12:00,38.7,19,0
31-05-2023 12:15,39,20,0
31-05-2023 12:30,39.2,21,0
31-05-2023 12:45,39.2,20,0
31-05-2023 13:00,39.3,22,0
31-05-2023 13:15,40.1,21,0
31-05-2023 13:30,40.2,20,0
31-05-2023 13:45,40.1,20,0
31-05-2023 14:00,40.1,20,0
31-05-2023 14:15,40.1,20,0
31-05-2023 14:30,39.9,21,0
31-05-2023 14:45,39.5,24,0
31-05-2023 15:00,39.7,25,0
31-05-2023 15:15,40.2,23,0
31-05-2023 15:30,40.3,24,0
31-05-2023 15:45,39.1,26,0
31-05-2023 16:00,38.6,26,0
31-05-2023 16:15,37.8,27,0
31-05-2023 16:30,37.7,27,0
31-05-2023 16:45,37.4,27,0
31-05-2023 17:00,36.7,29,0
31-05-2023 17:15,36.3,31,0
31-05-2023 17:30,36.2,32,0
31-05-2023 17:45,36.3,33,0
31-05-2023 18:00,36.5,34,0
31-05-2023 18:15,37.2,31,0
31-05-2023 18:30,36.7,32,0
31-05-2023 18:45,32.6,44,0
31-05-2023 19:00,29.8,52,0
31-05-2023 19:15,29.9,50,0
31-05-2023 19:30,29.6,45,0
31-05-2023 19:45,29.8,46,0
31-05-2023 20:00,30.4,46,0
31-05-2023 20:15,30.4,47,0
31-05-2023 20:30,30.3,49,0
31-05-2023 20:45,30.1,50,0
31-05-2023 21:00,30.1,55,0
31-05-2023 21:15,30.5,61,0
31-05-2023 21:30,30.9,61,0
31-05-2023 21:45,30.7,61,0
31-05-2023 22:00,30.5,61,0
31-05-2023 22:15,30.3,62,0
31-05-2023 22:30,30,63,0
31-05-2023 22:45,29.6,64,0
31-05-2023 23:00,29.3,64,0
31-05-2023 23:15,29.1,65,0
31-05-2023 23:30,28.9,64,0
31-05-2023 23:45,28.6,64,0
01-06-2023 00:00,28.4,64,0
01-06-2023 00:15,28.2,63,0
01-06-2023 00:30,27.5,67,0
01-06-2023 00:45,27,69,0
01-06-2023 01:00,26.5,69,0
01-06-2023 01:15,25.8,70,0
01-06-2023 01:30,25.8,68,0
01-06-2023 01:45,25.8,69,0
01-06-2023 02:00,24.7,74,0
01-06-2023 02:15,24.2,74,0
01-06-2023 02:30,24.1,75,0
01-06-2023 02:45,24.3,73,0
01-06-2023 03:00,24.5,73,0
01-06-2023 03:15,25.1,72,0
01-06-2023 03:30,25,72,0
01-06-2023 03:45,24.9,73,0
01-06-2023 04:00,24.6,74,0
01-06-2023 04:15,24.6,73,0
01-06-2023 04:30,24.7,73,0
01-06-2023 04:45,24.8,72,0
01-06-2023 05:00,24.6,73,0
01-06-2023 05:15,24.7,72,0
01-06-2023 05:30,24.5,72,0
01-06-2023 05:45,23.1,76,0
01-06-2023 06:00,22.4,79,0
01-06-2023 06:15,22.2,81,0
01-06-2023 06:30,22.5,79,0
01-06-2023 06:45,22.9,80,0
01-06-2023 07:00,24,78,0
01-06-2023 07:15,25.1,73,0
01-06-2023 07:30,25.9,70,0
01-06-2023 07:45,26.5,68,0
01-06-2023 08:00,27.5,61,0
01-06-2023 08:15,28.8,53,0
01-06-2023 08:30,30.6,49,0
01-06-2023 09:00,32.7,41,0
01-06-2023 09:15,33.1,41,0
01-06-2023 09:30,34.4,40,0
01-06-2023 09:45,34.8,37,0
01-06-2023 10:00,35.8,34,0
01-06-2023 10:15,36.2,32,0
01-06-2023 10:30,36.3,32,0
01-06-2023 10:45,36.7,31,0
01-06-2023 11:00,37.6,29,0
01-06-2023 11:15,37.2,29,0
01-06-2023 11:30,37.8,28,0
01-06-2023 11:45,37.8,26,0
01-06-2023 12:00,38.4,25,0
01-06-2023 12:15,38.7,23,0
01-06-2023 12:30,39.4,22,0
01-06-2023 12:45,39.2,20,0
01-06-2023 13:00,40,19,0
01-06-2023 13:15,39.8,19,0
01-06-2023 13:30,39.3,20,0
01-06-2023 13:45,38.9,18,0
01-06-2023 14:00,37.6,25,0
01-06-2023 14:15,36.8,22,0
01-06-2023 14:30,36.2,26,0
01-06-2023 14:45,37.3,23,0
01-06-2023 15:00,38.4,25,0
01-06-2023 15:15,39.2,22,0
01-06-2023 15:30,40.1,23,0
01-06-2023 16:00,39.4,25,0
01-06-2023 16:15,39.1,26,0
01-06-2023 16:30,39.2,26,0
01-06-2023 16:45,38.7,26,0
01-06-2023 17:00,39.7,25,0
01-06-2023 17:15,39.1,27,0
01-06-2023 17:30,38.3,28,0
01-06-2023 17:45,38.5,27,0
01-06-2023 18:00,35.5,40,0
01-06-2023 18:15,34.8,45,0
01-06-2023 18:30,31.9,44,0
01-06-2023 18:45,31.7,43,0
01-06-2023 19:00,27.8,57,0
01-06-2023 19:15,26.5,59,0
01-06-2023 19:30,27.7,54,0
01-06-2023 19:45,28.3,53,0
01-06-2023 20:00,28,56,0
01-06-2023 20:15,27.8,56,0
01-06-2023 20:30,28.1,55,0
01-06-2023 20:45,28.3,55,0
01-06-2023 21:00,28.1,56,0
01-06-2023 21:15,28.2,56,0
01-06-2023 21:30,28.1,56,0
01-06-2023 21:45,27.5,57,0
01-06-2023 22:00,27.4,56,0
01-06-2023 22:15,27.1,55,0
01-06-2023 22:30,26.5,57,0
01-06-2023 22:45,27.1,60,0
01-06-2023 23:00,27.2,65,0
01-06-2023 23:15,27,71,0
01-06-2023 23:30,27.2,74,0
02-06-2023 00:15,26.9,74,0
02-06-2023 00:30,26.7,75,0
02-06-2023 00:45,26.4,77,0
02-06-2023 01:00,26.1,79,0
02-06-2023 01:15,25.9,80,0
02-06-2023 01:30,25.8,80,0
02-06-2023 01:45,25.6,80,0
02-06-2023 02:00,25.5,79,0
02-06-2023 02:15,25.3,80,0
02-06-2023 02:30,25.5,79,0
02-06-2023 02:45,25.4,79,0
02-06-2023 03:15,24.9,77,0
02-06-2023 03:30,25,78,0
02-06-2023 03:45,25,78,0
02-06-2023 04:00,24.7,73,0
02-06-2023 04:15,24.7,71,0
02-06-2023 04:30,24.6,71,0
02-06-2023 04:45,24.6,70,0
02-06-2023 05:00,24.5,70,0
02-06-2023 05:15,24.1,72,0
02-06-2023 05:30,23.1,75,0
02-06-2023 05:45,23.7,74,0
02-06-2023 06:00,23.7,74,0
02-06-2023 06:15,22.6,81,0
02-06-2023 06:30,22.7,80,0
02-06-2023 06:45,23.3,78,0
02-06-2023 07:00,24.1,76,0
02-06-2023 07:15,25.3,73,0
02-06-2023 07:30,26.1,74,0
02-06-2023 07:45,26.8,71,0
02-06-2023 08:00,27.3,68,0
02-06-2023 08:15,28,66,0
02-06-2023 08:30,28.5,63,0
02-06-2023 08:45,29.5,56,0
02-06-2023 09:15,31,46,0
02-06-2023 09:30,31.5,46,0
02-06-2023 09:45,31.9,45,0
02-06-2023 10:00,32.8,43,0
02-06-2023 10:15,32.4,45,0
02-06-2023 10:30,33.4,41,0
02-06-2023 10:45,33.8,40,0
02-06-2023 11:00,34.3,37,0
02-06-2023 11:15,34.5,38,0
02-06-2023 11:30,34.9,35,0
02-06-2023 11:45,34.6,36,0
02-06-2023 12:00,35.5,35,0
02-06-2023 12:15,35.8,34,0
02-06-2023 12:30,35.8,34,0
02-06-2023 12:45,36.1,31,0
02-06-2023 13:00,36,31,0
02-06-2023 13:15,36.2,32,0
02-06-2023 13:30,36.8,29,0
02-06-2023 13:45,37,31,0
02-06-2023 14:00,36.7,33,0
02-06-2023 14:15,37.1,33,0
02-06-2023 14:30,37.3,33,0
02-06-2023 14:45,36.9,34,0
02-06-2023 15:00,37.2,34,0
02-06-2023 15:15,37.2,31,0
02-06-2023 15:30,37.1,34,0
02-06-2023 15:45,37.3,34,0
02-06-2023 16:15,37.1,36,0
02-06-2023 16:30,36.8,37,0
02-06-2023 16:45,36.6,36,0
02-06-2023 17:00,36.6,34,0
02-06-2023 17:15,36.2,34,0
02-06-2023 17:30,35.6,35,0
02-06-2023 17:45,35.2,36,0
02-06-2023 18:00,34.6,36,0
02-06-2023 18:15,34.3,35,0
02-06-2023 18:30,33.6,34,0
02-06-2023 18:45,33,33,0
02-06-2023 19:00,32.5,32,0
02-06-2023 19:15,32,34,0
02-06-2023 19:30,31.4,34,0
02-06-2023 19:45,31,38,0
02-06-2023 20:00,30.6,50,0
02-06-2023 20:15,30.3,54,0
02-06-2023 20:30,30,58,0
02-06-2023 20:45,29.6,60,0
02-06-2023 21:00,29.2,63,0
02-06-2023 21:15,29,65,0
02-06-2023 21:30,28.7,66,0
02-06-2023 22:15,28.1,68,0
02-06-2023 22:30,27.9,69,0
02-06-2023 22:45,27.7,71,0
02-06-2023 23:00,27.5,71,0
02-06-2023 23:15,27.3,71,0
02-06-2023 23:30,27.2,71,0
02-06-2023 23:45,27.1,72,0
03-06-2023 00:00,27,73,0
03-06-2023 00:15,26.9,72,0
03-06-2023 00:30,26.9,72,0
03-06-2023 00:45,26.8,72,0
03-06-2023 01:00,26.6,72,0
03-06-2023 01:15,26.6,73,0
03-06-2023 01:30,26.5,74,0
03-06-2023 01:45,26.4,74,0
03-06-2023 02:00,26.4,74,0
03-06-2023 02:15,26.3,74,0
03-06-2023 02:30,26.2,74,0
03-06-2023 02:45,26.1,75,0
03-06-2023 03:00,25.9,75,0
03-06-2023 03:15,25.9,76,0
03-06-2023 03:30,25.8,76,0
03-06-2023 03:45,25.6,76,0
03-06-2023 04:00,25.3,78,0
03-06-2023 04:15,25.4,80,0
03-06-2023 04:30,25.2,80,0
03-06-2023 04:45,25.8,80,0
03-06-2023 05:00,26.1,76,0
03-06-2023 05:15,26,76,0
03-06-2023 05:30,25.9,77,0
03-06-2023 05:45,26,78,0
03-06-2023 06:00,25.9,78,0
03-06-2023 06:15,26,78,0
03-06-2023 06:30,26.1,77,0
03-06-2023 06:45,26.2,77,0
03-06-2023 07:00,26.6,76,0
03-06-2023 07:15,26.9,75,0
03-06-2023 07:30,27.4,73,0
03-06-2023 07:45,27.9,71,0
03-06-2023 08:00,28.3,70,0
03-06-2023 08:15,28.6,69,0
03-06-2023 08:30,29.4,65,0
03-06-2023 08:45,29.8,64,0
03-06-2023 09:00,30.3,62,0
03-06-2023 09:15,30.5,60,0
03-06-2023 09:30,31.1,59,0
03-06-2023 09:45,31.4,58,0
03-06-2023 10:00,32.2,56,0
03-06-2023 10:15,32.6,53,0
03-06-2023 10:30,32.5,53,0
03-06-2023 10:45,33,50,0
03-06-2023 11:00,33.4,48,0
03-06-2023 11:15,34,47,0
03-06-2023 11:30,34,45,0
03-06-2023 11:45,34,46,0
03-06-2023 12:00,34.5,44,0
03-06-2023 12:15,34.8,42,0
03-06-2023 12:30,35,41,0
03-06-2023 12:45,35.7,40,0
03-06-2023 13:00,35.7,42,0
03-06-2023 13:15,36.1,42,0
03-06-2023 13:30,36.1,41,0
03-06-2023 13:45,36,41,0
03-06-2023 14:00,36.9,38,0
03-06-2023 14:15,37.1,39,0
03-06-2023 14:30,36.6,39,0
03-06-2023 14:45,37.1,38,0
03-06-2023 15:00,36.8,39,0
03-06-2023 15:15,37.3,38,0
03-06-2023 15:30,37.5,38,0
03-06-2023 15:45,36.9,38,0
03-06-2023 16:00,37.2,38,0
03-06-2023 16:15,37.2,38,0
03-06-2023 16:30,36.7,40,0
03-06-2023 16:45,36.8,39,0
03-06-2023 17:00,36.3,40,0
03-06-2023 17:15,36.3,40,0
03-06-2023 17:30,36.3,41,0
03-06-2023 17:45,35.6,43,0
03-06-2023 18:00,35.1,45,0
03-06-2023 18:15,34.3,47,0
03-06-2023 18:30,33.8,50,0
03-06-2023 18:45,33.3,51,0
03-06-2023 19:00,32.6,53,0
03-06-2023 19:30,31.8,56,0
03-06-2023 19:45,31.6,57,0
03-06-2023 20:00,31.3,58,0
03-06-2023 20:15,30.8,60,0
03-06-2023 20:30,30.5,62,0
03-06-2023 20:45,30.2,63,0
03-06-2023 21:00,29.9,64,0
03-06-2023 21:15,29.6,65,0
03-06-2023 21:30,29.4,66,0
03-06-2023 21:45,29.1,66,0
03-06-2023 22:00,28.9,67,0
03-06-2023 22:15,28.7,68,0
03-06-2023 22:30,28.4,69,0
03-06-2023 22:45,28.1,70,0
03-06-2023 23:00,27.8,71,0
03-06-2023 23:15,27.6,72,0
03-06-2023 23:30,27.5,73,0
03-06-2023 23:45,27.3,72,0
04-06-2023 00:00,27.2,72,0
04-06-2023 00:15,27.2,70,0
04-06-2023 00:30,27,70,0
04-06-2023 00:45,27,70,0
04-06-2023 01:00,26.8,70,0
04-06-2023 01:15,26.6,70,0
04-06-2023 01:30,26.4,72,0
04-06-2023 01:45,26.1,74,0
04-06-2023 02:00,26.1,75,0
04-06-2023 02:15,26.2,76,0
04-06-2023 02:30,26.3,75,0
04-06-2023 02:45,26.3,75,0
04-06-2023 03:00,26,75,0
04-06-2023 03:15,26.2,79,0
04-06-2023 03:30,26.3,78,0
04-06-2023 03:45,26.4,77,0
04-06-2023 04:00,26.3,77,0
04-06-2023 04:15,26.2,78,0
04-06-2023 04:30,26.1,79,0
04-06-2023 04:45,26.2,79,0
04-06-2023 05:00,26.4,79,0
04-06-2023 05:15,26.3,80,0
04-06-2023 05:30,25.9,82,0
04-06-2023 05:45,25.8,84,0
04-06-2023 06:00,25.7,85,0
04-06-2023 06:15,26.1,84,0
04-06-2023 06:30,26.5,82,0
04-06-2023 06:45,26.9,80,0
04-06-2023 07:00,27.3,77,0
04-06-2023 07:15,27.6,76,0
04-06-2023 07:30,28.1,75,0
04-06-2023 07:45,28.5,74,0
04-06-2023 08:00,29.2,72,0
04-06-2023 08:15,29.6,69,0
04-06-2023 08:30,29.7,69,0
04-06-2023 09:15,31,64,0
04-06-2023 09:30,31.4,62,0
04-06-2023 09:45,32.3,60,0
04-06-2023 10:00,32.3,58,0
04-06-2023 10:15,32.2,58,0
04-06-2023 10:30,33.5,54,0
04-06-2023 10:45,32.8,57,0
04-06-2023 11:00,33.3,53,0
04-06-2023 11:15,33.8,52,0
04-06-2023 11:30,34.2,49,0
04-06-2023 11:45,34.1,51,0
04-06-2023 12:00,34.7,49,0
04-06-2023 12:15,34.1,48,0
04-06-2023 12:30,34.2,49,0
04-06-2023 12:45,34.7,48,0
04-06-2023 13:00,32.4,56,0
04-06-2023 13:15,32.9,58,0.5
04-06-2023 13:30,33.4,53,0.5
04-06-2023 13:45,27.3,66,0.5
04-06-2023 14:00,28.5,53,0.5
04-06-2023 14:15,27.1,60,0.5
04-06-2023 14:30,26.3,67,0.5
04-06-2023 14:45,25.7,68,0.5
04-06-2023 15:00,24.3,76,0.5
04-06-2023 15:15,24.7,74,0.5
04-06-2023 15:30,24.6,75,0.5
04-06-2023 15:45,25.1,72,0.5
04-06-2023 16:00,24.7,75,0.5
04-06-2023 16:15,25.5,72,0.5
04-06-2023 16:30,26.4,68,0.5
04-06-2023 16:45,27,67,0.5
04-06-2023 17:00,27.4,64,0.5
04-06-2023 17:15,29.3,59,0.5
04-06-2023 17:30,29.2,59,0.5
04-06-2023 17:45,29.4,58,0.5
04-06-2023 18:00,29.4,59,0.5
04-06-2023 18:15,28.8,60,0.5
04-06-2023 18:30,28.4,59,0.5
04-06-2023 18:45,27.8,64,0.5
04-06-2023 19:00,27.3,63,0.5
04-06-2023 19:15,27.1,63,0.5
04-06-2023 19:30,26.6,65,0.5
04-06-2023 19:45,26.5,64,0.5
04-06-2023 20:00,26,67,0.5
04-06-2023 20:15,25.5,70,0.5
04-06-2023 20:30,25.2,69,0.5
04-06-2023 20:45,25.1,72,0.5
04-06-2023 21:00,24.6,73,0.5
04-06-2023 21:15,24.1,74,0.5
04-06-2023 21:30,23.7,80,0.5
04-06-2023 21:45,23.4,81,0.5
04-06-2023 22:15,23.7,77,0.5
04-06-2023 22:30,23.4,80,0.5
04-06-2023 22:45,23.3,79,0.5
04-06-2023 23:00,22.5,86,0.5
04-06-2023 23:15,22.1,86,0.5
04-06-2023 23:30,22.2,87,0.5
04-06-2023 23:45,22.2,87,0.5
05-06-2023 00:00,22.2,88,0.5
05-06-2023 00:15,22.2,88,0.5
05-06-2023 00:30,22.1,87,0.5
05-06-2023 00:45,22.2,88,0.5
05-06-2023 01:00,21.7,89,0.5
05-06-2023 01:15,21.8,89,0.5
05-06-2023 01:30,21.7,88,0.5
05-06-2023 01:45,21.7,89,0.5
05-06-2023 02:00,21.6,90,0.5
05-06-2023 02:15,21.7,90,0.5
05-06-2023 02:30,21.4,89,0.5
05-06-2023 02:45,21.5,90,0.5
05-06-2023 03:00,21.6,90,0.5
05-06-2023 03:15,21.9,91,0.5
05-06-2023 03:30,22.4,92,0.5
05-06-2023 03:45,24,89,0.5
05-06-2023 04:00,23.5,88,0.5
05-06-2023 04:15,23.2,90,0.5
05-06-2023 04:30,22.8,89,0.5
05-06-2023 04:45,22.9,90,0.5
05-06-2023 05:00,23,91,0.5
05-06-2023 05:15,22.2,91,0.5
05-06-2023 05:30,22.3,91,0.5
05-06-2023 05:45,22.3,91,0.5
05-06-2023 06:00,23.2,91,0.5
05-06-2023 06:15,23.7,89,0.5
05-06-2023 06:30,23.9,88,0.5
05-06-2023 06:45,24.6,87,0.5
05-06-2023 07:00,25.3,85,0.5
05-06-2023 07:15,25.9,82,0.5
05-06-2023 07:30,26.2,80,0.5
05-06-2023 07:45,26.8,76,0.5
05-06-2023 08:00,27.2,75,0.5
05-06-2023 08:15,27.9,73,0.5
05-06-2023 08:30,28.3,73,0.5
05-06-2023 08:45,28.3,71,0
05-06-2023 09:00,28.9,69,0
05-06-2023 09:15,29.5,67,0
05-06-2023 09:30,29.8,67,0
05-06-2023 09:45,30,65,0
05-06-2023 10:00,30.2,64,0
05-06-2023 10:15,30.2,63,0
05-06-2023 10:30,31,61,0
05-06-2023 10:45,31.1,60,0
05-06-2023 11:00,31.9,58,0
05-06-2023 11:15,31.9,57,0
05-06-2023 11:30,32.2,56,0
05-06-2023 11:45,32.4,55,0
05-06-2023 12:00,32.6,56,0
05-06-2023 12:15,32.5,56,0
05-06-2023 12:30,32.9,56,0
05-06-2023 12:45,34.2,53,0
05-06-2023 13:00,33.8,51,0
05-06-2023 13:15,34.5,50,0
05-06-2023 13:30,35,47,0
05-06-2023 13:45,35,46,0
05-06-2023 14:00,34.8,47,0
05-06-2023 14:15,34.5,46,0
05-06-2023 14:30,34.6,47,0
05-06-2023 15:15,35.4,44,0
05-06-2023 15:30,35.7,43,0
05-06-2023 15:45,34.7,46,0
05-06-2023 16:00,35.3,45,0
05-06-2023 16:15,34.5,46,0
05-06-2023 16:30,34.6,47,0
05-06-2023 16:45,34.5,47,0
05-06-2023 17:00,34.3,48,0
05-06-2023 17:15,34.6,47,0
05-06-2023 17:30,34.2,48,0
05-06-2023 17:45,34.1,49,0
05-06-2023 18:00,33.5,51,0
05-06-2023 18:15,33.2,51,0
05-06-2023 18:30,32.5,53,0
05-06-2023 18:45,32,55,0
05-06-2023 19:00,31.5,57,0
05-06-2023 19:15,31.1,59,0
05-06-2023 19:30,30.7,60,0
05-06-2023 19:45,30.4,63,0
05-06-2023 20:00,30,64,0
05-06-2023 20:15,29.7,64,0
05-06-2023 20:30,29.4,66,0
05-06-2023 20:45,29.1,67,0
05-06-2023 21:00,28.7,69,0
05-06-2023 21:15,28.4,70,0
05-06-2023 21:30,28.3,71,0
05-06-2023 21:45,28.2,71,0
05-06-2023 22:00,27.9,72,0
05-06-2023 22:15,27.4,74,0
05-06-2023 22:30,27.2,75,0
05-06-2023 22:45,26.8,78,0
05-06-2023 23:00,26.6,80,0
05-06-2023 23:15,26.5,81,0
05-06-2023 23:30,26.3,81,0
05-06-2023 23:45,26.1,81,0
06-06-2023 00:00,26,81,0
06-06-2023 00:15,26.4,77,0
06-06-2023 00:30,26.3,75,0
06-06-2023 00:45,26.1,75,0
06-06-2023 01:00,26,76,0
06-06-2023 01:15,25.9,77,0
06-06-2023 01:30,25.8,77,0
06-06-2023 01:45,25.9,77,0
06-06-2023 02:00,25.8,77,0
06-06-2023 02:15,25.8,77,0
06-06-2023 02:30,25.7,78,0
06-06-2023 02:45,25.6,79,0
06-06-2023 03:00,25.4,80,0
06-06-2023 03:15,25.4,81,0
06-06-2023 03:30,25.5,81,0
06-06-2023 03:45,25.5,80,0
06-06-2023 04:00,25.3,80,0
06-06-2023 04:15,25.4,79,0
06-06-2023 04:30,25.4,79,0
06-06-2023 04:45,25.2,80,0
06-06-2023 05:00,25.2,82,0
06-06-2023 05:15,24.9,83,0
06-06-2023 05:30,24.6,85,0
06-06-2023 05:45,24.4,86,0
06-06-2023 06:00,24.1,87,0
06-06-2023 06:15,24,88,0
06-06-2023 06:30,24.2,88,0
06-06-2023 06:45,24.7,87,0
06-06-2023 07:00,25.2,85,0
06-06-2023 07:15,26.1,81,0
06-06-2023 07:30,26.8,79,0
06-06-2023 07:45,27.6,74,0
06-06-2023 08:00,28,73,0
06-06-2023 08:15,28,73,0
06-06-2023 08:30,28.9,70,0
06-06-2023 08:45,29.1,70,0
06-06-2023 09:00,29.9,67,0
06-06-2023 09:15,30.3,64,0
06-06-2023 09:30,30.7,63,0
06-06-2023 09:45,31.2,60,0
06-06-2023 10:00,31.7,57,0
06-06-2023 10:15,31.9,57,0
06-06-2023 10:30,32.4,51,0
06-06-2023 10:45,32.6,50,0
06-06-2023 11:00,33.3,48,0
06-06-2023 11:15,33.5,48,0
06-06-2023 11:30,33.7,49,0
06-06-2023 11:45,34.2,50,0
06-06-2023 12:00,34.1,49,0
06-06-2023 12:15,34.9,47,0
06-06-2023 12:30,34.6,48,0
06-06-2023 12:45,35.2,46,0
06-06-2023 13:00,35.6,45,0
06-06-2023 13:15,35.5,46,0
06-06-2023 13:30,35.4,44,0
06-06-2023 13:45,36.1,43,0
06-06-2023 14:00,37,42,0
06-06-2023 14:15,35.8,42,0
06-06-2023 14:30,36.5,42,0
06-06-2023 14:45,36.6,41,0
06-06-2023 15:00,36.3,42,0
06-06-2023 15:15,36,41,0
06-06-2023 15:30,36,42,0
06-06-2023 15:45,36.5,40,0
06-06-2023 16:00,36.2,41,0
06-06-2023 16:15,36.3,41,0
06-06-2023 16:30,36.3,41,0
06-06-2023 16:45,36.6,40,0
06-06-2023 17:00,36.4,41,0
06-06-2023 17:15,36.3,41,0
06-06-2023 17:30,35.9,42,0
06-06-2023 17:45,35.9,41,0
06-06-2023 18:00,35.4,42,0
06-06-2023 18:15,34.8,44,0
06-06-2023 18:30,34.5,45,0
06-06-2023 18:45,34.1,46,0
06-06-2023 19:00,33.4,49,0
06-06-2023 19:30,32.5,53,0
06-06-2023 19:45,32.1,54,0
06-06-2023 20:00,31.8,55,0
06-06-2023 20:15,31.4,57,0
06-06-2023 20:30,31.1,58,0
06-06-2023 20:45,30.7,60,0
06-06-2023 21:00,30.2,62,0
06-06-2023 21:15,30,63,0
06-06-2023 21:30,29.8,64,0
06-06-2023 21:45,29.4,66,0
06-06-2023 22:00,29.2,67,0
06-06-2023 22:15,28.8,68,0
06-06-2023 22:30,28.5,70,0
06-06-2023 22:45,28.4,71,0
06-06-2023 23:00,28,73,0
06-06-2023 23:15,27.6,74,0
06-06-2023 23:30,27.4,75,0
06-06-2023 23:45,27.2,75,0
07-06-2023 00:00,26.9,74,0
07-06-2023 00:15,26.6,75,0
07-06-2023 00:30,26.8,77,0
07-06-2023 00:45,26.7,78,0
07-06-2023 01:00,26.6,75,0
07-06-2023 01:15,26.5,74,0
07-06-2023 01:30,26.4,74,0
07-06-2023 01:45,26.3,75,0
07-06-2023 02:00,26.2,75,0
07-06-2023 02:15,26.1,75,0
07-06-2023 02:30,25.8,75,0
07-06-2023 02:45,25.4,78,0
07-06-2023 03:00,25.5,79,0
07-06-2023 03:15,25.7,76,0
07-06-2023 03:30,25.6,78,0
07-06-2023 03:45,25.5,79,0
07-06-2023 04:00,25.2,80,0
07-06-2023 04:15,25.2,80,0
07-06-2023 04:30,25.1,80,0
07-06-2023 04:45,24.9,80,0
07-06-2023 05:00,24.9,80,0
07-06-2023 05:15,24.7,79,0
07-06-2023 05:30,24.9,80,0
07-06-2023 05:45,24.4,84,0
07-06-2023 06:00,24.4,85,0
07-06-2023 06:15,24.4,84,0
07-06-2023 06:30,24.5,85,0
07-06-2023 06:45,25.1,84,0
07-06-2023 07:00,25.6,81,0
07-06-2023 07:15,26,80,0
07-06-2023 07:30,26.6,76,0
07-06-2023 07:45,27.2,74,0
07-06-2023 08:00,28,71,0
07-06-2023 08:15,28.9,69,0
07-06-2023 08:30,28.9,69,0
07-06-2023 08:45,29.2,67,0
07-06-2023 09:00,29.9,65,0
07-06-2023 09:15,30.5,60,0
07-06-2023 09:30,31.2,60,0
07-06-2023 09:45,31.1,62,0
07-06-2023 10:00,31.7,59,0
07-06-2023 10:15,32.2,54,0
07-06-2023 10:30,33.2,50,0
07-06-2023 10:45,33.9,47,0
07-06-2023 11:00,33.4,48,0
07-06-2023 11:15,34.3,46,0
07-06-2023 11:30,34.8,44,0
07-06-2023 11:45,35.2,43,0
07-06-2023 12:00,35.5,43,0
07-06-2023 12:15,35.8,40,0
07-06-2023 12:30,36.1,39,0
07-06-2023 12:45,36.7,36,0
07-06-2023 13:00,36.6,36,0
07-06-2023 13:15,37.2,32,0
07-06-2023 13:30,38.5,31,0
07-06-2023 13:45,36.7,40,0
07-06-2023 14:00,36.9,41,0
07-06-2023 14:15,37.1,38,0
07-06-2023 14:30,37.8,37,0
07-06-2023 14:45,38,35,0
07-06-2023 15:00,37.9,35,0
07-06-2023 15:15,38,35,0
07-06-2023 15:30,38.1,33,0
07-06-2023 15:45,37.7,35,0
07-06-2023 16:00,37.8,36,0
07-06-2023 16:15,38,33,0
07-06-2023 16:30,37.6,35,0
07-06-2023 16:45,37.2,36,0
07-06-2023 17:00,37.1,38,0
07-06-2023 17:15,36.8,40,0
07-06-2023 17:30,35.9,43,0
07-06-2023 17:45,35.2,45,0
07-06-2023 18:00,35,47,0
07-06-2023 18:15,34.6,48,0
07-06-2023 18:30,34,50,0
07-06-2023 18:45,33.3,52,0
07-06-2023 19:00,32.6,56,0
07-06-2023 19:15,32.1,58,0
07-06-2023 19:30,31.6,60,0
07-06-2023 19:45,31.2,61,0
07-06-2023 20:00,30.9,61,0
07-06-2023 20:15,30.2,62,0
07-06-2023 20:30,29.7,63,0
07-06-2023 20:45,29.3,64,0
07-06-2023 21:00,29.1,66,0
07-06-2023 21:15,28.8,67,0
07-06-2023 21:30,28.4,69,0
07-06-2023 21:45,28.2,70,0
07-06-2023 22:00,28.1,70,0
07-06-2023 22:15,28,69,0
07-06-2023 22:30,28.1,67,0
07-06-2023 22:45,27.9,65,0
07-06-2023 23:00,27.9,60,0
07-06-2023 23:15,27.8,59,0
07-06-2023 23:45,27.2,63,0
08-06-2023 00:00,27.1,65,0
08-06-2023 00:15,26.9,67,0
08-06-2023 00:30,26.8,68,0
08-06-2023 00:45,26.7,67,0
08-06-2023 01:00,26.6,68,0
08-06-2023 01:15,26.6,68,0
08-06-2023 01:30,26.5,68,0
08-06-2023 01:45,26.5,67,0
08-06-2023 02:00,26,68,0
08-06-2023 02:15,25.9,68,0
08-06-2023 02:30,26,68,0
08-06-2023 02:45,26,68,0
08-06-2023 03:00,25.9,68,0
08-06-2023 03:15,25.6,68,0
08-06-2023 03:30,25.5,69,0
08-06-2023 03:45,25.3,71,0
08-06-2023 04:00,24.8,71,0
08-06-2023 04:15,24.8,73,0
08-06-2023 04:30,24.8,73,0
08-06-2023 04:45,24.2,72,0
08-06-2023 05:15,24.2,75,0
08-06-2023 05:30,24.4,78,0
08-06-2023 05:45,24.4,76,0
08-06-2023 06:00,24.3,78,0
08-06-2023 06:15,24.4,78,0
08-06-2023 06:30,24.7,78,0
08-06-2023 06:45,24.8,75,0
08-06-2023 07:00,25.9,74,0
08-06-2023 07:15,26.2,73,0
08-06-2023 07:30,27,71,0
08-06-2023 07:45,27.8,69,0
08-06-2023 08:00,28.1,68,0
08-06-2023 08:15,28.8,65,0
08-06-2023 08:30,29.3,64,0
08-06-2023 08:45,29.7,62,0
08-06-2023 09:00,29.7,61,0
08-06-2023 09:15,30.2,61,0
08-06-2023 09:30,30.7,59,0
08-06-2023 09:45,31.7,57,0
08-06-2023 10:00,31.7,54,0
08-06-2023 10:15,32.5,50,0
08-06-2023 10:30,32.9,49,0
08-06-2023 10:45,33.2,47,0
08-06-2023 11:00,34.2,44,0
08-06-2023 11:15,34.5,44,0
08-06-2023 11:30,34.8,43,0
08-06-2023 12:15,35.7,41,0
08-06-2023 12:30,35.6,41,0
08-06-2023 12:45,36.1,41,0
08-06-2023 13:00,36.4,40,0
08-06-2023 13:15,36.5,40,0
08-06-2023 13:30,36.4,40,0
08-06-2023 13:45,36.9,40,0
08-06-2023 14:00,37.1,39,0
08-06-2023 14:15,37.1,39,0
08-06-2023 14:30,37.6,37,0
08-06-2023 14:45,36.9,40,0
08-06-2023 15:00,37.3,39,0
08-06-2023 15:15,37.6,38,0
08-06-2023 15:30,37.4,38,0
08-06-2023 15:45,37.6,37,0
08-06-2023 16:00,37.5,37,0
08-06-2023 16:15,37.8,36,0
08-06-2023 16:30,37.4,37,0
08-06-2023 16:45,37.3,37,0
08-06-2023 17:00,37.2,38,0
08-06-2023 17:15,36.9,39,0
08-06-2023 17:30,36.9,40,0
08-06-2023 17:45,35.7,44,0
08-06-2023 18:00,35.1,48,0
08-06-2023 18:15,34.6,49,0
08-06-2023 18:30,34.1,51,0
08-06-2023 18:45,33.5,55,0
08-06-2023 19:00,32.9,57,0
08-06-2023 19:15,32.3,60,0
08-06-2023 19:30,31.5,63,0
08-06-2023 19:45,30.9,64,0
08-06-2023 20:00,30.7,64,0
08-06-2023 20:15,30.4,65,0
08-06-2023 20:30,30.1,65,0
08-06-2023 20:45,30.1,65,0
08-06-2023 21:00,29.8,66,0
08-06-2023 21:15,29.6,67,0
08-06-2023 21:30,29.3,69,0
08-06-2023 21:45,29.2,69,0
08-06-2023 22:00,29.2,69,0
08-06-2023 22:30,28.9,71,0
08-06-2023 22:45,28.7,72,0
08-06-2023 23:00,28.4,73,0
08-06-2023 23:15,28.2,73,0
08-06-2023 23:30,28.1,72,0
08-06-2023 23:45,28,71,0
09-06-2023 00:00,27.9,70,0
09-06-2023 00:15,27.9,70,0
09-06-2023 00:30,27.7,69,0
09-06-2023 00:45,27.5,71,0
09-06-2023 01:00,27.2,72,0
09-06-2023 01:15,27.1,72,0
09-06-2023 01:30,26.9,74,0
09-06-2023 01:45,26.8,75,0
09-06-2023 02:00,26.6,75,0
09-06-2023 02:15,26.5,77,0
09-06-2023 02:30,26.4,77,0
09-06-2023 02:45,26.4,78,0
09-06-2023 03:00,26.3,76,0
09-06-2023 03:15,26.2,76,0
09-06-2023 03:30,26.2,74,0
09-06-2023 03:45,26,74,0
09-06-2023 04:00,25.3,76,0
09-06-2023 04:15,25.3,75,0
09-06-2023 04:30,25.1,76,0
09-06-2023 04:45,25.3,74,0
09-06-2023 05:00,25.5,74,0
09-06-2023 05:15,25.4,73,0
09-06-2023 05:30,25.7,73,0
09-06-2023 05:45,25.5,73,0
09-06-2023 06:00,25.2,74,0
09-06-2023 06:15,25.1,76,0
09-06-2023 06:30,24.8,76,0
09-06-2023 06:45,25.2,79,0
09-06-2023 07:00,26.1,78,0
09-06-2023 07:15,26.9,74,0
09-06-2023 07:30,27.3,73,0
09-06-2023 07:45,28,70,0
09-06-2023 08:00,28.8,67,0
09-06-2023 08:15,29.2,66,0
09-06-2023 08:30,29.6,64,0
09-06-2023 08:45,29.8,62,0
09-06-2023 09:00,30.4,62,0
09-06-2023 09:15,30.5,61,0
09-06-2023 09:30,31.1,60,0
09-06-2023 09:45,31.5,57,0
09-06-2023 10:00,32.2,55,0
09-06-2023 10:15,32.5,53,0
09-06-2023 10:30,32.8,52,0
09-06-2023 10:45,33.6,50,0
09-06-2023 11:00,33.7,49,0
09-06-2023 11:15,34.6,47,0
09-06-2023 11:30,34.7,45,0
09-06-2023 11:45,35,45,0
09-06-2023 12:00,35.8,43,0
09-06-2023 12:15,35.8,42,0
09-06-2023 12:30,36.8,41,0
09-06-2023 12:45,36.2,40,0
09-06-2023 13:00,36.7,37,0
09-06-2023 13:15,36.8,39,0
09-06-2023 13:30,37,41,0
09-06-2023 13:45,36.7,40,0
09-06-2023 14:00,37,40,0
09-06-2023 14:15,36.8,40,0
09-06-2023 14:30,36.9,40,0
09-06-2023 14:45,37.4,39,0
09-06-2023 15:00,37.9,37,0
09-06-2023 15:15,37.5,36,0
09-06-2023 15:30,38.7,35,0
09-06-2023 15:45,39,35,0
09-06-2023 16:00,38.1,36,0
09-06-2023 16:15,36.8,39,0
09-06-2023 16:30,37.2,38,0
09-06-2023 16:45,35.4,47,0
09-06-2023 17:00,34.1,52,0
09-06-2023 17:15,32.1,53,0
09-06-2023 17:30,32.1,52,0
09-06-2023 17:45,31.2,56,0
09-06-2023 18:00,31,60,0
09-06-2023 18:15,31.2,61,0
09-06-2023 18:30,30.6,63,0
09-06-2023 18:45,30.3,63,0
09-06-2023 19:00,29.9,63,0
09-06-2023 19:15,29.5,63,0
09-06-2023 19:30,29.3,64,0
09-06-2023 19:45,29.4,64,0
09-06-2023 20:00,29.3,62,0
09-06-2023 20:15,29.4,62,0
09-06-2023 20:30,29.3,62,0
09-06-2023 20:45,29.1,63,0
09-06-2023 21:00,29,63,0
09-06-2023 21:15,28.8,65,0
09-06-2023 21:30,28.7,66,0
09-06-2023 21:45,28.7,65,0
09-06-2023 22:15,28.4,66,0
09-06-2023 22:30,28.3,67,0
09-06-2023 22:45,28.3,66,0
09-06-2023 23:00,28.2,67,0
09-06-2023 23:15,28.1,67,0
09-06-2023 23:30,27.9,68,0
09-06-2023 23:45,27.8,68,0
10-06-2023 00:00,27.6,69,0
10-06-2023 00:15,27.5,70,0
10-06-2023 00:30,27.3,71,0
10-06-2023 00:45,27.3,71,0
10-06-2023 01:00,27.1,71,0
10-06-2023 01:15,27,72,0
10-06-2023 01:30,26.9,72,0
10-06-2023 01:45,26.9,72,0
10-06-2023 02:00,26.7,72,0
10-06-2023 02:15,26.5,72,0
10-06-2023 02:30,26.1,74,0
10-06-2023 02:45,25.5,75,0
10-06-2023 03:00,25.2,79,0
10-06-2023 03:15,24.8,77,0
10-06-2023 03:30,24.7,80,0
10-06-2023 03:45,24.4,79,0
10-06-2023 04:00,24.4,78,0
10-06-2023 04:15,24.4,81,0
10-06-2023 04:30,24.3,81,0
10-06-2023 04:45,24,83,0
10-06-2023 05:00,24.1,81,0
10-06-2023 05:15,24,79,0
10-06-2023 05:30,24.7,78,0
10-06-2023 05:45,25.6,73,0
10-06-2023 06:00,25.6,73,0
10-06-2023 06:15,25.2,75,0
10-06-2023 06:30,25.3,74,0
10-06-2023 06:45,25.9,73,0
10-06-2023 07:00,26.6,71,0
10-06-2023 07:15,27.7,70,0
10-06-2023 07:30,28.3,67,0
10-06-2023 07:45,28.7,64,0
10-06-2023 08:00,29,65,0
10-06-2023 08:15,29.3,65,0
10-06-2023 08:30,29.7,65,0
10-06-2023 08:45,29.6,65,0
10-06-2023 09:00,29.9,65,0
10-06-2023 09:15,29.7,65,0
10-06-2023 09:30,30.4,64,0
10-06-2023 09:45,31.2,60,0
10-06-2023 10:00,32,58,0
10-06-2023 10:15,32.4,58,0
10-06-2023 10:30,32.8,57,0
10-06-2023 10:45,33,55,0
10-06-2023 11:00,33.2,54,0
10-06-2023 11:15,34.4,50,0
10-06-2023 11:30,33.9,49,0
10-06-2023 11:45,35.2,47,0
10-06-2023 12:00,34.6,46,0
10-06-2023 12:15,34.6,43,0
10-06-2023 12:30,34.5,45,0
10-06-2023 12:45,35.6,42,0
10-06-2023 13:00,35,44,0
10-06-2023 13:15,36.1,43,0
10-06-2023 13:30,36.1,41,0
10-06-2023 13:45,36.1,42,0
10-06-2023 14:00,35.9,41,0
10-06-2023 14:15,36.1,41,0
10-06-2023 14:30,36.2,41,0
10-06-2023 14:45,35.5,43,0
10-06-2023 15:00,33.7,52,0
10-06-2023 15:15,34.6,49,0
10-06-2023 15:30,35.3,48,0
10-06-2023 15:45,34.8,46,0
10-06-2023 16:00,35.1,46,0
10-06-2023 16:15,35.4,46,0
10-06-2023 16:30,34.6,46,0
10-06-2023 16:45,34.9,47,0
10-06-2023 17:00,35.4,44,0
10-06-2023 17:15,35.4,42,0
10-06-2023 17:30,35.4,42,0
10-06-2023 17:45,35,43,0
10-06-2023 18:00,34.9,44,0
10-06-2023 18:15,34.4,45,0
10-06-2023 18:30,33.9,45,0
10-06-2023 18:45,33.3,46,0
10-06-2023 19:00,33.1,45,0
10-06-2023 19:30,31.8,50,0
10-06-2023 19:45,31.4,51,0
10-06-2023 20:00,31.1,51,0
10-06-2023 20:15,30.9,51,0
10-06-2023 20:30,30.6,52,0
10-06-2023 20:45,30.3,54,0
10-06-2023 21:00,29.9,56,0
10-06-2023 21:15,29.6,58,0
10-06-2023 21:30,29.4,59,0
10-06-2023 21:45,29.2,61,0
10-06-2023 22:00,29.1,63,0
10-06-2023 22:15,28.9,62,0
10-06-2023 22:30,28.7,63,0
10-06-2023 22:45,28.5,63,0
10-06-2023 23:00,28.3,64,0
10-06-2023 23:15,28.2,64,0
10-06-2023 23:30,28,64,0
10-06-2023 23:45,28,64,0
11-06-2023 00:00,27.8,65,0
11-06-2023 00:15,27.6,66,0
11-06-2023 00:30,27.5,67,0
11-06-2023 00:45,27.5,67,0
11-06-2023 01:00,27.4,67,0
11-06-2023 01:15,27.1,69,0
11-06-2023 01:30,26.8,69,0
11-06-2023 01:45,26.3,71,0
11-06-2023 02:00,25.9,71,0
11-06-2023 02:15,25.8,72,0
11-06-2023 02:30,25.9,73,0
11-06-2023 02:45,26,72,0
11-06-2023 03:00,25.7,73,0
11-06-2023 03:15,25.5,74,0
11-06-2023 03:30,25.3,73,0
11-06-2023 03:45,25.2,76,0
11-06-2023 04:00,24.7,75,0
11-06-2023 04:15,24.6,79,0
11-06-2023 04:30,24.5,74,0
11-06-2023 04:45,24.4,78,0
11-06-2023 05:00,24.7,79,0
11-06-2023 05:15,24.5,75,0
11-06-2023 05:30,24.4,79,0
11-06-2023 05:45,24.5,81,0
11-06-2023 06:00,24.3,81,0
11-06-2023 06:15,24.4,78,0
11-06-2023 06:30,24.9,80,0
11-06-2023 06:45,25.7,76,0
11-06-2023 07:00,26.8,73,0
11-06-2023 07:15,27.3,70,0
11-06-2023 07:30,27.6,70,0
11-06-2023 07:45,28.3,68,0
11-06-2023 08:00,28.6,68,0
11-06-2023 08:15,28.7,67,0
11-06-2023 08:30,28.9,67,0
11-06-2023 09:15,30.8,60,0
11-06-2023 09:30,31.5,57,0
11-06-2023 09:45,32.2,54,0
11-06-2023 10:00,31.8,54,0
11-06-2023 10:15,32.3,53,0
11-06-2023 10:30,32.3,51,0
11-06-2023 10:45,33.1,48,0
11-06-2023 11:00,33.1,49,0
11-06-2023 11:15,33,48,0
11-06-2023 11:30,32.9,47,0
11-06-2023 11:45,33.4,48,0
11-06-2023 12:00,33.6,46,0
11-06-2023 12:15,33.8,46,0
11-06-2023 12:30,34.3,44,0
11-06-2023 12:45,34.7,43,0
11-06-2023 13:00,34.4,44,0
11-06-2023 13:15,35,44,0
11-06-2023 13:30,35.6,40,0
11-06-2023 13:45,34.8,41,0
11-06-2023 14:00,35.1,41,0
11-06-2023 14:15,35.9,40,0
11-06-2023 14:30,36,38,0
11-06-2023 14:45,36.3,37,0
11-06-2023 15:00,36.8,36,0
11-06-2023 15:15,36.6,35,0
11-06-2023 15:30,36.8,36,0
11-06-2023 16:15,36.4,37,0
11-06-2023 16:30,35.4,39,0
11-06-2023 16:45,35.7,39,0
11-06-2023 17:00,35,42,0
11-06-2023 17:15,35.2,39,0
11-06-2023 17:30,34.7,41,0
11-06-2023 17:45,34.3,41,0
11-06-2023 18:00,34.1,41,0
11-06-2023 18:15,33.6,42,0
11-06-2023 18:30,33.2,44,0
11-06-2023 18:45,32.2,47,0
11-06-2023 19:00,31.8,47,0
11-06-2023 19:15,31.3,49,0
11-06-2023 19:30,31,50,0
11-06-2023 19:45,30.8,50,0
11-06-2023 20:00,30.7,46,0
11-06-2023 20:15,30.5,47,0
11-06-2023 20:30,30.2,49,0
11-06-2023 20:45,30,50,0
11-06-2023 21:00,29.7,50,0
11-06-2023 21:15,29.4,51,0
11-06-2023 21:30,28.9,51,0
11-06-2023 21:45,28.4,54,0
11-06-2023 22:00,27.7,56,0
11-06-2023 22:15,27.3,58,0
11-06-2023 22:30,27.1,58,0
11-06-2023 22:45,26.8,57,0
11-06-2023 23:00,26.5,58,0
11-06-2023 23:15,26.2,57,0
11-06-2023 23:30,25.9,58,0
11-06-2023 23:45,25.5,63,0
12-06-2023 00:00,25.2,64,0
12-06-2023 00:15,24.9,62,0
12-06-2023 00:30,24.8,67,0
12-06-2023 00:45,24.6,67,0
12-06-2023 01:00,24.6,67,0
12-06-2023 01:15,24.7,66,0
12-06-2023 01:30,24.8,66,0
12-06-2023 01:45,24.8,66,0
12-06-2023 02:00,24.7,65,0
12-06-2023 02:15,24.4,67,0
12-06-2023 02:30,24.7,66,0
12-06-2023 02:45,24.8,64,0
12-06-2023 03:00,24.8,68,0
12-06-2023 03:15,25.2,68,0
12-06-2023 03:30,25.2,69,0
12-06-2023 03:45,25.4,68,0
12-06-2023 04:00,25.3,69,0
12-06-2023 04:15,25.4,70,0
12-06-2023 04:30,25.2,70,0
12-06-2023 04:45,25.3,69,0
12-06-2023 05:00,25.1,71,0
12-06-2023 05:30,24.7,74,0
12-06-2023 05:45,24.7,74,0
12-06-2023 06:00,24.7,75,0
12-06-2023 06:15,24.5,74,0
12-06-2023 06:30,24.8,75,0
12-06-2023 06:45,25.6,73,0
12-06-2023 07:00,26.7,70,0
12-06-2023 07:15,27.1,69,0
12-06-2023 07:30,27.4,69,0
12-06-2023 07:45,28.1,67,0
12-06-2023 08:00,28.7,66,0
12-06-2023 08:15,29.1,62,0
12-06-2023 08:30,29.7,62,0
12-06-2023 08:45,30.1,60,0
12-06-2023 09:00,30.5,56,0
12-06-2023 09:15,31.6,51,0
12-06-2023 09:30,31.6,51,0
12-06-2023 09:45,32.4,50,0
12-06-2023 10:00,32.3,50,0
12-06-2023 10:15,33.2,48,0
12-06-2023 10:30,32.7,47,0
12-06-2023 10:45,33.1,47,0
12-06-2023 11:00,33.6,46,0
12-06-2023 11:15,33.8,44,0
12-06-2023 11:30,34.5,43,0
12-06-2023 11:45,34.9,44,0
12-06-2023 12:00,34.5,44,0
12-06-2023 12:15,34.6,43,0
12-06-2023 12:30,34.9,41,0
12-06-2023 12:45,34.7,41,0
12-06-2023 13:00,35.5,39,0
12-06-2023 13:15,35.4,39,0
12-06-2023 13:30,34.9,40,0
12-06-2023 13:45,35,40,0
12-06-2023 14:00,35.6,39,0
12-06-2023 14:15,35.6,38,0
12-06-2023 14:30,35.6,39,0
12-06-2023 14:45,36.2,38,0
12-06-2023 15:00,37,36,0
12-06-2023 15:15,35.7,39,0
12-06-2023 15:30,36.3,40,0
12-06-2023 16:15,35.9,36,0
12-06-2023 16:30,35.2,39,0
12-06-2023 16:45,34.7,42,0
12-06-2023 17:00,34.6,43,0
12-06-2023 17:15,34.5,44,0
12-06-2023 17:30,34.5,41,0
12-06-2023 17:45,34.2,42,0
12-06-2023 18:00,34,43,0
12-06-2023 18:15,33.7,43,0
12-06-2023 18:30,33.1,43,0
12-06-2023 18:45,32,47,0
12-06-2023 19:00,31.6,49,0
12-06-2023 19:15,31.3,50,0
12-06-2023 19:30,30.8,53,0
12-06-2023 19:45,30.5,55,0
12-06-2023 20:00,30.3,56,0
12-06-2023 20:15,30.2,52,0
12-06-2023 20:30,29.9,53,0
12-06-2023 20:45,29.6,55,0
12-06-2023 21:00,29.3,56,0
12-06-2023 21:15,29.2,60,0
12-06-2023 21:30,28.9,61,0
12-06-2023 22:15,28.6,64,0
12-06-2023 22:30,28.5,65,0
12-06-2023 22:45,28.4,65,0
12-06-2023 23:00,28.4,66,0
12-06-2023 23:15,28.3,66,0
12-06-2023 23:30,28.2,67,0
12-06-2023 23:45,28.2,67,0
13-06-2023 00:00,28.1,67,0
13-06-2023 00:15,28,67,0
13-06-2023 00:30,28,66,0
13-06-2023 00:45,27.7,66,0
13-06-2023 01:00,27.5,67,0
13-06-2023 01:15,27.4,68,0
13-06-2023 01:30,27.3,68,0
13-06-2023 01:45,27.1,69,0
13-06-2023 02:00,27,70,0
13-06-2023 02:15,26.9,70,0
13-06-2023 02:30,26.8,71,0
13-06-2023 02:45,26.7,71,0
13-06-2023 03:00,26.6,72,0
13-06-2023 03:15,26.6,72,0
13-06-2023 03:30,26.8,71,0
13-06-2023 03:45,26.7,71,0
13-06-2023 04:00,26.5,72,0
13-06-2023 04:15,26.1,73,0
13-06-2023 04:30,25.6,74,0
13-06-2023 04:45,25.4,74,0
13-06-2023 05:00,25.2,76,0
13-06-2023 05:15,25.2,76,0
13-06-2023 05:30,25,77,0
13-06-2023 05:45,24.9,77,0
13-06-2023 06:00,24.7,77,0
13-06-2023 06:15,25.1,77,0
13-06-2023 06:30,25.9,75,0
13-06-2023 06:45,26.6,73,0
13-06-2023 07:00,27.5,71,0
13-06-2023 07:15,28.1,69,0
13-06-2023 07:30,28.3,68,0
13-06-2023 07:45,28.5,68,0
13-06-2023 08:00,29,67,0
13-06-2023 08:15,29.6,65,0
13-06-2023 08:30,29.9,64,0
13-06-2023 08:45,30.2,62,0
13-06-2023 09:00,30.3,61,0
13-06-2023 09:15,31.3,59,0
13-06-2023 09:30,31.3,56,0
13-06-2023 09:45,31.9,54,0
13-06-2023 10:00,32.3,53,0
13-06-2023 10:15,31.8,53,0
13-06-2023 10:30,32.1,52,0
13-06-2023 10:45,32.7,51,0
13-06-2023 11:00,32.7,51,0
13-06-2023 11:15,33,50,0
13-06-2023 11:30,33.4,49,0
13-06-2023 11:45,32.2,54,0
13-06-2023 12:00,31.2,60,0
13-06-2023 12:15,32,60,0
13-06-2023 12:30,32.7,54,0
13-06-2023 12:45,33.1,52,0
13-06-2023 13:00,33.3,49,0
13-06-2023 13:15,34.1,47,0
13-06-2023 13:30,34.2,47,0
13-06-2023 13:45,27,66,0
13-06-2023 14:00,25.6,75,1
13-06-2023 14:15,28.7,70,1
13-06-2023 14:30,28.9,69,1
13-06-2023 14:45,29.1,68,1
13-06-2023 15:00,30.3,65,1
13-06-2023 15:15,30.7,62,1
13-06-2023 15:30,31.6,58,1
13-06-2023 15:45,32.1,55,1
13-06-2023 16:00,32.3,55,1
13-06-2023 16:15,33,53,1
13-06-2023 16:30,32.7,52,1
13-06-2023 17:15,31.9,55,1
13-06-2023 17:30,31.7,56,1
13-06-2023 17:45,31.4,56,1
13-06-2023 18:00,31.1,58,1
13-06-2023 18:15,30.5,61,1
13-06-2023 18:30,30.1,63,1
13-06-2023 18:45,29.7,64,1
13-06-2023 19:00,29.2,64,1
13-06-2023 19:15,29,65,1
13-06-2023 19:30,28.7,67,1
13-06-2023 19:45,28.3,66,1
13-06-2023 20:00,28.1,67,1
13-06-2023 20:15,27.9,68,1
13-06-2023 20:30,27.7,69,1
13-06-2023 20:45,27.6,70,1
13-06-2023 21:00,27.5,70,1
13-06-2023 21:15,27.4,70,1
13-06-2023 21:30,27.4,70,1
13-06-2023 21:45,27.3,71,1
13-06-2023 22:00,27.2,71,1
13-06-2023 22:15,27.2,71,1
13-06-2023 22:30,27.1,71,1
13-06-2023 22:45,27.1,72,1
13-06-2023 23:00,27,72,1
13-06-2023 23:15,26.9,72,1
13-06-2023 23:30,27,72,1
13-06-2023 23:45,26.9,72,1
14-06-2023 00:00,26.8,72,1
14-06-2023 00:15,26.7,72,1
14-06-2023 00:30,26.7,72,1
14-06-2023 00:45,26.7,72,1
14-06-2023 01:00,26.8,72,1
14-06-2023 01:15,26.1,78,1
14-06-2023 01:30,26.1,78,1
14-06-2023 01:45,26,79,1
14-06-2023 02:00,26,79,1
14-06-2023 02:15,26.2,77,1
14-06-2023 02:30,26.1,78,1
14-06-2023 02:45,26.2,77,1
14-06-2023 03:00,26,78,1
14-06-2023 03:15,26.2,77,1
14-06-2023 03:30,26.2,77,1
14-06-2023 03:45,26.2,77,1
14-06-2023 04:00,26.1,77,1
14-06-2023 04:15,26.1,76,1
14-06-2023 04:30,26.1,76,1
14-06-2023 04:45,26,76,1
14-06-2023 05:00,26.1,77,1
14-06-2023 05:15,26.1,77,1
14-06-2023 05:30,26.1,77,1
14-06-2023 05:45,26.1,78,1
14-06-2023 06:00,26.1,78,1
14-06-2023 06:30,26.3,78,1
14-06-2023 06:45,26.7,76,1
14-06-2023 07:00,27.1,75,1
14-06-2023 07:15,27.2,74,1
14-06-2023 07:30,27.5,73,1
14-06-2023 07:45,27.8,73,1
14-06-2023 08:00,28.6,70,1
14-06-2023 08:15,28.6,69,1
14-06-2023 08:30,28.7,69,1
14-06-2023 08:45,29.1,68,0
14-06-2023 09:00,29.6,67,0
14-06-2023 09:15,30.2,65,0
14-06-2023 09:30,30.5,63,0
14-06-2023 09:45,31,61,0
14-06-2023 10:00,30,64,0
14-06-2023 10:15,30.2,63,0
14-06-2023 10:45,30.5,62,0
14-06-2023 11:00,30.4,62,0
14-06-2023 11:15,31.2,59,0
14-06-2023 11:30,31.8,58,0
14-06-2023 11:45,32.1,57,0
14-06-2023 12:00,32.6,56,0
14-06-2023 12:15,32.3,55,0
14-06-2023 12:30,32.2,56,0
14-06-2023 12:45,32.4,55,0
14-06-2023 13:00,33.2,54,0
14-06-2023 13:15,33.2,53,0
14-06-2023 13:30,32.9,53,0
14-06-2023 13:45,33.3,53,0
14-06-2023 14:00,32.5,59,0
14-06-2023 14:15,31.7,59,0
14-06-2023 14:30,33.3,56,0
14-06-2023 14:45,31.9,57,0
14-06-2023 15:00,32.1,58,0
14-06-2023 15:30,32.2,56,0
14-06-2023 15:45,32.5,51,0
14-06-2023 16:00,33.1,51,0
14-06-2023 16:15,33.2,51,0
14-06-2023 16:30,32.8,52,0
14-06-2023 16:45,33.1,51,0
14-06-2023 17:00,31.9,54,0
14-06-2023 17:15,31.5,55,0
14-06-2023 17:30,31.6,55,0
14-06-2023 17:45,31.2,58,0
14-06-2023 18:00,30.7,59,0
14-06-2023 18:15,30.8,58,0
14-06-2023 18:30,29.7,62,0
14-06-2023 18:45,29.5,63,0
14-06-2023 19:00,29.2,64,0
14-06-2023 19:15,28.9,65,0
14-06-2023 19:30,28.7,67,0
14-06-2023 19:45,28.3,67,0
14-06-2023 20:00,28.2,67,0
14-06-2023 20:15,27.9,68,0
14-06-2023 20:30,27.7,69,0
14-06-2023 20:45,27.6,70,0
14-06-2023 21:00,27.6,71,0
14-06-2023 21:15,27.6,71,0
14-06-2023 21:30,27.7,71,0
14-06-2023 21:45,27.5,71,0
14-06-2023 22:00,27.3,71,0
14-06-2023 22:15,27.1,72,0
14-06-2023 22:30,27,73,0
14-06-2023 22:45,26.9,73,0
14-06-2023 23:00,26.8,73,0
14-06-2023 23:15,26.7,74,0
14-06-2023 23:30,26.6,74,0
14-06-2023 23:45,26.5,74,0
15-06-2023 00:00,26.5,74,0
15-06-2023 00:15,26.6,74,0
15-06-2023 00:30,26.7,73,0
15-06-2023 00:45,26.5,74,0
15-06-2023 01:00,26.4,74,0
15-06-2023 01:15,26.4,74,0
15-06-2023 01:30,26.4,74,0
15-06-2023 01:45,26.3,74,0
15-06-2023 02:00,26.2,75,0
15-06-2023 02:15,26.1,75,0
15-06-2023 02:30,26.1,75,0
15-06-2023 02:45,26.2,75,0
15-06-2023 03:00,26.2,74,0
15-06-2023 03:15,26.2,75,0
15-06-2023 03:30,26.1,75,0
15-06-2023 03:45,26.1,75,0
15-06-2023 04:00,26,75,0
15-06-2023 04:15,25.9,76,0
15-06-2023 04:30,26,75,0
15-06-2023 04:45,25.9,75,0
15-06-2023 05:00,25.9,75,0
15-06-2023 05:15,25.9,77,0
15-06-2023 05:30,25.9,75,0
15-06-2023 05:45,26,76,0
15-06-2023 06:00,26.1,76,0
15-06-2023 06:15,26.1,76,0
15-06-2023 06:30,26.3,75,0
15-06-2023 06:45,26.7,74,0
15-06-2023 07:00,27.1,72,0
15-06-2023 07:15,27.5,72,0
15-06-2023 07:30,27.9,71,0
15-06-2023 07:45,28,70,0
15-06-2023 08:00,28.3,68,0
15-06-2023 08:15,28.4,67,0
15-06-2023 08:30,28.6,66,0
15-06-2023 08:45,29,64,0
15-06-2023 09:00,29.6,63,0
15-06-2023 09:15,29.5,62,0
15-06-2023 09:30,30.2,61,0
15-06-2023 09:45,30.4,58,0
15-06-2023 10:00,31.1,56,0
15-06-2023 10:15,31.3,57,0
15-06-2023 10:30,32,55,0
15-06-2023 10:45,31.9,54,0
15-06-2023 11:00,31.8,54,0
15-06-2023 11:15,32.2,54,0
15-06-2023 11:30,32.3,54,0
15-06-2023 11:45,32.4,53,0
15-06-2023 12:00,33,50,0
15-06-2023 12:30,33.1,49,0
15-06-2023 12:45,34.1,46,0
15-06-2023 13:00,33.7,47,0
15-06-2023 13:15,33.5,48,0
15-06-2023 13:30,34.2,46,0
15-06-2023 13:45,33.8,44,0
15-06-2023 14:00,33.7,48,0
15-06-2023 14:15,33.2,47,0
15-06-2023 14:30,34.3,46,0
15-06-2023 14:45,34.1,46,0
15-06-2023 15:00,34,44,0
15-06-2023 15:15,33.2,45,0
15-06-2023 15:30,33.7,45,0
15-06-2023 15:45,33.9,43,0
15-06-2023 16:00,34,43,0
15-06-2023 16:15,33.5,43,0
15-06-2023 16:30,32.8,46,0
15-06-2023 16:45,33.5,46,0
15-06-2023 17:00,33.2,46,0
15-06-2023 17:15,32.3,46,0
15-06-2023 17:30,31.9,48,0
15-06-2023 17:45,31.5,50,0
15-06-2023 18:00,31.1,51,0
15-06-2023 18:15,30.9,52,0
15-06-2023 18:30,30.5,54,0
15-06-2023 18:45,30.1,55,0
15-06-2023 19:00,29.8,57,0
15-06-2023 19:15,29.3,58,0
15-06-2023 19:30,28.9,60,0
15-06-2023 19:45,28.6,62,0
15-06-2023 20:00,28.4,63,0
15-06-2023 20:15,28.2,64,0
15-06-2023 20:30,28.1,64,0
15-06-2023 20:45,28,65,0
15-06-2023 21:00,27.9,66,0
15-06-2023 21:15,27.7,67,0
15-06-2023 21:30,27.5,67,0
15-06-2023 21:45,27.4,67,0
15-06-2023 22:00,27.3,67,0
15-06-2023 22:15,27.2,68,0
15-06-2023 22:30,27,68,0
15-06-2023 22:45,27,68,0
15-06-2023 23:00,26.9,69,0
15-06-2023 23:15,26.8,69,0
15-06-2023 23:30,26.7,70,0
15-06-2023 23:45,26.6,70,0
16-06-2023 00:00,26.6,71,0
16-06-2023 00:15,26.5,71,0
16-06-2023 00:30,26.4,71,0
16-06-2023 00:45,26.2,71,0
16-06-2023 01:00,26.2,72,0
16-06-2023 01:15,26.1,72,0
16-06-2023 01:30,25.8,73,0
16-06-2023 01:45,25.6,74,0
16-06-2023 02:00,25.3,75,0
16-06-2023 02:15,25.2,75,0
16-06-2023 02:30,25.2,77,0
16-06-2023 02:45,25.2,78,0
16-06-2023 03:00,24.7,77,0
16-06-2023 03:15,24.7,81,0
16-06-2023 03:30,24.8,81,0
16-06-2023 03:45,24.7,80,0
16-06-2023 04:00,24.7,80,0
16-06-2023 04:15,24.6,80,0
16-06-2023 04:30,24.6,80,0
16-06-2023 04:45,25,78,0
16-06-2023 05:00,25.5,76,0
16-06-2023 05:15,26,74,0
16-06-2023 05:30,26,74,0
16-06-2023 05:45,25.9,74,0
16-06-2023 06:00,25.7,75,0
16-06-2023 06:15,25.6,77,0
16-06-2023 06:30,25.9,76,0
16-06-2023 06:45,26.3,75,0
16-06-2023 07:00,26.9,73,0
16-06-2023 07:15,27.6,71,0
16-06-2023 07:30,27.8,70,0
16-06-2023 07:45,28.1,69,0
16-06-2023 08:00,28.3,68,0
16-06-2023 08:15,28.8,67,0
16-06-2023 08:30,28.8,65,0
16-06-2023 09:15,30.2,59,0
16-06-2023 09:30,30.5,59,0
16-06-2023 09:45,30.4,58,0
16-06-2023 10:00,30.1,61,0
16-06-2023 10:15,29.6,62,0
16-06-2023 10:30,30.9,59,0
16-06-2023 10:45,30.9,57,0
16-06-2023 11:00,32,52,0
16-06-2023 11:15,32.1,53,0
16-06-2023 11:30,32.4,52,0
16-06-2023 11:45,31.9,52,0
16-06-2023 12:00,31,57,0
16-06-2023 12:15,32.6,52,0
16-06-2023 12:30,31.9,51,0
16-06-2023 12:45,33.1,49,0
16-06-2023 13:00,32.6,50,0
16-06-2023 13:15,33.1,50,0
16-06-2023 13:30,33.1,47,0
16-06-2023 13:45,32.3,50,0
16-06-2023 14:00,33,49,0
16-06-2023 14:15,33.9,46,0
16-06-2023 14:30,33.7,46,0
16-06-2023 14:45,33.2,48,0
16-06-2023 15:00,33.3,47,0
16-06-2023 15:30,33.1,49,0
16-06-2023 15:45,32.6,51,0
16-06-2023 16:00,31.1,58,0
16-06-2023 16:15,29.6,66,0
16-06-2023 16:30,29.4,66,0
16-06-2023 16:45,29.3,66,0
16-06-2023 17:00,29.2,67,0
16-06-2023 17:15,28.6,68,0
16-06-2023 17:30,28.5,69,0
16-06-2023 17:45,28.4,69,0
16-06-2023 18:00,26.1,86,0
16-06-2023 18:15,26.9,85,0
16-06-2023 18:30,26.8,83,0
16-06-2023 18:45,26.9,79,0
16-06-2023 19:00,27.1,77,0
16-06-2023 19:15,27,78,0
16-06-2023 19:30,26.9,78,0
16-06-2023 19:45,26.9,78,0
16-06-2023 20:00,26.9,78,0
16-06-2023 20:15,26.9,78,0
16-06-2023 20:30,27,76,0
16-06-2023 20:45,27,76,0
16-06-2023 21:00,26.9,77,0
16-06-2023 21:15,26.7,77,0
16-06-2023 21:30,26.7,77,0
16-06-2023 21:45,26.9,77,0
16-06-2023 22:00,26.8,78,0
16-06-2023 22:15,26.8,78,0
16-06-2023 22:30,26.6,80,0
16-06-2023 23:15,26.6,80,0
16-06-2023 23:30,26.6,81,0
16-06-2023 23:45,26.5,81,0
17-06-2023 00:00,26.6,81,0
17-06-2023 00:15,26.7,80,0
17-06-2023 00:30,26.7,81,0
17-06-2023 00:45,26.6,81,0
17-06-2023 01:00,26.5,82,0
17-06-2023 01:15,26.3,82,0
17-06-2023 01:30,26.3,82,0
17-06-2023 01:45,26.4,81,0
17-06-2023 02:00,26.3,82,0
17-06-2023 02:15,26.3,82,0
17-06-2023 02:30,26.2,82,0
17-06-2023 02:45,26.1,82,0
17-06-2023 03:00,26,83,0
17-06-2023 03:15,26,82,0
17-06-2023 03:30,26.1,83,0
17-06-2023 03:45,26.2,82,0
17-06-2023 04:00,26.1,81,0
17-06-2023 04:15,26,82,0
17-06-2023 04:30,25.9,82,0
17-06-2023 04:45,25.9,82,0
17-06-2023 05:00,25.9,82,0
17-06-2023 05:15,25.9,82,0
17-06-2023 05:30,25.9,82,0
17-06-2023 05:45,25.9,82,0
17-06-2023 06:00,25.9,82,0
17-06-2023 06:15,25.9,83,0
17-06-2023 06:30,26,83,0
17-06-2023 06:45,26.2,81,0
17-06-2023 07:00,26.6,79,0
17-06-2023 07:15,26.9,76,0
17-06-2023 07:30,27.3,74,0
17-06-2023 07:45,27.6,73,0
17-06-2023 08:00,28,72,0
17-06-2023 08:15,27.9,71,0
17-06-2023 08:30,28.6,69,0
17-06-2023 08:45,28.9,66,0
17-06-2023 09:00,29.6,64,0
17-06-2023 09:15,29.9,63,0
17-06-2023 09:30,30.2,63,0
17-06-2023 09:45,30.3,62,0
17-06-2023 10:00,30.2,62,0
17-06-2023 10:15,30.7,60,0
17-06-2023 10:30,30.5,62,0
17-06-2023 10:45,30.9,62,0
17-06-2023 11:00,31.2,59,0
17-06-2023 11:15,32.2,55,0
17-06-2023 11:30,32.1,57,0
17-06-2023 11:45,32.7,55,0
17-06-2023 12:00,32.8,55,0
17-06-2023 12:15,32.6,56,0
17-06-2023 12:30,31.9,57,0
17-06-2023 12:45,33.1,54,0
17-06-2023 13:00,33.5,53,0
17-06-2023 13:15,33,54,0
17-06-2023 13:30,32.9,56,0
17-06-2023 13:45,33.6,53,0
17-06-2023 14:00,33.5,53,0
17-06-2023 14:15,33.9,50,0
17-06-2023 14:30,33.8,51,0
17-06-2023 14:45,34.4,48,0
17-06-2023 15:00,33.8,51,0
17-06-2023 15:15,34,47,0
17-06-2023 15:30,33.4,53,0
17-06-2023 15:45,33,52,0
17-06-2023 16:00,33.3,50,0
17-06-2023 16:15,33.3,51,0
17-06-2023 16:30,32,56,0
17-06-2023 16:45,32,56,0
17-06-2023 17:00,31.8,57,0
17-06-2023 17:30,31.2,59,0
17-06-2023 17:45,29.9,62,0
17-06-2023 18:00,29,67,0
17-06-2023 18:15,28,70,0
17-06-2023 18:30,27.2,77,0
17-06-2023 18:45,28,73,0
17-06-2023 19:00,28.1,72,0
17-06-2023 19:15,28.1,72,0
17-06-2023 19:30,27.9,71,0
17-06-2023 19:45,27.8,72,0
17-06-2023 20:00,27.6,71,0
17-06-2023 20:15,27.4,72,0
17-06-2023 20:30,27.2,73,0
17-06-2023 20:45,27,75,0
17-06-2023 21:00,27,75,0
17-06-2023 21:15,27,75,0
17-06-2023 21:30,27,74,0
17-06-2023 21:45,26.9,75,0
17-06-2023 22:00,26.9,74,0
17-06-2023 22:15,26.7,74,0
17-06-2023 22:30,26.7,75,0
17-06-2023 22:45,26.6,76,0
17-06-2023 23:00,26.6,75,0
17-06-2023 23:15,26.5,77,0
17-06-2023 23:30,26.4,77,0
17-06-2023 23:45,26.4,77,0
18-06-2023 00:00,26.3,78,0
18-06-2023 00:15,26.3,79,0
18-06-2023 00:30,26.2,79,0
18-06-2023 00:45,26.2,79,0
18-06-2023 01:00,26.1,79,0
18-06-2023 01:15,26.2,79,0
18-06-2023 01:30,26.2,79,0
18-06-2023 01:45,26.2,79,0
18-06-2023 02:00,26.3,78,0
18-06-2023 02:15,26.4,79,0
18-06-2023 02:30,26.5,77,0
18-06-2023 02:45,26.5,78,0
18-06-2023 03:00,26.4,79,0
18-06-2023 03:15,26.3,80,0
18-06-2023 03:30,26.4,79,0
18-06-2023 03:45,26.3,79,0
18-06-2023 04:00,26.2,80,0
18-06-2023 04:15,26.2,80,0
18-06-2023 04:30,26.2,79,0
18-06-2023 04:45,26.2,78,0
18-06-2023 05:00,26.3,78,0
18-06-2023 05:15,26.3,77,0
18-06-2023 05:30,26.3,78,0
18-06-2023 05:45,26.2,78,0
18-06-2023 06:00,26.1,80,0
18-06-2023 06:15,26.4,77,0
18-06-2023 06:30,26.5,75,0
18-06-2023 06:45,26.6,75,0
18-06-2023 07:00,26.8,74,0
18-06-2023 07:15,27.1,74,0
18-06-2023 07:30,27.3,73,0
18-06-2023 07:45,27.8,72,0
18-06-2023 08:00,28.4,71,0
18-06-2023 08:15,28.6,69,0
18-06-2023 08:30,28.6,68,0
18-06-2023 08:45,29.2,67,0
18-06-2023 09:00,29.5,65,0
18-06-2023 09:15,29.7,65,0
18-06-2023 09:30,30.1,64,0
18-06-2023 09:45,30.5,64,0
18-06-2023 10:00,31.2,61,0
18-06-2023 10:15,30.9,61,0
18-06-2023 10:45,31,62,0
18-06-2023 11:00,31.7,60,0
18-06-2023 11:15,32.3,57,0
18-06-2023 11:30,32.1,56,0
18-06-2023 11:45,32.6,55,0
18-06-2023 12:00,32.3,56,0
18-06-2023 12:15,32.3,56,0
18-06-2023 12:30,32.2,56,0
18-06-2023 12:45,32.9,56,0
18-06-2023 13:00,31.9,53,0
18-06-2023 13:15,33.1,52,0
18-06-2023 13:30,33.5,51,0
18-06-2023 13:45,33,52,0
18-06-2023 14:00,34.1,51,0
18-06-2023 14:15,33.7,51,0
18-06-2023 14:30,33.7,51,0
18-06-2023 14:45,34,50,0
18-06-2023 15:00,33.1,52,0
18-06-2023 15:15,33.2,54,0
18-06-2023 15:30,33.5,52,0
18-06-2023 15:45,33.5,52,0
18-06-2023 16:00,33.3,52,0
18-06-2023 16:15,33,52,0
18-06-2023 16:30,32.6,52,0
18-06-2023 16:45,32.8,53,0
18-06-2023 17:00,32.1,54,0
18-06-2023 17:15,31.6,56,0
18-06-2023 17:30,31.6,56,0
18-06-2023 17:45,31.5,58,0
18-06-2023 18:00,30.8,59,0
18-06-2023 18:15,30.3,61,0
18-06-2023 18:30,29.8,62,0
18-06-2023 18:45,29.6,63,0
18-06-2023 19:00,29.2,65,0
18-06-2023 19:15,28.7,67,0
18-06-2023 19:30,28.5,67,0
18-06-2023 19:45,28.3,68,0
18-06-2023 20:00,28.1,69,0
18-06-2023 20:15,27.8,70,0
18-06-2023 20:30,27.7,70,0
18-06-2023 20:45,27.6,70,0
18-06-2023 21:00,27.4,71,0
18-06-2023 21:15,27.3,71,0
18-06-2023 21:30,27.2,72,0
18-06-2023 21:45,27.1,72,0
18-06-2023 22:00,27,72,0
18-06-2023 22:15,26.8,73,0
18-06-2023 22:30,26.7,73,0
18-06-2023 23:15,26.4,75,0
18-06-2023 23:30,26.3,75,0
18-06-2023 23:45,26.2,76,0
19-06-2023 00:00,26.1,77,0
19-06-2023 00:15,26,77,0
19-06-2023 00:30,25.9,77,0
19-06-2023 00:45,25.9,76,0
19-06-2023 01:00,25.8,76,0
19-06-2023 01:15,25.7,77,0
19-06-2023 01:30,25.7,76,0
19-06-2023 01:45,25.6,77,0
19-06-2023 02:00,25.6,77,0
19-06-2023 02:15,25.4,77,0
19-06-2023 02:30,25.4,78,0
19-06-2023 02:45,25.5,78,0
19-06-2023 03:00,25.6,77,0
19-06-2023 03:15,25.6,77,0
19-06-2023 03:45,25.6,79,0
19-06-2023 04:00,25.6,80,0
19-06-2023 04:15,25.5,80,0
19-06-2023 04:30,25.4,80,0
19-06-2023 04:45,25.3,80,0
19-06-2023 05:00,25.1,82,0
19-06-2023 05:15,25.1,82,0
19-06-2023 05:30,24.9,82,0
19-06-2023 05:45,24.9,82,0
19-06-2023 06:00,24.9,83,0
19-06-2023 06:15,24.9,83,0
19-06-2023 06:30,25.2,83,0
19-06-2023 06:45,25.7,79,0
19-06-2023 07:00,26.2,75,0
19-06-2023 07:15,26.6,73,0
19-06-2023 07:30,26.9,73,0
19-06-2023 07:45,27.2,72,0
19-06-2023 08:00,27.7,71,0
19-06-2023 08:15,28.1,69,0
19-06-2023 08:30,28.2,69,0
19-06-2023 08:45,28.2,67,0
19-06-2023 09:00,28.9,65,0
19-06-2023 09:15,28.9,65,0
19-06-2023 09:30,29.2,65,0
19-06-2023 09:45,29.2,65,0
19-06-2023 10:00,30,62,0
19-06-2023 10:15,30.1,59,0
19-06-2023 10:30,30.5,59,0
19-06-2023 10:45,30.9,59,0
19-06-2023 11:00,31,56,0
19-06-2023 11:15,32,52,0
19-06-2023 11:30,31.9,53,0
19-06-2023 11:45,32.1,54,0
19-06-2023 12:00,32.2,50,0
19-06-2023 12:15,32.8,49,0
19-06-2023 12:30,33,49,0
19-06-2023 12:45,32.6,50,0
19-06-2023 13:00,33.1,49,0
19-06-2023 13:15,33.8,48,0
19-06-2023 13:30,34.1,50,0
19-06-2023 13:45,33.6,49,0
19-06-2023 14:00,34.3,45,0
19-06-2023 14:15,33.9,48,0
19-06-2023 14:30,34.1,45,0
19-06-2023 14:45,33.9,45,0
19-06-2023 15:00,34.5,45,0
19-06-2023 15:15,33.6,47,0
19-06-2023 15:30,33.9,46,0
19-06-2023 15:45,34.5,44,0
19-06-2023 16:00,34,47,0
19-06-2023 16:15,33.9,47,0
19-06-2023 16:30,33.4,48,0
19-06-2023 16:45,33.5,46,0
19-06-2023 17:00,33.7,47,0
19-06-2023 17:15,33.1,49,0
19-06-2023 17:30,32.6,50,0
19-06-2023 17:45,31.9,54,0
19-06-2023 18:00,31.6,54,0
19-06-2023 18:15,31.2,55,0
19-06-2023 18:30,30.7,57,0
19-06-2023 19:15,29.5,62,0
19-06-2023 19:30,29.1,63,0
19-06-2023 19:45,28.8,65,0
19-06-2023 20:00,28.5,66,0
19-06-2023 20:15,28.3,67,0
19-06-2023 20:30,28,68,0
19-06-2023 20:45,27.9,68,0
19-06-2023 21:00,27.6,68,0
19-06-2023 21:15,27.4,69,0
19-06-2023 21:30,27.2,69,0
19-06-2023 21:45,27.1,69,0
19-06-2023 22:00,27,69,0
19-06-2023 22:15,26.8,70,0
19-06-2023 22:30,26.7,70,0
19-06-2023 22:45,26.5,71,0
19-06-2023 23:00,26.4,71,0
19-06-2023 23:15,26.3,72,0
19-06-2023 23:30,26.2,73,0
19-06-2023 23:45,26.1,73,0
20-06-2023 00:00,25.9,74,0
20-06-2023 00:15,25.9,75,0
20-06-2023 00:30,25.9,75,0
20-06-2023 00:45,25.9,76,0
20-06-2023 01:00,26,76,0
20-06-2023 01:15,25.9,75,0
20-06-2023 01:30,25.8,76,0
20-06-2023 01:45,25.7,76,0
20-06-2023 02:00,25.6,77,0
20-06-2023 02:15,25.6,78,0
20-06-2023 02:30,25.5,78,0
20-06-2023 02:45,25.5,79,0
20-06-2023 03:00,25.3,79,0
20-06-2023 03:15,25,81,0
20-06-2023 03:30,24.9,81,0
20-06-2023 03:45,25,81,0
20-06-2023 04:00,25.3,80,0
20-06-2023 04:15,25.3,79,0
20-06-2023 04:30,25,80,0
20-06-2023 04:45,24.8,81,0
20-06-2023 05:00,24.8,81,0
20-06-2023 05:15,24.9,81,0
20-06-2023 05:30,24.8,81,0
20-06-2023 05:45,24.9,82,0
20-06-2023 06:00,24.9,82,0
20-06-2023 06:30,24.6,83,0
20-06-2023 06:45,24.5,83,0
20-06-2023 07:00,24.7,84,0
20-06-2023 07:15,25.2,83,0
20-06-2023 07:30,25.8,80,0
20-06-2023 07:45,26.7,76,0
20-06-2023 08:00,27.1,73,0
20-06-2023 08:15,27.3,71,0
20-06-2023 08:30,27.6,71,0
20-06-2023 08:45,28.4,68,0
20-06-2023 09:00,28.9,65,0
20-06-2023 09:15,29.1,64,0
20-06-2023 09:30,29.6,61,0
20-06-2023 09:45,30.2,60,0
20-06-2023 10:00,30.2,58,0
20-06-2023 10:15,30.4,56,0
20-06-2023 10:30,31,55,0
20-06-2023 10:45,30.9,55,0
20-06-2023 11:00,32.4,51,0
20-06-2023 11:15,31.7,52,0
20-06-2023 11:30,32.2,51,0
20-06-2023 11:45,33.3,47,0
20-06-2023 12:00,33.2,47,0
20-06-2023 12:30,34.2,45,0
20-06-2023 12:45,34,46,0
20-06-2023 13:00,33.7,46,0
20-06-2023 13:15,33.9,47,0
20-06-2023 13:30,34,48,0
20-06-2023 13:45,33.7,51,0
20-06-2023 14:00,33.9,48,0
20-06-2023 14:15,34.2,48,0
20-06-2023 14:30,34.7,43,0
20-06-2023 14:45,34.9,45,0
20-06-2023 15:00,34.9,43,0
20-06-2023 15:15,34.1,46,0
20-06-2023 15:30,34.1,48,0
20-06-2023 15:45,34.9,46,0
20-06-2023 16:00,33.8,47,0
20-06-2023 16:15,34,48,0
20-06-2023 16:45,33.8,50,0
20-06-2023 17:00,33.6,49,0
20-06-2023 17:15,33.2,52,0
20-06-2023 17:30,32.6,53,0
20-06-2023 17:45,32.1,55,0
20-06-2023 18:00,31.5,57,0
20-06-2023 18:15,31.4,56,0
20-06-2023 18:30,30.7,60,0
20-06-2023 18:45,30.2,61,0
20-06-2023 19:00,29.8,62,0
20-06-2023 19:15,29.3,64,0
20-06-2023 19:30,29,66,0
20-06-2023 19:45,28.6,68,0
20-06-2023 20:00,28.5,68,0
20-06-2023 20:15,28.3,69,0
20-06-2023 20:30,28.1,70,0
20-06-2023 20:45,27.9,71,0
20-06-2023 21:00,27.7,71,0
20-06-2023 21:15,27.6,72,0
20-06-2023 21:30,27.5,72,0
20-06-2023 21:45,27.3,73,0
20-06-2023 22:00,27.2,73,0
20-06-2023 22:15,27.1,73,0
20-06-2023 22:30,27,73,0
20-06-2023 22:45,27,73,0
20-06-2023 23:00,26.7,73,0
20-06-2023 23:15,26.6,73,0
20-06-2023 23:30,26.5,73,0
20-06-2023 23:45,26.5,74,0
21-06-2023 00:00,26.3,75,0
21-06-2023 00:15,26.1,76,0
21-06-2023 00:30,26.1,76,0
21-06-2023 00:45,26.2,76,0
21-06-2023 01:00,26.3,77,0
21-06-2023 01:15,26.4,76,0
21-06-2023 01:30,26.5,77,0
21-06-2023 01:45,26.5,75,0
21-06-2023 02:00,26.4,75,0
21-06-2023 02:15,26.3,75,0
21-06-2023 02:30,26.2,77,0
21-06-2023 02:45,26.2,77,0
21-06-2023 03:00,26.1,77,0
21-06-2023 03:15,26,76,0
21-06-2023 03:30,25.9,76,0
21-06-2023 03:45,25.9,76,0
21-06-2023 04:00,25.9,77,0
21-06-2023 04:15,25.8,77,0
21-06-2023 04:30,25.8,78,0
21-06-2023 04:45,25.8,77,0
21-06-2023 05:00,25.7,77,0
21-06-2023 05:15,25.7,76,0
21-06-2023 05:30,25.6,76,0
21-06-2023 05:45,25.6,77,0
21-06-2023 06:00,25.5,78,0
21-06-2023 06:15,25.5,79,0
21-06-2023 06:30,25.5,79,0
21-06-2023 06:45,25.7,78,0
21-06-2023 07:00,25.9,77,0
21-06-2023 07:15,26.2,76,0
21-06-2023 07:30,26.6,75,0
21-06-2023 07:45,27.1,74,0
21-06-2023 08:00,27.5,71,0
21-06-2023 08:15,28.1,70,0
21-06-2023 08:30,28.5,68,0
21-06-2023 08:45,29.1,67,0
21-06-2023 09:00,29.1,64,0
21-06-2023 09:15,29.5,62,0
21-06-2023 09:30,29.5,62,0
21-06-2023 09:45,30.4,60,0
21-06-2023 10:00,30.5,59,0
21-06-2023 10:15,30.7,56,0
21-06-2023 10:30,31.4,54,0
21-06-2023 10:45,31.5,54,0
21-06-2023 11:00,31.7,54,0
21-06-2023 11:15,31.5,55,0
21-06-2023 11:30,32.4,54,0
21-06-2023 11:45,32.8,50,0
21-06-2023 12:00,32.2,53,0
21-06-2023 12:15,32.5,51,0
21-06-2023 12:30,32.4,55,0
21-06-2023 12:45,32.5,53,0
21-06-2023 13:00,33.4,47,0
21-06-2023 13:15,33.4,47,0
21-06-2023 13:30,34,48,0
21-06-2023 13:45,34.7,45,0
21-06-2023 14:00,34.3,45,0
21-06-2023 14:15,33.9,47,0
21-06-2023 14:30,34.3,45,0
21-06-2023 14:45,34.9,44,0
21-06-2023 15:00,33.9,46,0
21-06-2023 15:15,34.1,48,0
21-06-2023 15:30,34.7,47,0
21-06-2023 15:45,34.4,46,0
21-06-2023 16:00,34.2,48,0
21-06-2023 16:15,34.5,46,0
21-06-2023 16:30,34.1,48,0
21-06-2023 16:45,34.2,46,0
21-06-2023 17:00,33.4,48,0
21-06-2023 17:15,33.7,48,0
21-06-2023 17:30,33,50,0
21-06-2023 17:45,32.7,50,0
21-06-2023 18:00,32.2,52,0
21-06-2023 18:15,31.7,53,0
21-06-2023 18:30,31.2,54,0
21-06-2023 18:45,30.7,57,0
21-06-2023 19:00,30.2,59,0
21-06-2023 19:15,29.8,61,0
21-06-2023 19:30,29.4,63,0
21-06-2023 19:45,29.2,64,0
21-06-2023 20:00,28.9,65,0
21-06-2023 20:15,28.6,65,0
21-06-2023 20:30,28.4,67,0
21-06-2023 20:45,28.1,67,0
21-06-2023 21:00,28,68,0
21-06-2023 21:15,27.7,68,0
21-06-2023 21:30,27.7,69,0
21-06-2023 21:45,27.5,70,0
21-06-2023 22:00,27.3,71,0
21-06-2023 22:15,27.3,72,0
21-06-2023 22:30,27.2,72,0
21-06-2023 22:45,27.2,73,0
21-06-2023 23:00,27.2,73,0
21-06-2023 23:15,27.1,73,0
21-06-2023 23:30,26.9,74,0
21-06-2023 23:45,26.9,74,0
22-06-2023 00:00,26.9,74,0
22-06-2023 00:15,26.8,74,0
22-06-2023 00:30,26.7,74,0
22-06-2023 00:45,26.6,74,0
22-06-2023 01:00,26.7,74,0
22-06-2023 01:15,26.7,74,0
22-06-2023 01:30,26.4,76,0
22-06-2023 01:45,26.4,74,0
22-06-2023 02:00,26.4,75,0
22-06-2023 02:15,26.3,76,0
22-06-2023 02:30,26.2,77,0
22-06-2023 02:45,26.2,74,0
22-06-2023 03:00,26,75,0
22-06-2023 03:15,25.9,76,0
22-06-2023 03:30,25.7,78,0
22-06-2023 03:45,25.6,79,0
22-06-2023 04:00,25.6,80,0
22-06-2023 04:15,25.5,79,0
22-06-2023 04:45,25.5,79,0
22-06-2023 05:00,25.7,78,0
22-06-2023 05:15,25.8,77,0
22-06-2023 05:30,25.7,77,0
22-06-2023 05:45,25.7,78,0
22-06-2023 06:00,25.6,78,0
22-06-2023 06:15,25.4,78,0
22-06-2023 06:30,25.4,79,0
22-06-2023 06:45,25.5,79,0
22-06-2023 07:00,25.9,77,0
22-06-2023 07:15,26.1,76,0
22-06-2023 07:30,26.6,74,0
22-06-2023 07:45,27,73,0
22-06-2023 08:00,27.5,70,0
22-06-2023 08:15,27.6,70,0
22-06-2023 08:30,28.6,67,0
22-06-2023 08:45,28.6,66,0
22-06-2023 09:00,29.3,63,0
22-06-2023 09:15,29.8,62,0
22-06-2023 09:30,30,60,0
22-06-2023 09:45,30.3,58,0
22-06-2023 10:00,30.7,56,0
22-06-2023 10:15,31.4,54,0
22-06-2023 10:30,31.7,52,0
22-06-2023 10:45,32.2,50,0
22-06-2023 11:00,32.3,50,0
22-06-2023 11:15,32.2,51,0
22-06-2023 11:30,33.1,47,0
22-06-2023 11:45,33.1,47,0
22-06-2023 12:00,33.4,43,0
22-06-2023 12:15,33.9,45,0
22-06-2023 12:30,34.1,44,0
22-06-2023 12:45,34.2,45,0
22-06-2023 13:00,34,45,0
22-06-2023 13:15,34.1,44,0
22-06-2023 13:30,34.6,44,0
22-06-2023 13:45,34.5,43,0
22-06-2023 14:00,34.3,46,0
22-06-2023 14:15,34.8,41,0
22-06-2023 14:30,34.7,42,0
22-06-2023 14:45,35.2,40,0
22-06-2023 15:00,35.4,44,0
22-06-2023 15:15,35.3,43,0
22-06-2023 15:45,33.9,47,0
22-06-2023 16:00,33.5,48,0
22-06-2023 16:15,34.6,46,0
22-06-2023 16:30,34.2,48,0
22-06-2023 16:45,33.5,49,0
22-06-2023 17:00,33.1,50,0
22-06-2023 17:15,33.1,50,0
22-06-2023 17:30,33.3,50,0
22-06-2023 17:45,32.6,52,0
22-06-2023 18:00,31.9,51,0
22-06-2023 18:15,31.9,51,0
22-06-2023 18:30,31.3,52,0
22-06-2023 18:45,30.9,54,0
22-06-2023 19:00,30.4,55,0
22-06-2023 19:15,30.2,56,0
22-06-2023 19:30,29.7,57,0
22-06-2023 19:45,29.6,59,0
22-06-2023 20:00,29.4,59,0
22-06-2023 20:15,29.2,62,0
22-06-2023 20:30,28.9,64,0
22-06-2023 20:45,28.7,64,0
22-06-2023 21:00,28.5,65,0
22-06-2023 21:15,28.2,64,0
22-06-2023 21:30,28.1,66,0
22-06-2023 21:45,28,66,0
22-06-2023 22:00,27.8,67,0
22-06-2023 22:15,27.6,68,0
22-06-2023 22:30,27.5,69,0
22-06-2023 22:45,27.3,70,0
22-06-2023 23:00,27.2,71,0
22-06-2023 23:15,27,72,0
22-06-2023 23:45,26.7,74,0
23-06-2023 00:00,26.5,76,0
23-06-2023 00:15,26.4,76,0
23-06-2023 00:30,26.3,75,0
23-06-2023 00:45,26.2,75,0
23-06-2023 01:00,26.1,75,0
23-06-2023 01:15,26.1,75,0
23-06-2023 01:30,26.1,76,0
23-06-2023 01:45,26,76,0
23-06-2023 02:00,25.9,77,0
23-06-2023 02:15,25.9,77,0
23-06-2023 02:30,25.9,77,0
23-06-2023 02:45,25.9,77,0
23-06-2023 03:00,25.9,77,0
23-06-2023 03:15,25.9,77,0
23-06-2023 03:30,25.8,78,0
23-06-2023 03:45,25.8,78,0
23-06-2023 04:00,25.7,78,0
23-06-2023 04:15,25.7,78,0
23-06-2023 04:30,25.6,78,0
23-06-2023 04:45,25.4,79,0
23-06-2023 05:00,25.2,81,0
23-06-2023 05:15,25,81,0
23-06-2023 05:30,24.8,82,0
23-06-2023 05:45,24.5,84,0
23-06-2023 06:00,24.3,86,0
23-06-2023 06:15,24.1,86,0
23-06-2023 06:30,24,86,0
23-06-2023 06:45,24.7,86,0
23-06-2023 07:00,25.8,83,0
23-06-2023 07:15,26.3,80,0
23-06-2023 07:30,26.8,76,0
23-06-2023 07:45,27.2,74,0
23-06-2023 08:00,27.8,72,0
23-06-2023 08:15,28.4,69,0
23-06-2023 08:30,29,67,0
23-06-2023 08:45,29.3,66,0
23-06-2023 09:00,29.4,64,0
23-06-2023 09:15,30.1,64,0
23-06-2023 09:45,31.1,60,0
23-06-2023 10:00,30.8,59,0
23-06-2023 10:15,31.2,59,0
23-06-2023 10:30,31.2,58,0
23-06-2023 10:45,32.7,55,0
23-06-2023 11:00,32.1,54,0
23-06-2023 11:15,33.1,54,0
23-06-2023 11:30,33,53,0
23-06-2023 11:45,33.2,52,0
23-06-2023 12:00,34.2,48,0
23-06-2023 12:15,34.7,43,0
23-06-2023 12:30,34.8,44,0
23-06-2023 12:45,34.2,44,0
23-06-2023 13:00,34.9,44,0
23-06-2023 13:15,35.4,42,0
23-06-2023 13:30,35.3,46,0
23-06-2023 13:45,34.5,49,0
23-06-2023 14:00,35,49,0
23-06-2023 14:15,34.1,50,0
23-06-2023 14:30,34.3,50,0
23-06-2023 14:45,34.4,46,0
23-06-2023 15:00,34.5,45,0
23-06-2023 15:15,34.7,46,0
23-06-2023 15:30,33.2,52,0
23-06-2023 15:45,32.5,55,0
23-06-2023 16:00,32.8,54,0
23-06-2023 16:15,32.6,54,0
23-06-2023 16:30,32.8,54,0
23-06-2023 16:45,32,55,0
23-06-2023 17:00,32.6,56,0
23-06-2023 17:15,33.1,54,0
23-06-2023 17:30,32.5,55,0
23-06-2023 17:45,31.8,56,0
23-06-2023 18:00,31.8,58,0
23-06-2023 18:15,31.1,59,0
23-06-2023 18:30,30.5,61,0
23-06-2023 18:45,30.2,61,0
23-06-2023 19:00,29.8,63,0
23-06-2023 19:15,29.6,63,0
23-06-2023 19:30,29.3,65,0
23-06-2023 19:45,29.1,66,0
23-06-2023 20:00,29,66,0
23-06-2023 20:15,28.9,67,0
23-06-2023 20:30,28.6,67,0
23-06-2023 20:45,28.4,68,0
23-06-2023 21:00,28.2,69,0
23-06-2023 21:15,28.1,70,0
23-06-2023 21:30,28,70,0
23-06-2023 21:45,27.9,70,0
23-06-2023 22:00,27.8,71,0
23-06-2023 22:15,27.6,72,0
23-06-2023 22:30,27.5,72,0
23-06-2023 22:45,27.5,72,0
23-06-2023 23:00,27.2,73,0
23-06-2023 23:15,27.1,74,0
23-06-2023 23:30,27,73,0
23-06-2023 23:45,26.9,74,0
24-06-2023 00:00,26.8,74,0
24-06-2023 00:15,26.8,74,0
24-06-2023 00:30,26.8,73,0
24-06-2023 00:45,26.6,74,0
24-06-2023 01:00,26.7,74,0
24-06-2023 01:15,26.6,74,0
24-06-2023 01:30,26.6,74,0
24-06-2023 01:45,26.4,76,0
24-06-2023 02:00,26,80,0
24-06-2023 02:15,25.7,83,0
24-06-2023 02:30,25.6,84,0
24-06-2023 02:45,25.6,83,0
24-06-2023 03:00,25.5,84,0
24-06-2023 03:15,25.5,83,0
24-06-2023 03:30,25.6,83,0
24-06-2023 03:45,25.7,82,0
24-06-2023 04:00,25.8,80,0
24-06-2023 04:15,25.7,81,0
24-06-2023 04:30,25.9,80,0
24-06-2023 04:45,26.1,79,0
24-06-2023 05:00,26.2,79,0
24-06-2023 05:15,26.3,78,0
24-06-2023 05:30,26.2,79,0
24-06-2023 05:45,26,81,0
24-06-2023 06:00,25.9,81,0
24-06-2023 06:15,25.8,82,0
24-06-2023 06:30,26,81,0
24-06-2023 06:45,26.3,79,0
24-06-2023 07:00,26.5,78,0
24-06-2023 07:15,26.8,76,0
24-06-2023 07:30,27.6,74,0
24-06-2023 07:45,27.6,73,0
24-06-2023 08:00,27.5,73,0
24-06-2023 08:15,27.8,73,0
24-06-2023 08:30,28.2,71,0
24-06-2023 08:45,28.9,69,0
24-06-2023 09:00,29.2,68,0
24-06-2023 09:15,29,69,0
24-06-2023 09:30,29.2,68,0
24-06-2023 09:45,29.2,68,0
24-06-2023 10:00,30.4,65,0
24-06-2023 10:15,31,63,0
24-06-2023 10:30,30.5,64,0
24-06-2023 10:45,30.6,64,0
24-06-2023 11:00,30.7,64,0
24-06-2023 11:15,30.7,63,0
24-06-2023 11:30,30.4,65,0
24-06-2023 11:45,29.8,67,0
24-06-2023 12:00,29.4,69,0
24-06-2023 12:15,30.2,67,0
24-06-2023 12:30,30.3,66,0
24-06-2023 12:45,31.4,65,0
24-06-2023 13:00,32.1,57,0
24-06-2023 13:15,32.6,55,0
24-06-2023 13:30,32.9,55,0
24-06-2023 13:45,31.4,66,0
24-06-2023 14:00,31.2,63,0
24-06-2023 14:15,31.6,64,0
24-06-2023 14:30,30.4,67,0
24-06-2023 14:45,30.6,64,0
24-06-2023 15:00,30.7,64,0
24-06-2023 15:15,30.3,65,0
24-06-2023 15:30,30,65,0
24-06-2023 15:45,29.8,66,0
24-06-2023 16:00,29.7,66,0
24-06-2023 16:15,30,66,0
24-06-2023 16:30,29.6,66,0
24-06-2023 16:45,29.6,67,0
24-06-2023 17:00,29.4,64,0
24-06-2023 17:15,29.6,64,0
24-06-2023 17:30,29,66,0
24-06-2023 17:45,28.9,66,0
24-06-2023 18:00,28.7,66,0
24-06-2023 18:15,28.4,67,0
24-06-2023 18:30,28.2,67,0
24-06-2023 18:45,27.2,72,0
24-06-2023 19:00,26.1,81,0
24-06-2023 19:15,25.6,86,0
24-06-2023 19:30,25.9,85,0
24-06-2023 19:45,26,82,0
24-06-2023 20:00,25.9,81,0
24-06-2023 20:15,25.9,83,0
24-06-2023 20:30,25.7,83,0
24-06-2023 20:45,24.9,87,0
24-06-2023 21:00,24.2,91,0.5
24-06-2023 21:15,24,91,1
24-06-2023 21:30,24,91,1
24-06-2023 21:45,24,91,1
24-06-2023 22:00,24.1,90,1
24-06-2023 22:15,24,90,1
24-06-2023 22:30,23.9,90,1
24-06-2023 22:45,24.1,89,1
24-06-2023 23:00,24.1,88,1
24-06-2023 23:15,24.2,88,1
24-06-2023 23:30,24.2,88,1.5
24-06-2023 23:45,24.2,88,1.5
25-06-2023 00:00,24.3,87.4,1.5
25-06-2023 00:15,24.3,88,1.5
25-06-2023 00:30,24.2,88.1,1.5
25-06-2023 00:45,24.2,88.6,1.5
25-06-2023 01:00,24.3,89.2,1.5
25-06-2023 01:15,24.2,89.3,1.5
25-06-2023 01:30,24.2,89.4,1.5
25-06-2023 01:45,23.7,89.9,1.5
25-06-2023 02:00,23.6,90.3,1.5
25-06-2023 02:15,23.7,90.3,1.5
25-06-2023 02:30,23.7,90.7,1.5
25-06-2023 02:45,23.7,90.5,1.5
25-06-2023 03:00,23.8,90.8,1.5
25-06-2023 03:15,23.8,91.2,1.5
25-06-2023 03:30,23.9,90.8,1.5
25-06-2023 03:45,23.9,85.7,1.5
25-06-2023 04:00,24,86.8,1.5
25-06-2023 04:15,23.9,87.5,1.5
25-06-2023 04:30,23.8,88,1.5
25-06-2023 04:45,23.7,88.2,1.5
25-06-2023 05:00,23.7,86.3,1.5
25-06-2023 05:15,23.9,85.6,1.5
25-06-2023 05:30,23.8,86.6,1.5
25-06-2023 05:45,23.7,87.4,1.5
25-06-2023 06:00,23.3,87.7,1.5
25-06-2023 06:30,23.5,87.7,1.5
25-06-2023 06:45,24.3,84.8,1.5
25-06-2023 07:00,24.6,81.8,1.5
25-06-2023 07:15,24.3,81,1.5
25-06-2023 07:30,23.5,85.7,1.5
25-06-2023 07:45,24,89.3,1.5
25-06-2023 08:00,24.6,88.3,1.5
25-06-2023 08:15,24.9,86.2,1.5
25-06-2023 08:30,24.7,84.6,2
25-06-2023 08:45,25.1,86.8,0
25-06-2023 09:00,26.1,82.1,0
25-06-2023 09:15,26.4,81.9,0
25-06-2023 09:30,26.8,79.1,0
25-06-2023 09:45,27.2,76.5,0
25-06-2023 10:00,27.8,78.6,0
25-06-2023 10:15,27.3,75.3,0
25-06-2023 10:30,27.4,75.6,0
25-06-2023 10:45,26.5,76.7,0
25-06-2023 11:00,25.5,82.4,0
25-06-2023 11:15,24.7,86,1
25-06-2023 11:30,25.3,88.6,1
25-06-2023 11:45,25.8,86.5,1
25-06-2023 12:00,25,86.8,1
25-06-2023 12:15,24.3,90.4,2.5
25-06-2023 12:30,24.3,88.8,3
25-06-2023 12:45,24.7,89.8,3
25-06-2023 13:00,25,88.2,3.5
25-06-2023 13:15,24.9,88.2,3.5
25-06-2023 13:30,25,87,4
25-06-2023 13:45,24.9,87.1,4.5
25-06-2023 14:00,25.2,88.1,5
25-06-2023 14:15,25.6,88.4,5
25-06-2023 14:30,26,85.9,5.5
25-06-2023 14:45,26.8,83.5,5.5
25-06-2023 15:00,27.1,80.9,5.5
25-06-2023 15:15,27.4,79.4,5.5
25-06-2023 15:30,27.1,80.1,5.5
25-06-2023 15:45,27.4,79,5.5
25-06-2023 16:00,27.5,77.3,5.5
25-06-2023 16:15,27.4,79.3,5.5
25-06-2023 16:30,27.4,76.6,5.5
26-06-2023 16:45,26.9,76.5,5.5
25-06-2023 17:00,26.6,75.2,5.5
25-06-2023 17:15,26.9,76,5.5
25-06-2023 17:30,26.6,83,5.5
25-06-2023 17:45,26.5,84.3,5.5
25-06-2023 18:00,26.6,84.4,5.5
25-06-2023 18:15,26.5,82.2,5.5
25-06-2023 18:30,26.4,80.6,5.5
25-06-2023 19:15,26,82,5.5
25-06-2023 19:30,24.5,82.5,5.5
25-06-2023 19:45,23.5,85.3,5.5
25-06-2023 20:00,24,85.8,5.5
25-06-2023 20:15,24.1,86,5.5
25-06-2023 20:30,24.1,86.9,5.5
25-06-2023 20:45,24,87.9,5.5
25-06-2023 21:00,24.1,87.8,5.5
25-06-2023 21:15,24.1,86,5.5
25-06-2023 21:30,24.1,88.4,5.5
25-06-2023 21:45,24.1,88.7,5.5
25-06-2023 22:00,24.1,89.3,5.5
25-06-2023 22:15,24.2,89.1,5.5
25-06-2023 22:30,24.2,88.9,5.5
25-06-2023 22:45,24.3,89,5.5
25-06-2023 23:00,24.3,89.3,5.5
25-06-2023 23:15,24.4,89.1,5.5
25-06-2023 23:30,24,89.5,6
25-06-2023 23:45,24,89.6,6
26-06-2023 00:00,24.2,86.4,6
26-06-2023 00:15,24.3,86.7,6
26-06-2023 00:30,24.3,85.4,6
26-06-2023 00:45,24.5,85,6
26-06-2023 01:00,24.4,84.8,6
26-06-2023 01:15,24.4,85.5,6
26-06-2023 01:30,24.3,86,6
26-06-2023 01:45,24.3,86.3,6
26-06-2023 02:00,24.3,85.8,6
26-06-2023 02:15,24.4,85.3,6
26-06-2023 02:30,24.2,86.2,6
26-06-2023 02:45,24.1,87,6
26-06-2023 03:00,24,86.7,6
26-06-2023 03:15,23.6,89.6,6
26-06-2023 03:30,23.4,90.4,6
26-06-2023 03:45,23.4,90.6,6
26-06-2023 04:00,23.5,90.8,6
26-06-2023 04:15,23.6,92,6
26-06-2023 04:30,23.7,91.2,6
26-06-2023 04:45,23.8,91.6,6
26-06-2023 05:00,24,91.6,6
26-06-2023 05:30,24.2,85.4,6
26-06-2023 05:45,24.2,86.4,6
26-06-2023 06:00,24.1,88.5,6.5
26-06-2023 06:15,24,89.9,7.5
26-06-2023 06:30,24,90.6,7.5
26-06-2023 06:45,24.1,91.5,7.5
26-06-2023 07:00,24.2,91.7,7.5
26-06-2023 07:15,24.5,90.8,7.5
26-06-2023 07:30,24.8,88.9,7.5
26-06-2023 07:45,25.1,87.9,7.5
26-06-2023 08:00,25.4,87.9,7.5
26-06-2023 08:15,25.5,86.4,7.5
26-06-2023 08:30,26,86.2,7.5
26-06-2023 08:45,26.2,85,0
26-06-2023 09:00,26.4,83,0
26-06-2023 09:15,26.4,81.6,0
26-06-2023 09:45,25.2,82.4,0
26-06-2023 10:00,25.8,85.1,0
26-06-2023 10:15,26.1,85,0
26-06-2023 10:30,26.7,84.4,0
26-06-2023 10:45,27.1,80.9,0
26-06-2023 11:00,27.3,79,0
26-06-2023 11:15,27.3,79.3,0
26-06-2023 11:30,27.3,79.5,0
26-06-2023 11:45,27.6,78.4,0
26-06-2023 12:00,27.4,75.1,0
26-06-2023 12:15,27.7,76.7,0
26-06-2023 12:30,27.9,75,0
26-06-2023 12:45,27.9,74.1,0
26-06-2023 13:00,27.9,74.5,0
26-06-2023 13:15,28,75,0
26-06-2023 13:30,28.1,74.6,0
26-06-2023 13:45,28.2,74.1,0
26-06-2023 14:00,28.3,73.8,0
26-06-2023 14:15,27.7,75.1,0
26-06-2023 14:30,28,75.3,0
26-06-2023 15:00,28.1,73.6,0
26-06-2023 15:15,28.1,73.4,0
26-06-2023 15:30,27.9,75.5,0
26-06-2023 15:45,26.8,75.3,0
26-06-2023 16:00,27.4,79.2,0
26-06-2023 16:15,27.5,75.8,0
26-06-2023 16:30,27,75.8,0
26-06-2023 16:45,26.9,78.2,0
26-06-2023 17:00,27,78.2,0
26-06-2023 17:15,25.9,78.1,0
26-06-2023 17:30,25.2,83.2,0
26-06-2023 17:45,25.8,82.9,0
26-06-2023 18:00,26,81.3,0
26-06-2023 18:30,26,79.5,0
26-06-2023 18:45,25.9,80.7,0
26-06-2023 19:00,25.3,81.7,0
26-06-2023 19:15,24.2,86.2,2
26-06-2023 19:30,24.2,90.8,2
26-06-2023 19:45,24.2,89.5,2
26-06-2023 20:00,24.2,89.4,2
26-06-2023 20:15,24.2,89,2
26-06-2023 20:30,24.1,89.9,2
26-06-2023 20:45,24.2,90,2
26-06-2023 21:00,24.1,90.4,2
26-06-2023 21:15,24.2,91.1,2
26-06-2023 21:30,24.5,90.5,2.5
26-06-2023 21:45,24.4,90.3,2.5
26-06-2023 22:00,24.4,91.1,3
26-06-2023 22:15,24.2,91.5,4
26-06-2023 22:30,23.9,92.2,6
26-06-2023 22:45,23.8,92.5,9
26-06-2023 23:00,23.7,93.1,11
26-06-2023 23:15,23.7,93.8,11
26-06-2023 23:30,23.9,93.8,11
26-06-2023 23:45,23.9,93.9,11
27-06-2023 00:00,23.9,94,11
27-06-2023 00:15,23.8,93.8,11.5
27-06-2023 00:30,23.4,94,14.5
27-06-2023 00:45,23.1,94.3,16
27-06-2023 01:00,23.1,94.2,16.5
27-06-2023 01:15,23.2,94.2,16.5
27-06-2023 01:30,23.5,94.2,16.5
27-06-2023 01:45,23.7,93.5,16.5
27-06-2023 02:00,23.7,92,16.5
27-06-2023 02:15,23.7,91.9,16.5
27-06-2023 02:30,23.7,92.3,16.5
27-06-2023 02:45,23.7,92.8,16.5
27-06-2023 03:00,23.8,92.8,16.5
27-06-2023 03:15,23.6,93,17
27-06-2023 03:30,23.7,88.3,17.5
27-06-2023 03:45,23.4,87.5,17.5
27-06-2023 04:00,23.3,88.7,18
27-06-2023 04:15,23.3,90.5,18.5
27-06-2023 04:30,23.3,90.8,18.5
27-06-2023 04:45,23.3,91.2,18.5
27-06-2023 05:00,23.3,91.4,18.5
27-06-2023 05:15,23.3,90.5,18.5
27-06-2023 05:30,22.8,88.8,19
27-06-2023 05:45,22.8,91.2,19.5
27-06-2023 06:00,22.9,92.1,19.5
27-06-2023 06:15,23.1,92.7,20
27-06-2023 06:30,23.1,91,20
27-06-2023 06:45,23.4,88,20
27-06-2023 07:00,23.3,87.4,20
27-06-2023 07:15,23.4,89.6,20.5
27-06-2023 07:30,24,89.3,20.5
27-06-2023 07:45,24.2,88.2,20.5
27-06-2023 08:00,24.7,88,20.5
27-06-2023 08:15,25.1,87.3,20.5
27-06-2023 08:30,25.8,86.3,20.5
27-06-2023 08:45,26.1,83.4,0
27-06-2023 09:00,26.6,81,0
27-06-2023 09:15,26.6,79.8,0
27-06-2023 09:30,26.8,80.5,0
27-06-2023 10:15,26.9,78.9,0
27-06-2023 10:30,27.3,77.5,0
27-06-2023 10:45,28,76,0
27-06-2023 11:00,28.1,74.1,0
27-06-2023 11:15,27.8,75.3,0
27-06-2023 11:30,25.1,80.7,0.5
27-06-2023 11:45,25.8,87.1,0.5
27-06-2023 12:00,27.2,84.2,0.5
27-06-2023 12:15,28,79.9,0.5
27-06-2023 12:30,28,76,0.5
27-06-2023 12:45,28.3,72.8,0.5
27-06-2023 13:00,28.3,74.6,0.5
27-06-2023 13:15,28.2,74.1,0.5
27-06-2023 13:30,29,75.8,0.5
27-06-2023 13:45,28.3,69.7,0.5
27-06-2023 14:00,27.3,73.3,0.5
27-06-2023 14:15,27.6,75.8,0.5
27-06-2023 14:30,26.9,75.1,0.5
27-06-2023 14:45,26.9,77.4,0.5
27-06-2023 15:00,27.4,76,0.5
27-06-2023 15:15,27.1,73.6,0.5
27-06-2023 15:30,27,75.9,0.5
27-06-2023 15:45,27,76,0.5
27-06-2023 16:00,27.2,75.3,0.5
27-06-2023 16:15,27,75.6,0.5
27-06-2023 16:30,25.5,79,0.5
27-06-2023 16:45,24.8,83.2,0.5
27-06-2023 17:00,25.3,84.9,0.5
27-06-2023 17:15,25.5,84.4,0.5
27-06-2023 17:45,25.9,82.6,0.5
27-06-2023 18:00,25.8,82.5,0.5
27-06-2023 18:15,25.9,82.5,0.5
27-06-2023 18:30,25.8,82.6,0.5
27-06-2023 18:45,25.6,81.3,0.5
27-06-2023 19:00,24.9,80.8,0.5
27-06-2023 19:15,24.6,82.4,0.5
27-06-2023 19:30,24.6,83.8,0.5
27-06-2023 19:45,24.6,83.4,0.5
27-06-2023 20:00,24.7,84,0.5
27-06-2023 20:15,24.6,83.9,0.5
27-06-2023 20:30,24.8,84,0.5
27-06-2023 20:45,24.8,83.6,0.5
27-06-2023 21:00,24.8,84.4,0.5
27-06-2023 21:15,24.8,84.7,0.5
27-06-2023 21:30,24.8,84.8,0.5
27-06-2023 21:45,24.8,85.6,0.5
27-06-2023 22:00,24.8,86.1,0.5
27-06-2023 22:15,25,86.7,0.5
27-06-2023 22:30,25.2,85.3,0.5
27-06-2023 22:45,25,83.3,0.5
27-06-2023 23:00,25.1,84.4,0.5
27-06-2023 23:15,25,84.7,0.5
27-06-2023 23:30,25,84.8,0.5
27-06-2023 23:45,25,85.2,0.5
28-06-2023 00:00,25,84.7,0.5
28-06-2023 00:15,25,84.4,0.5
28-06-2023 00:30,25,84.6,0.5
28-06-2023 00:45,25,85.1,0.5
28-06-2023 01:00,25,85.1,0.5
28-06-2023 01:15,25,85.4,0.5
28-06-2023 01:30,25,85.3,0.5
28-06-2023 01:45,25,85.7,0.5
28-06-2023 02:00,25,85.6,0.5
28-06-2023 02:15,25.1,85.6,0.5
28-06-2023 02:30,25.1,85.3,0.5
28-06-2023 02:45,25,85.5,0.5
28-06-2023 03:00,24.9,85.9,0.5
28-06-2023 03:15,25,85.7,0.5
28-06-2023 03:45,25,84.9,0.5
28-06-2023 04:00,25,85.7,0.5
28-06-2023 04:15,24.9,85.9,0.5
28-06-2023 04:30,25,85.9,0.5
28-06-2023 04:45,24.9,85.8,0.5
28-06-2023 05:00,25,85.3,0.5
28-06-2023 05:15,25,84.8,0.5
28-06-2023 05:30,25,84.8,0.5
28-06-2023 05:45,25,85,0.5
28-06-2023 06:00,24.8,85.3,0.5
28-06-2023 06:15,24.7,86.1,0.5
28-06-2023 06:30,24.8,86.3,0.5
28-06-2023 06:45,24.9,86.4,0.5
28-06-2023 07:00,25.2,86,0.5
28-06-2023 07:15,25.2,85.9,0.5
28-06-2023 07:30,25.3,86.7,0.5
28-06-2023 07:45,25.5,87.1,0.5
28-06-2023 08:00,25.9,86.3,0.5
28-06-2023 08:15,26,83.3,0.5
28-06-2023 08:30,26.1,83.7,0.5
28-06-2023 08:45,26.1,83,0
28-06-2023 09:00,25.1,83.9,0
28-06-2023 09:15,25.1,88.8,0
28-06-2023 09:30,25.9,88,0
28-06-2023 09:45,26.4,84.2,0
28-06-2023 10:00,26.7,82.4,0
28-06-2023 10:15,26.9,81.3,0
28-06-2023 10:30,27.1,78.8,0
28-06-2023 10:45,27.4,78.3,0
28-06-2023 11:00,27.4,78.5,0
28-06-2023 11:15,27.5,77.5,0
28-06-2023 11:30,28.1,77.5,0
28-06-2023 11:45,27.9,74.4,0
28-06-2023 12:00,27.3,75.1,0
28-06-2023 12:15,27.4,77.1,0
28-06-2023 12:30,27.2,77,0
28-06-2023 12:45,25.6,79.6,0
28-06-2023 13:00,26.3,84.8,0
28-06-2023 13:15,27.1,82.6,0
28-06-2023 13:30,27.4,80,0
28-06-2023 13:45,27.4,79.2,0
28-06-2023 14:00,27.9,78,0
28-06-2023 14:15,26.3,78.1,0
28-06-2023 14:30,25.3,84.6,1.5
28-06-2023 14:45,24.6,90.5,3
28-06-2023 15:00,24.3,88.9,3.5
28-06-2023 15:15,24.6,89.3,3.5
28-06-2023 15:30,24.6,87.1,3.5
28-06-2023 15:45,25,88.3,3.5
28-06-2023 16:00,25.6,87,3.5
28-06-2023 16:15,25.8,85.3,3.5
28-06-2023 16:30,25.3,85.4,3.5
28-06-2023 16:45,25.1,85.1,3.5
28-06-2023 17:00,25.2,85.4,3.5
28-06-2023 17:30,24.8,85.9,4
28-06-2023 17:45,24.9,86,4
28-06-2023 18:00,25.2,86.3,4
28-06-2023 18:15,25.1,86.1,4
28-06-2023 18:30,25,86.1,4
28-06-2023 18:45,24.9,86.3,4
28-06-2023 19:00,24.8,87.3,4
28-06-2023 19:15,24.7,86.9,4
28-06-2023 19:30,24.7,87.5,4
28-06-2023 19:45,24.7,87.2,4
28-06-2023 20:00,24.6,86.6,4
28-06-2023 20:15,24.6,86,4
28-06-2023 20:30,24.6,86.2,4
28-06-2023 20:45,24.6,86.4,4
28-06-2023 21:00,24.5,86.9,4
28-06-2023 21:15,24.1,87.4,4
28-06-2023 21:30,24.2,87.1,4
28-06-2023 21:45,24.3,89.1,4
28-06-2023 22:00,24.4,88.9,4
28-06-2023 22:15,24.4,88.7,4
28-06-2023 22:30,24.5,87.8,4
28-06-2023 22:45,24.5,87,4
28-06-2023 23:00,24.4,86.5,4
28-06-2023 23:30,24.4,86.5,4
28-06-2023 23:45,24.3,86.9,4
29-06-2023 00:00,24.1,89.8,4
29-06-2023 00:15,23.7,91.6,5
29-06-2023 00:30,23.7,91.9,5.5
29-06-2023 00:45,23.5,92.5,6
29-06-2023 01:00,23.6,92.6,6
29-06-2023 01:15,23.6,92.1,6
29-06-2023 01:30,23.8,90.4,6
29-06-2023 01:45,24,89.3,6
29-06-2023 02:00,24.1,89.4,6
29-06-2023 02:15,24.1,89.3,6
29-06-2023 02:30,24.1,89.1,6
29-06-2023 02:45,24.2,88.7,6
29-06-2023 03:00,24.2,88.4,6
29-06-2023 03:15,24.3,88.2,6
29-06-2023 03:30,24.1,89.7,6
29-06-2023 03:45,24.1,89.8,6
29-06-2023 04:00,24,91,6
29-06-2023 04:15,23.8,91.6,6
29-06-2023 04:30,23.8,91.5,6
29-06-2023 04:45,23.8,90.1,6
29-06-2023 05:00,23.9,90.1,6
29-06-2023 05:15,23.7,90.7,6
29-06-2023 05:30,23.5,91.1,6
29-06-2023 05:45,23.4,91.9,6.5
29-06-2023 06:00,23.4,91.4,6.5
29-06-2023 06:15,23.5,91,6.5
29-06-2023 06:30,23.7,90.6,6.5
29-06-2023 06:45,23.8,90.6,6.5
29-06-2023 07:00,23.9,90.2,6.5
29-06-2023 07:15,24,89.8,6.5
29-06-2023 07:30,24.2,88.3,6.5
29-06-2023 07:45,24.6,86.9,6.5
29-06-2023 08:00,24.6,88.3,6.5
29-06-2023 08:15,24.8,88,6.5
29-06-2023 08:30,24.9,88.3,6.5
29-06-2023 08:45,25,88.7,0
29-06-2023 09:00,24.6,89.8,0
29-06-2023 09:15,25,88.6,0
29-06-2023 09:30,25.6,84.8,0
29-06-2023 09:45,25.9,82.8,0
29-06-2023 10:00,25.5,83,0
29-06-2023 10:15,26.2,83,0
29-06-2023 10:30,26.1,80.4,0
29-06-2023 10:45,27.1,79.2,0
29-06-2023 11:00,27.2,78,0
29-06-2023 11:15,27.1,79.3,0
29-06-2023 11:30,26.8,77.2,0
29-06-2023 11:45,27.6,76.7,0
29-06-2023 12:00,27.2,78,0
29-06-2023 12:15,27.5,76.5,0
29-06-2023 12:30,27.7,76.7,0
29-06-2023 12:45,26.7,80.2,0
29-06-2023 13:00,25.6,82.4,0
29-06-2023 13:15,25.3,86.8,0
29-06-2023 13:30,26.5,81,0.5
29-06-2023 13:45,27.3,75.1,0.5
29-06-2023 14:00,28,73.4,0.5
29-06-2023 14:15,28.2,75.5,0.5
29-06-2023 14:30,27.6,77.8,0.5
29-06-2023 14:45,25.9,82.9,0.5
29-06-2023 15:00,26.3,81.6,0.5
29-06-2023 15:15,25.3,87.2,0.5
29-06-2023 15:30,24.3,90.2,1.5
29-06-2023 15:45,24.4,89.9,1.5
29-06-2023 16:00,25.7,83,1.5
29-06-2023 16:15,26.6,80.2,1.5
29-06-2023 16:30,26.6,79.6,1.5
29-06-2023 16:45,26.3,80.7,1.5
29-06-2023 17:00,26.3,77.7,1.5
29-06-2023 17:15,26.4,79.9,1.5
29-06-2023 17:30,26.1,80.4,1.5
29-06-2023 17:45,26.1,80.1,1.5
29-06-2023 18:00,26.1,81.1,1.5
29-06-2023 18:15,26.1,82,1.5
29-06-2023 18:30,25.8,83.2,1.5
29-06-2023 18:45,24.5,91.6,4
29-06-2023 19:00,23.8,93.2,7
29-06-2023 19:15,23.7,93.1,7.5
29-06-2023 19:30,23.7,92.8,7.5
29-06-2023 19:45,23.7,92.3,7.5
29-06-2023 20:00,23.9,91,7.5
29-06-2023 20:15,24,90.3,7.5
29-06-2023 20:30,23.9,89.4,7.5
29-06-2023 20:45,23.6,90.9,8
29-06-2023 21:00,23.6,91,8
29-06-2023 21:15,23.8,90.5,8
29-06-2023 21:30,23.9,86.9,8
29-06-2023 21:45,24,86.8,8
29-06-2023 22:00,23.9,86.8,8
29-06-2023 22:15,23.9,87.1,8
29-06-2023 22:30,23.9,88.8,8
29-06-2023 22:45,23.2,91,8
29-06-2023 23:00,23.1,91.8,8
29-06-2023 23:15,23.3,91.5,8
29-06-2023 23:30,23.2,91,8.5
29-06-2023 23:45,23.2,91,8.5
30-06-2023 00:00,23.3,89.8,8.5
30-06-2023 00:15,23.6,87.8,8.5
30-06-2023 00:30,23.8,87.1,8.5
30-06-2023 00:45,23.9,86,8.5
30-06-2023 01:00,23.9,88.2,8.5
30-06-2023 01:15,23.2,91.6,9
30-06-2023 01:30,23,92,9
30-06-2023 01:45,23.1,89.6,9
30-06-2023 02:00,23.2,87.2,9
30-06-2023 02:15,23.3,87.5,9
30-06-2023 02:30,23.4,86.1,9
30-06-2023 02:45,23.5,85.8,9
30-06-2023 03:00,23.5,86.7,9
30-06-2023 03:15,23.1,88.4,9
30-06-2023 03:30,23,89.6,9
30-06-2023 03:45,22.8,90.9,9
30-06-2023 04:00,22.8,91.1,9
30-06-2023 04:15,22.8,91.3,9
30-06-2023 04:30,23,91.7,9
30-06-2023 04:45,23.2,91.6,9
30-06-2023 05:00,23.3,91.5,9
30-06-2023 05:30,23.4,91.7,9.5
30-06-2023 05:45,23.3,91.7,10
30-06-2023 06:00,23.3,92.1,10.5
30-06-2023 06:15,23.6,91.7,10.5
30-06-2023 06:30,23.9,89.3,10.5
30-06-2023 06:45,24.2,88.7,10.5
30-06-2023 07:00,24.1,88.1,10.5
30-06-2023 07:15,24.1,88.5,10.5
30-06-2023 07:30,24.2,89.5,10.5
30-06-2023 07:45,24.5,89.4,10.5
30-06-2023 08:00,24.9,87.8,10.5
30-06-2023 08:15,25.2,85.6,10.5
30-06-2023 08:30,25.3,84.9,10.5
30-06-2023 08:45,25,83.3,0
30-06-2023 09:00,25.3,85.1,0
30-06-2023 09:15,25.9,84.1,0
30-06-2023 09:30,26.1,83.2,0
30-06-2023 09:45,26.1,81.2,0
30-06-2023 10:00,26.5,82.1,0
30-06-2023 10:15,27,81.6,0
30-06-2023 10:30,26.8,79.5,0
30-06-2023 10:45,26.3,79.8,0
30-06-2023 11:00,26.5,84.7,0
30-06-2023 11:30,27.4,82.5,0
30-06-2023 11:45,25.6,78.5,0
30-06-2023 12:00,24.8,78,0.5
30-06-2023 12:15,24.9,87.6,1
30-06-2023 12:30,25.1,88.8,1
30-06-2023 12:45,25.7,87.4,1
30-06-2023 13:00,25.5,87.2,1
30-06-2023 13:15,24.5,85,3
30-06-2023 13:30,24.9,87.6,3
30-06-2023 13:45,24.7,91.9,4
30-06-2023 14:00,24.6,89.2,6
30-06-2023 14:15,24.9,90.7,6
30-06-2023 14:30,25.2,91.6,6.5
30-06-2023 14:45,25.4,89.9,6.5
30-06-2023 15:00,25.9,88.3,6.5
30-06-2023 15:15,26.1,84.4,6.5
30-06-2023 15:30,26.1,84.4,6.5
30-06-2023 15:45,24.4,85.1,9.5
30-06-2023 16:00,24.9,86.9,9.5
30-06-2023 16:15,25,92.2,9.5
30-06-2023 16:30,25.1,89.7,9.5
30-06-2023 17:00,24.2,89.5,10
30-06-2023 17:15,23.9,88.5,10.5
30-06-2023 17:30,23.9,87.7,11.5
30-06-2023 17:45,24,88.1,12
30-06-2023 18:00,23.7,90.2,14
30-06-2023 18:15,23.7,91.6,15
30-06-2023 18:30,23.5,92.2,17
30-06-2023 18:45,23.2,93.6,18.5
30-06-2023 19:00,23.3,93.2,19
30-06-2023 19:15,23.4,93.7,19
30-06-2023 19:30,23.6,94.1,19
30-06-2023 19:45,23.6,94.1,19
30-06-2023 20:00,23.5,91.4,19
30-06-2023 20:15,23,86,21
30-06-2023 20:30,23,87.9,21.5
30-06-2023 20:45,23,90.7,22
30-06-2023 21:00,22.9,93.2,22
30-06-2023 21:15,22.9,93.1,22
30-06-2023 21:30,23.2,92.8,22
30-06-2023 21:45,23.6,91.2,22
30-06-2023 22:00,24.1,91,22
30-06-2023 22:15,24,90.4,22
30-06-2023 22:30,24.2,87.5,22
30-06-2023 22:45,24.2,88,22
30-06-2023 23:00,24.2,87.3,22
30-06-2023 23:15,24.2,86.8,22
30-06-2023 23:30,24.2,86.9,22
30-06-2023 23:45,24.2,87.3,22
01-07-2023 00:00,24.2,87.3,22
01-07-2023 00:15,24.2,86.4,22
01-07-2023 00:30,24.2,86.4,22
01-07-2023 00:45,24.2,90,22
01-07-2023 01:00,24.2,90,22
01-07-2023 01:15,24.5,89,22
01-07-2023 01:30,24.6,88,22
01-07-2023 01:45,24.7,88,22
01-07-2023 02:00,24.7,88,22
01-07-2023 02:30,24.3,89,22
01-07-2023 02:45,24.2,89,22
01-07-2023 03:00,24.2,90,22
01-07-2023 03:15,24.3,90,22
01-07-2023 03:30,24.2,90,22
01-07-2023 03:45,24.2,90,22
01-07-2023 04:00,24.1,90,22
01-07-2023 04:15,24.2,90,22
01-07-2023 04:30,24.1,91,22
01-07-2023 04:45,24,91,22
01-07-2023 05:00,23.7,92,22
01-07-2023 05:15,23.8,92,22
01-07-2023 05:30,23.6,93,22.5
01-07-2023 05:45,23.2,92,23
01-07-2023 06:00,22.8,92,23
01-07-2023 06:15,22.7,91,23
01-07-2023 06:30,22.9,91,23
01-07-2023 06:45,23.3,91,23
01-07-2023 07:00,23.5,90,23
01-07-2023 07:15,23.9,90,23
01-07-2023 07:30,24.2,90,23
01-07-2023 07:45,23.8,91,23
01-07-2023 08:00,23.9,91,23.5
01-07-2023 08:15,24.6,91,23.5
01-07-2023 08:30,25,89,23.5
01-07-2023 08:45,25.2,89,0
01-07-2023 09:00,25.5,88,0
01-07-2023 09:15,25.9,88,0
01-07-2023 09:30,26,87,0
01-07-2023 09:45,25.8,89,0
01-07-2023 10:00,25.9,87,0
01-07-2023 10:15,26.2,87,0
01-07-2023 10:30,26.2,87,0
01-07-2023 11:15,26.6,87,0
01-07-2023 11:30,27,80,0
01-07-2023 11:45,27.1,79,0
01-07-2023 12:00,27.1,80,0
01-07-2023 12:15,27.1,82,0
01-07-2023 12:30,27.1,83,0
01-07-2023 12:45,27.3,85,0
01-07-2023 13:00,27.6,79,0
01-07-2023 13:15,27.8,77,0
01-07-2023 13:30,28.1,79,0
01-07-2023 13:45,27.8,79,0
01-07-2023 14:00,27.8,76,0
01-07-2023 14:15,27.2,84,0
01-07-2023 14:30,27.4,83,0
01-07-2023 14:45,26.9,83,0
01-07-2023 15:00,26.6,85,0
01-07-2023 15:15,25.5,89,0
01-07-2023 15:30,25.6,89,0
01-07-2023 15:45,26,88,0
01-07-2023 16:00,26.5,86,0
01-07-2023 16:15,26.6,83,0
01-07-2023 16:30,26.7,84,0
01-07-2023 16:45,26.6,84,0
01-07-2023 17:00,26.6,85,0
01-07-2023 17:15,26.9,83,0
01-07-2023 17:30,27,81,0
01-07-2023 17:45,26.9,81,0
01-07-2023 18:00,26.7,83,0
01-07-2023 18:15,26.4,86,0
01-07-2023 18:30,25.4,88,0
01-07-2023 18:45,25,89,0
01-07-2023 19:00,24.6,90,0
01-07-2023 19:15,24.7,90,0
01-07-2023 19:30,24.6,90,0
01-07-2023 19:45,24.3,90,0
01-07-2023 20:00,24.2,91,0
01-07-2023 20:15,24.6,90,0
01-07-2023 20:30,24.8,89,0
01-07-2023 20:45,24.9,88,0
01-07-2023 21:00,24.8,88,0
01-07-2023 21:15,24.8,88,0
01-07-2023 21:30,24.9,88,0
01-07-2023 21:45,24.9,88,0
01-07-2023 22:00,24.8,89,0
01-07-2023 22:15,24.6,90,0
01-07-2023 22:30,24.6,90,0
01-07-2023 22:45,24.6,90,0
01-07-2023 23:00,24.5,90,0
01-07-2023 23:15,24.6,90,0
01-07-2023 23:30,24.8,90,0
01-07-2023 23:45,24.8,89,0
02-07-2023 00:00,24.8,89,0
02-07-2023 00:15,24.7,63,0
02-07-2023 00:30,24.7,62,0
02-07-2023 00:45,24.8,63,0
02-07-2023 01:00,24.8,62,0
02-07-2023 01:15,24.8,62,0
02-07-2023 01:30,24.8,62,0
02-07-2023 01:45,24.8,62,0
02-07-2023 02:00,24.8,62,0
02-07-2023 02:15,24.7,62,0
02-07-2023 02:30,24.4,63,0
02-07-2023 02:45,24.2,64,0
02-07-2023 03:00,24.2,64,0
02-07-2023 03:15,23.9,64,0
02-07-2023 03:30,23.9,65,0
02-07-2023 03:45,24,64,0
02-07-2023 04:00,24,64,0
02-07-2023 04:15,24.1,64,0
02-07-2023 04:30,24.1,65,0
02-07-2023 04:45,24.1,65,0
02-07-2023 05:00,24.2,64,0
02-07-2023 05:15,24.2,64,0
02-07-2023 05:30,24.1,64,0
02-07-2023 05:45,24,64,0
02-07-2023 06:00,24.1,65,0
02-07-2023 06:15,24.1,83,0
02-07-2023 06:30,24.1,85,0
02-07-2023 06:45,24.3,85,0
02-07-2023 07:00,24.5,88,0
02-07-2023 07:15,24.9,89,0
02-07-2023 07:30,25,89,0
02-07-2023 07:45,24.9,89,0
02-07-2023 08:00,24.8,89,0
02-07-2023 08:15,25.2,89,0
02-07-2023 08:30,25.9,88,0
02-07-2023 08:45,26.6,87,0
02-07-2023 09:00,26.5,86,0
02-07-2023 09:15,26.7,86,0
02-07-2023 09:30,26,87,0
02-07-2023 09:45,25.7,89,0
02-07-2023 10:00,26.5,88,0
02-07-2023 10:15,27.6,86,0
02-07-2023 10:30,27.7,83,0
02-07-2023 10:45,28.1,81,0
02-07-2023 11:00,27.7,83,0
02-07-2023 11:30,27.6,83,0
02-07-2023 11:45,26.4,89,0
02-07-2023 12:00,28.2,84,0
02-07-2023 12:15,28.7,75,0
02-07-2023 12:30,29,76,0
02-07-2023 12:45,29.6,73,0
02-07-2023 13:00,29.7,73,0
02-07-2023 13:15,30.1,71,0
02-07-2023 13:30,29.7,76,0
02-07-2023 13:45,29.9,73,0
02-07-2023 14:00,29.3,73,0
02-07-2023 14:15,29.3,74,0
02-07-2023 14:30,28.8,80,0
02-07-2023 14:45,30,73,0
02-07-2023 15:00,28.7,75,0
02-07-2023 15:15,27.9,86,0
02-07-2023 15:30,28.4,75,0
02-07-2023 15:45,28.8,75,0
02-07-2023 16:00,27,84,0
02-07-2023 16:15,26.2,89,0.5
02-07-2023 16:30,26.9,88,0.5
02-07-2023 16:45,26,88,0.5
02-07-2023 17:00,26,89,0.5
02-07-2023 17:30,26.6,86,0.5
02-07-2023 17:45,27,86,0.5
02-07-2023 18:00,27.3,85,0.5
02-07-2023 18:15,27,84,0.5
02-07-2023 18:30,26.5,86,0.5
02-07-2023 18:45,26.5,86,0.5
02-07-2023 19:00,26.4,86,0.5
02-07-2023 19:15,26.3,86,0.5
02-07-2023 19:30,26.2,87,0.5
02-07-2023 19:45,26.1,86,0.5
02-07-2023 20:00,26.1,86,0.5
02-07-2023 20:15,26.1,86,0.5
02-07-2023 20:30,26,86,0.5
02-07-2023 20:45,25.9,87,0.5
02-07-2023 21:00,25.7,87,0.5
02-07-2023 21:15,25.6,88,0.5
02-07-2023 21:30,25.5,89,0.5
02-07-2023 21:45,25.5,89,0.5
02-07-2023 22:00,25.4,89,0.5
02-07-2023 22:15,25.2,89,0.5
02-07-2023 22:30,25.3,89,0.5
02-07-2023 22:45,25.3,89,0.5
02-07-2023 23:00,25.3,89,0.5
02-07-2023 23:15,25.3,89,0.5
02-07-2023 23:30,25.4,89,0.5
02-07-2023 23:45,25.5,88,0.5
03-07-2023 00:00,25.5,88,0.5
03-07-2023 00:15,25.4,89,0.5
03-07-2023 00:30,25.2,89,0.5
03-07-2023 00:45,25.2,90,0.5
03-07-2023 01:00,25.1,90,0.5
03-07-2023 01:15,25,90,0.5
03-07-2023 01:30,25,91,0.5
03-07-2023 01:45,25,91,0.5
03-07-2023 02:00,24.9,91,0.5
03-07-2023 02:15,24.9,91,0.5
03-07-2023 02:30,24.8,91,0.5
03-07-2023 02:45,24.8,91,0.5
03-07-2023 03:00,24.8,91,0.5
03-07-2023 03:15,24.7,91,0.5
03-07-2023 03:30,24.7,91,0.5
03-07-2023 03:45,24.7,91,0.5
03-07-2023 04:00,24.7,90,0.5
03-07-2023 04:15,24.4,91,0.5
03-07-2023 04:30,24.4,91,0.5
03-07-2023 04:45,24.6,90,0.5
03-07-2023 05:00,24.5,90,0.5
03-07-2023 05:15,24.3,90,0.5
03-07-2023 05:30,24.2,91,0.5
03-07-2023 05:45,24.3,91,0.5
03-07-2023 06:00,24.4,91,0.5
03-07-2023 06:15,24.3,91,0.5
03-07-2023 06:30,24.3,91,0.5
03-07-2023 06:45,24.5,91,0.5
03-07-2023 07:00,24.7,91,0.5
03-07-2023 07:15,25,90,0.5
03-07-2023 07:30,25.2,90,0.5
03-07-2023 07:45,25.6,89,0.5
03-07-2023 08:00,25.9,88,0.5
03-07-2023 08:15,26.2,88,0.5
03-07-2023 08:30,26.3,88,0.5
03-07-2023 08:45,26.9,87,0
03-07-2023 09:00,27.4,86,0
03-07-2023 09:15,28.1,78,0
03-07-2023 09:30,28.2,75,0
03-07-2023 09:45,28.4,75,0
03-07-2023 10:00,28.6,75,0
03-07-2023 10:30,29.2,72,0
03-07-2023 10:45,28.5,75,0
03-07-2023 11:00,27.9,82,0
03-07-2023 11:15,27.9,81,0
03-07-2023 11:30,28.8,78,0
03-07-2023 11:45,29.9,75,0
03-07-2023 12:00,30.2,71,0
03-07-2023 12:15,30.6,72,0
03-07-2023 12:30,31.4,68,0
03-07-2023 12:45,30.6,68,0
03-07-2023 13:00,30.8,70,0
03-07-2023 13:15,30.6,68,0
03-07-2023 13:30,29.3,77,0
03-07-2023 13:45,29.9,74,0
03-07-2023 14:00,30.2,74,0
03-07-2023 14:15,27.4,87,0.5
03-07-2023 14:30,27.4,87,1
03-07-2023 14:45,28.3,83,1
03-07-2023 15:00,29.4,77,1
03-07-2023 15:15,28.9,74,1
03-07-2023 15:30,29,74,1
03-07-2023 15:45,28.9,74,1
03-07-2023 16:00,28.8,85,1
03-07-2023 16:15,28.6,81,1
03-07-2023 16:30,28.4,79,1
03-07-2023 16:45,28.6,78,1
03-07-2023 17:00,28.5,78,1
03-07-2023 17:15,28.2,79,1
03-07-2023 17:30,27.8,83,1
03-07-2023 17:45,28.3,79,1
03-07-2023 18:00,28,80,1
03-07-2023 18:30,27.3,85,1
03-07-2023 18:45,27.1,86,1
03-07-2023 19:00,27.1,85,1
03-07-2023 19:15,26.8,86,1
03-07-2023 19:30,26.7,86,1
03-07-2023 19:45,26.5,87,1
03-07-2023 20:00,26.4,87,1
03-07-2023 20:15,26.4,87,1
03-07-2023 20:30,26.4,88,1
03-07-2023 20:45,26.3,88,1
03-07-2023 21:00,26,88,1
03-07-2023 21:15,25.7,89,1
03-07-2023 21:30,25.6,89,1
03-07-2023 21:45,25.4,89,1
03-07-2023 22:00,25.3,89,1
03-07-2023 22:15,25.2,89,1
03-07-2023 22:30,25.1,90,1
03-07-2023 22:45,25.1,90,1
03-07-2023 23:00,25.2,90,1
03-07-2023 23:15,25.2,89,1
03-07-2023 23:30,25.3,89,1
03-07-2023 23:45,25.3,89,1
04-07-2023 00:00,25.3,89,1
04-07-2023 00:15,25.2,90,1
04-07-2023 00:30,24.9,90,1
04-07-2023 00:45,24.9,90,1
04-07-2023 01:00,25.1,89,1
04-07-2023 01:15,25.2,88,1
04-07-2023 01:30,25.1,89,1
04-07-2023 01:45,25,89,1
04-07-2023 02:00,25.1,89,1
04-07-2023 02:15,25.2,89,1
04-07-2023 02:30,25.2,90,1
04-07-2023 02:45,25.3,90,1
04-07-2023 03:00,25.4,89,1
04-07-2023 03:15,25.4,90,1
04-07-2023 03:30,25.3,90,1
04-07-2023 03:45,25.3,90,1
04-07-2023 04:00,25.3,90,1
04-07-2023 04:15,25.4,90,1
04-07-2023 04:30,25.4,90,1
04-07-2023 04:45,25.2,90,1
04-07-2023 05:00,25.2,90,1
04-07-2023 05:15,25.1,91,1
04-07-2023 05:30,25.1,91,1
04-07-2023 05:45,25.2,90,1
04-07-2023 06:00,25.3,90,1
04-07-2023 06:30,25.3,90,1
04-07-2023 06:45,25.4,90,1
04-07-2023 07:00,25.6,90,1
04-07-2023 07:15,25.8,89,1
04-07-2023 07:30,25.9,89,1
04-07-2023 07:45,25.7,89,1
04-07-2023 08:00,25.7,89,1
04-07-2023 08:15,25.8,89,1
04-07-2023 08:30,26.2,88,1
04-07-2023 08:45,26.7,87,0
04-07-2023 09:00,27.9,85,0
04-07-2023 09:15,28.2,78,0
04-07-2023 09:30,27.9,80,0
04-07-2023 09:45,28,79,0
04-07-2023 10:00,28,78,0
04-07-2023 10:15,28.3,77,0
04-07-2023 10:30,28.6,75,0
04-07-2023 10:45,28.1,76,0
04-07-2023 11:00,27.9,81,0
04-07-2023 11:15,28.5,78,0
04-07-2023 11:30,28.8,77,0
04-07-2023 11:45,29,75,0
04-07-2023 12:00,29.2,74,0
04-07-2023 12:30,29.7,72,0
04-07-2023 12:45,30,71,0
04-07-2023 13:00,29.8,72,0
04-07-2023 13:15,30.1,71,0
04-07-2023 13:30,30.3,70,0
04-07-2023 13:45,30.2,71,0
04-07-2023 14:00,31.1,70,0
04-07-2023 14:15,31.1,69,0
04-07-2023 14:30,31.2,68,0
04-07-2023 14:45,30.2,70,0
04-07-2023 15:00,28.9,75,0
04-07-2023 15:15,28.4,82,0
04-07-2023 15:30,28,82,0
04-07-2023 15:45,28.4,84,0
04-07-2023 16:00,28.6,78,0
04-07-2023 16:15,28.4,81,0
04-07-2023 16:30,28.7,78,0
04-07-2023 16:45,28.1,82,0
04-07-2023 17:00,27.4,86,0
04-07-2023 17:15,27.3,87,0
04-07-2023 17:30,26.7,88,0
04-07-2023 17:45,26.3,89,0
04-07-2023 18:00,25.9,89,0
04-07-2023 18:15,25.8,90,0
04-07-2023 18:30,26.4,89,0
04-07-2023 18:45,26.3,88,0
04-07-2023 19:00,26.2,88,0
04-07-2023 19:15,26,88,0
04-07-2023 19:30,25.7,88,0
04-07-2023 19:45,25.7,88,0
04-07-2023 20:00,25.8,88,0
04-07-2023 20:15,25.5,88,0
04-07-2023 20:30,25.2,89,0
04-07-2023 20:45,25,89,0
04-07-2023 21:00,25,90,0
04-07-2023 21:15,25,89,0
04-07-2023 21:30,25.1,89,0
04-07-2023 21:45,25.2,88,0
04-07-2023 22:00,25.3,87,0
04-07-2023 22:15,25.3,87,0
04-07-2023 22:30,25.2,88,0
04-07-2023 22:45,25,89,0
04-07-2023 23:00,24.9,89,0
04-07-2023 23:15,24.9,88,0
04-07-2023 23:30,24.9,88,0
04-07-2023 23:45,24.9,88,0
05-07-2023 00:00,24.8,88,0
05-07-2023 00:15,24.7,89,0
05-07-2023 00:30,24.7,89,0
05-07-2023 00:45,24.7,89,0
05-07-2023 01:00,24.7,88,0
05-07-2023 01:15,24.9,88,0
05-07-2023 01:30,25,88,0
05-07-2023 01:45,24.9,88,0
05-07-2023 02:00,24.7,88,0
05-07-2023 02:15,24.6,89,0
05-07-2023 02:30,24.6,89,0
05-07-2023 02:45,24.6,89,0
05-07-2023 03:00,24.7,89,0
05-07-2023 03:15,24.6,89,0
05-07-2023 03:30,24.5,90,0
05-07-2023 03:45,24.5,90,0
05-07-2023 04:00,24.5,89,0
05-07-2023 04:15,24.6,89,0
05-07-2023 04:30,24.5,90,0
05-07-2023 04:45,24.3,90,0
05-07-2023 05:00,24.3,90,0
05-07-2023 05:15,24.3,90,0
05-07-2023 05:30,24.3,89,0
05-07-2023 05:45,24.4,89,0
05-07-2023 06:00,24.5,89,0
05-07-2023 06:30,24.7,89,0
05-07-2023 06:45,24.7,89,0
05-07-2023 07:00,24.7,89,0
05-07-2023 07:15,24.7,90,0
05-07-2023 07:30,24.9,89,0
05-07-2023 07:45,25.3,89,0
05-07-2023 08:00,25.8,87,0
05-07-2023 08:15,26.1,86,0
05-07-2023 08:30,26.4,82,0
05-07-2023 08:45,26.7,82,0
05-07-2023 09:00,26.8,81,0
05-07-2023 09:15,27.6,76,0
05-07-2023 09:30,28.1,75,0
05-07-2023 09:45,28.6,73,0
05-07-2023 10:00,29.8,72,0
05-07-2023 10:15,29.5,70,0
05-07-2023 10:30,29.5,70,0
05-07-2023 10:45,29.9,71,0
05-07-2023 11:00,30.4,70,0
05-07-2023 11:15,29.8,72,0
05-07-2023 11:30,29.3,73,0
05-07-2023 11:45,29.1,73,0
05-07-2023 12:00,29,73,0
05-07-2023 12:15,29.4,71,0
05-07-2023 12:30,30.3,69,0
05-07-2023 12:45,30.4,69,0
05-07-2023 13:00,29.5,69,0
05-07-2023 13:15,29,73,0
05-07-2023 13:30,28.7,73,0
05-07-2023 13:45,29.2,73,0
05-07-2023 14:00,29.4,72,0
05-07-2023 14:30,31.3,65,0
05-07-2023 14:45,30.6,67,0
05-07-2023 15:00,31.5,65,0
05-07-2023 15:15,30.7,66,0
05-07-2023 15:30,30.9,67,0
05-07-2023 15:45,30.2,70,0
05-07-2023 16:00,29.7,71,0
05-07-2023 16:15,29.8,69,0
05-07-2023 16:30,29.8,70,0
05-07-2023 16:45,29.4,70,0
05-07-2023 17:00,29.4,71,0
05-07-2023 17:15,29.2,72,0
05-07-2023 17:30,28.1,77,0
05-07-2023 17:45,27.6,79,0
05-07-2023 18:00,27.1,83,0
05-07-2023 18:15,27,84,0
05-07-2023 18:30,26.9,85,0
05-07-2023 18:45,26.8,85,0
05-07-2023 19:00,26.4,86,0
05-07-2023 19:15,26.2,87,0
05-07-2023 19:30,26.3,87,0
05-07-2023 19:45,26.1,87,0
05-07-2023 20:00,25.7,88,0
05-07-2023 20:30,25.6,89,0
05-07-2023 20:45,25.8,88,0
05-07-2023 21:00,25.3,89,0
05-07-2023 21:15,24.9,90,0
05-07-2023 21:30,24.7,91,0
05-07-2023 21:45,24.6,91,0
05-07-2023 22:00,24.7,91,0
05-07-2023 22:30,24.8,91,0
05-07-2023 22:45,24.7,91,0
05-07-2023 23:00,24.7,91,0
05-07-2023 23:15,24.7,91,0
05-07-2023 23:30,24.7,91,0
05-07-2023 23:45,24.6,91,0
06-07-2023 00:00,24.6,91,0
06-07-2023 00:15,24.6,91,0
06-07-2023 00:30,24.6,91,0
06-07-2023 00:45,24.7,91,0
06-07-2023 01:00,24.7,91,0
06-07-2023 01:15,24.7,91,0
06-07-2023 01:30,24.7,91,0
06-07-2023 01:45,24.7,91,0
06-07-2023 02:00,24.6,91,0
06-07-2023 02:15,24.5,91,0
06-07-2023 02:30,24.4,91,0
06-07-2023 02:45,24.4,92,0
06-07-2023 03:00,24.5,92,0
06-07-2023 03:15,24.4,92,0
06-07-2023 03:30,24.4,92,0
06-07-2023 04:15,24.3,91,0
06-07-2023 04:45,24.4,91,0
06-07-2023 05:00,24.4,91,0
06-07-2023 05:15,24.4,91,0
06-07-2023 05:30,24.4,91,0
06-07-2023 05:45,24.4,91,0
06-07-2023 06:00,24.4,90,0
06-07-2023 06:15,24.4,90,0
06-07-2023 06:30,24.5,90,0
06-07-2023 06:45,24.6,90,0
06-07-2023 07:00,24.7,90,0
06-07-2023 07:15,24.8,90,0
06-07-2023 07:30,24.9,89,0
06-07-2023 07:45,25.2,89,0
06-07-2023 08:00,25.9,88,0
06-07-2023 08:15,26.3,87,0
06-07-2023 08:30,26.3,87,0
06-07-2023 08:45,26.4,84,0
06-07-2023 09:00,26.6,84,0
06-07-2023 09:15,26.9,81,0
06-07-2023 09:30,27.1,80,0
06-07-2023 09:45,27.9,78,0
06-07-2023 10:00,27.9,75,0
06-07-2023 10:15,27.5,78,0
06-07-2023 10:45,27.6,78,0
06-07-2023 11:00,27.7,76,0
06-07-2023 11:15,26.8,80,0
06-07-2023 11:30,27.3,79,0
06-07-2023 11:45,26.7,83,0
06-07-2023 12:00,26.9,84,0
06-07-2023 12:15,28.8,75,0
06-07-2023 12:30,29.5,70,0
06-07-2023 12:45,28.5,74,0
06-07-2023 13:00,28.8,73,0
06-07-2023 13:15,28.1,76,0
06-07-2023 13:30,25.8,87,0.5
06-07-2023 13:45,23.2,90,4
06-07-2023 14:00,23.9,89,4.5
06-07-2023 14:15,25.1,84,4.5
06-07-2023 14:30,26.1,79,4.5
06-07-2023 14:45,27.1,81,4.5
06-07-2023 15:00,27,80,4.5
06-07-2023 15:15,27.3,74,4.5
06-07-2023 15:30,27.1,73,4.5
06-07-2023 15:45,27.4,73,4.5
06-07-2023 16:00,27.5,73,4.5
06-07-2023 16:15,27.8,72,4.5
06-07-2023 16:45,27.1,75,4.5
06-07-2023 17:00,26.8,77,4.5
06-07-2023 17:15,26.4,76,4.5
06-07-2023 17:30,26.1,78,4.5
06-07-2023 17:45,25.9,77,4.5
06-07-2023 18:00,25.8,79,4.5
06-07-2023 18:15,25.7,81,4.5
06-07-2023 18:30,25.6,83,4.5
06-07-2023 18:45,25.4,85,4.5
06-07-2023 19:00,25.3,86,4.5
06-07-2023 19:15,24.2,89,4.5
06-07-2023 19:30,23.8,92,4.5
06-07-2023 19:45,23.7,92,4.5
06-07-2023 20:00,23.8,91,4.5
06-07-2023 20:15,23.9,91,4.5
06-07-2023 20:30,24,90,4.5
06-07-2023 20:45,24.1,89,4.5
06-07-2023 21:00,24.1,88,4.5
06-07-2023 21:15,24.1,88,4.5
06-07-2023 21:30,24.2,88,4.5
06-07-2023 21:45,24.3,88,4.5
06-07-2023 22:00,24.3,88,4.5
06-07-2023 22:15,24.1,89,4.5
06-07-2023 22:30,23.5,91,4.5
06-07-2023 22:45,23.4,92,4.5
06-07-2023 23:00,23.5,92,4.5
06-07-2023 23:15,23.5,92,4.5
06-07-2023 23:30,23.5,92,4.5
06-07-2023 23:45,23.5,92,4.5
07-07-2023 00:00,23.4,92,4.5
07-07-2023 00:15,23.5,92,4.5
07-07-2023 00:30,23.5,92,4.5
07-07-2023 00:45,23.6,92,4.5
07-07-2023 01:00,23.6,92,4.5
07-07-2023 01:15,23.7,92,4.5
07-07-2023 01:30,23.6,92,4.5
07-07-2023 01:45,23.5,92,4.5
07-07-2023 02:00,23.4,92,4.5
07-07-2023 02:15,23.5,92,4.5
07-07-2023 02:30,23.6,92,4.5
07-07-2023 02:45,23.7,92,4.5
07-07-2023 03:00,23.7,92,4.5
07-07-2023 03:15,23.5,92,4.5
07-07-2023 03:30,23.5,93,4.5
07-07-2023 03:45,23.4,93,4.5
07-07-2023 04:00,23.5,92,4.5
07-07-2023 04:15,23.5,92,4.5
07-07-2023 04:30,23.5,93,4.5
07-07-2023 04:45,23.7,92,4.5
07-07-2023 05:00,23.7,92,4.5
07-07-2023 05:15,23.6,92,4.5
07-07-2023 05:30,23.7,92,4.5
07-07-2023 05:45,23.8,93,4.5
07-07-2023 06:00,23.9,92,4.5
07-07-2023 06:15,24,92,4.5
07-07-2023 06:30,24.2,92,4.5
07-07-2023 06:45,24.3,92,4.5
07-07-2023 07:00,24.5,91,4.5
07-07-2023 07:15,24.9,90,4.5
07-07-2023 07:30,25.2,89,4.5
07-07-2023 07:45,25.6,89,4.5
07-07-2023 08:00,25.6,89,4.5
07-07-2023 08:15,25.8,88,4.5
07-07-2023 08:30,26.1,88,4.5
07-07-2023 08:45,26.1,88,0
07-07-2023 09:00,26.1,88,0
07-07-2023 09:15,26,89,0
07-07-2023 09:30,26.2,88,0
07-07-2023 09:45,26.6,89,0
07-07-2023 10:00,26.6,87,0
07-07-2023 10:15,25.3,90,0.5
07-07-2023 10:30,26.1,90,0.5
07-07-2023 10:45,27.1,87,0.5
07-07-2023 11:00,27.3,86,0.5
07-07-2023 11:15,28,83,0.5
07-07-2023 11:30,27.9,79,0.5
07-07-2023 11:45,28.3,80,0.5
07-07-2023 12:00,28.2,78,0.5
07-07-2023 12:30,28.6,75,0.5
07-07-2023 12:45,29,73,0.5
07-07-2023 13:00,28.7,74,0.5
07-07-2023 13:15,28.7,74,0.5
07-07-2023 13:30,28.9,72,0.5
07-07-2023 13:45,28.7,73,0.5
07-07-2023 14:00,28.1,75,0.5
07-07-2023 14:15,28.5,75,0.5
07-07-2023 14:30,27.1,85,0.5
07-07-2023 14:45,27.1,88,1
07-07-2023 15:00,27.3,85,1
07-07-2023 15:15,25.3,91,1
07-07-2023 15:30,25.2,91,1
07-07-2023 15:45,25.2,91,1.5
07-07-2023 16:00,24.9,92,2
07-07-2023 16:15,24.9,92,2
07-07-2023 16:30,25.2,92,2
07-07-2023 16:45,25.4,91,2
07-07-2023 17:00,24.9,92,2.5
07-07-2023 17:15,25.2,91,2.5
07-07-2023 17:30,25.5,90,2.5
07-07-2023 17:45,25.6,89,2.5
07-07-2023 18:00,25.6,89,2.5
07-07-2023 18:15,24.8,91,2.5
07-07-2023 18:30,24.5,92,2.5
07-07-2023 18:45,24.2,92,2.5
07-07-2023 19:00,24.2,92,2.5
07-07-2023 19:15,24.3,91,2.5
07-07-2023 19:30,24.3,90,2.5
07-07-2023 19:45,24.2,90,2.5
07-07-2023 20:00,24.4,89,2.5
07-07-2023 20:15,24.5,89,2.5
07-07-2023 20:30,23.8,91,2.5
07-07-2023 20:45,23.6,92,2.5
07-07-2023 21:00,23.7,92,2.5
07-07-2023 21:15,24,91,2.5
07-07-2023 21:30,24.1,90,2.5
07-07-2023 21:45,24.2,90,2.5
07-07-2023 22:00,24.2,90,2.5
07-07-2023 22:15,24.2,90,2.5
07-07-2023 22:30,24.3,90,2.5
07-07-2023 22:45,24,91,2.5
07-07-2023 23:00,24.1,90,2.5
07-07-2023 23:15,24.1,90,2.5
07-07-2023 23:30,24.2,90,2.5
07-07-2023 23:45,24.1,90,2.5
08-07-2023 00:00,24.1,90,2.5
08-07-2023 00:15,23.7,91,2.5
08-07-2023 00:30,23.7,91,2.5
08-07-2023 00:45,24,91,2.5
08-07-2023 01:00,24.1,91,2.5
08-07-2023 01:15,24.2,91,2.5
08-07-2023 01:30,24,91,2.5
08-07-2023 01:45,24.1,91,2.5
08-07-2023 02:00,24.4,90,2.5
08-07-2023 02:15,24.5,90,2.5
08-07-2023 02:30,24.5,90,2.5
08-07-2023 02:45,24.6,90,2.5
08-07-2023 03:00,24.7,89,2.5
08-07-2023 03:15,24.7,89,2.5
08-07-2023 03:30,24.4,90,2.5
08-07-2023 03:45,24.3,90,2.5
08-07-2023 04:00,24.4,91,2.5
08-07-2023 04:15,24.6,90,2.5
08-07-2023 04:45,24.8,89,2.5
08-07-2023 05:00,24.9,89,2.5
08-07-2023 05:15,25,89,2.5
08-07-2023 05:30,25.1,88,2.5
08-07-2023 05:45,24.6,90,2.5
08-07-2023 06:00,24.4,90,2.5
08-07-2023 06:15,24.4,90,2.5
08-07-2023 06:30,24.4,91,2.5
08-07-2023 06:45,24.6,90,2.5
08-07-2023 07:00,24.8,90,2.5
08-07-2023 07:15,25,90,2.5
08-07-2023 07:30,25.3,89,2.5
08-07-2023 07:45,24.8,90,2.5
08-07-2023 08:00,25,90,2.5
08-07-2023 08:15,25.6,89,2.5
08-07-2023 08:30,25.8,89,2.5
08-07-2023 08:45,25.4,90,0
08-07-2023 09:00,25.9,89,0
08-07-2023 09:15,25.1,91,0
08-07-2023 09:30,25.5,90,0
08-07-2023 09:45,26.7,88,0
08-07-2023 10:00,26.5,86,0
08-07-2023 10:15,27.2,84,0
08-07-2023 10:30,27.4,83,0
08-07-2023 11:15,27.1,82,0
08-07-2023 11:30,27.8,77,0
08-07-2023 11:45,28.1,76,0
08-07-2023 12:00,28.1,77,0
08-07-2023 12:15,29.3,73,0
08-07-2023 12:30,28.7,73,0
08-07-2023 12:45,28.1,80,0
08-07-2023 13:00,29.5,74,0
08-07-2023 13:15,30,73,0
08-07-2023 13:30,29.2,72,0
08-07-2023 13:45,29,72,0
08-07-2023 14:00,28.6,73,0
08-07-2023 14:15,29,70,0
08-07-2023 14:30,29.5,70,0
08-07-2023 14:45,28.8,70,0
08-07-2023 15:00,28,75,0
08-07-2023 15:15,28.2,75,0
08-07-2023 15:30,28.1,75,0
08-07-2023 15:45,28.1,75,0
08-07-2023 16:00,25.8,87,0.5
08-07-2023 16:15,25.9,87,0.5
08-07-2023 16:30,26.4,86,0.5
08-07-2023 16:45,26.6,83,0.5
08-07-2023 17:00,26.8,83,0.5
08-07-2023 17:15,26.7,83,0.5
08-07-2023 17:30,26.2,85,0.5
08-07-2023 17:45,25.9,87,0.5
08-07-2023 18:00,25.9,87,0.5
08-07-2023 18:15,25.9,87,0.5
08-07-2023 18:30,25.7,88,0.5
08-07-2023 18:45,24.8,90,0.5
08-07-2023 19:00,25.1,89,0.5
08-07-2023 19:15,24.6,89,0.5
08-07-2023 19:30,24.3,91,0.5
08-07-2023 19:45,24.7,90,0.5
08-07-2023 20:00,25,88,0.5
08-07-2023 20:15,25,88,0.5
08-07-2023 20:30,25,88,0.5
08-07-2023 20:45,25.1,88,0.5
08-07-2023 21:00,25.2,88,0.5
08-07-2023 21:15,25.2,88,0.5
08-07-2023 21:30,25.2,88,0.5
08-07-2023 21:45,25.1,88,0.5
08-07-2023 22:00,25.1,87,0.5
08-07-2023 22:15,25.1,88,0.5
08-07-2023 22:30,25.1,87,0.5
08-07-2023 22:45,25.1,87,0.5
08-07-2023 23:00,25,87,0.5
08-07-2023 23:15,24.7,88,0.5
08-07-2023 23:30,24.6,88,0.5
08-07-2023 23:45,24.5,88,0.5
09-07-2023 00:00,24.6,88,0.5
09-07-2023 00:15,24.5,88,0.5
09-07-2023 00:30,24.5,88,0.5
09-07-2023 00:45,24.4,88,0.5
09-07-2023 01:00,24.2,88,0.5
09-07-2023 01:15,24.4,87,0.5
09-07-2023 01:30,24.6,87,0.5
09-07-2023 01:45,24.7,87,0.5
09-07-2023 02:00,24.6,88,0.5
09-07-2023 02:15,24.4,89,0.5
09-07-2023 02:30,24.3,89,0.5
09-07-2023 02:45,24.3,89,0.5
09-07-2023 03:00,24.2,89,0.5
09-07-2023 03:15,24.3,88,0.5
09-07-2023 03:30,24.2,88,0.5
09-07-2023 03:45,24.3,88,0.5
09-07-2023 04:00,24.3,88,0.5
09-07-2023 04:15,24.3,88,0.5
09-07-2023 04:30,24.2,88,0.5
09-07-2023 04:45,24.3,88,0.5
09-07-2023 05:00,24.6,88,0.5
09-07-2023 05:15,24.7,88,0.5
09-07-2023 05:30,24.5,88,0.5
09-07-2023 05:45,24.4,89,0.5
09-07-2023 06:00,24.5,89,0.5
09-07-2023 06:15,24.5,89,0.5
09-07-2023 06:30,24.5,89,0.5
09-07-2023 06:45,24.6,89,0.5
09-07-2023 07:00,24.6,89,0.5
09-07-2023 07:15,24.6,89,0.5
09-07-2023 07:30,24.7,89,0.5
09-07-2023 07:45,24.8,89,0.5
09-07-2023 08:00,25.3,89,0.5
09-07-2023 08:15,25.9,87,0.5
09-07-2023 08:30,26.2,84,0.5
09-07-2023 08:45,26.2,85,0
09-07-2023 09:00,26.5,83,0
09-07-2023 09:15,26.7,80,0
09-07-2023 09:30,26.7,81,0
09-07-2023 09:45,27.1,80,0
09-07-2023 10:00,27.4,77,0
09-07-2023 10:15,28.4,73,0
09-07-2023 10:30,28.3,72,0
09-07-2023 10:45,28.6,71,0
09-07-2023 11:00,28.2,73,0
09-07-2023 11:15,28.4,75,0
09-07-2023 11:30,28.8,73,0
09-07-2023 11:45,28.7,71,0
09-07-2023 12:00,29,70,0
09-07-2023 12:15,29,70,0
09-07-2023 12:30,28.4,73,0
09-07-2023 12:45,28.7,74,0
09-07-2023 13:00,29.2,69,0
09-07-2023 13:15,29.7,67,0
09-07-2023 13:30,30.1,66,0
09-07-2023 13:45,30.1,66,0
09-07-2023 14:00,30.6,63,0
09-07-2023 14:15,28.5,71,0
09-07-2023 14:30,28.3,75,0
09-07-2023 14:45,28.7,71,0
09-07-2023 15:00,28.7,71,0
09-07-2023 15:15,28.1,75,0
09-07-2023 15:30,28.3,73,0
09-07-2023 16:15,28.1,73,0
09-07-2023 16:30,28.2,72,0
09-07-2023 16:45,27.7,75,0
09-07-2023 17:00,27.5,75,0
09-07-2023 17:15,27.9,73,0
09-07-2023 17:30,27.3,74,0
09-07-2023 17:45,25.8,82,0
09-07-2023 18:00,25.9,83,0
09-07-2023 18:15,26.4,79,0
09-07-2023 18:30,26.6,77,0
09-07-2023 18:45,26.5,77,0
09-07-2023 19:00,26.3,78,0
09-07-2023 19:15,26.1,79,0
09-07-2023 19:30,25.9,79,0
09-07-2023 19:45,25.8,80,0
09-07-2023 20:00,25.8,82,0
09-07-2023 20:15,25.6,85,0
09-07-2023 20:30,25.6,85,0
09-07-2023 20:45,25.5,84,0
09-07-2023 21:00,24.4,89,0
09-07-2023 21:15,24.7,88,0
09-07-2023 21:30,24.3,88,0
09-07-2023 21:45,24.3,88,0
09-07-2023 22:00,24.3,88,0
09-07-2023 22:15,24.3,88,0
09-07-2023 22:30,24.6,88,0
09-07-2023 22:45,24.7,88,0
09-07-2023 23:00,24.7,88,0
09-07-2023 23:15,24.8,87,0
09-07-2023 23:30,24.8,87,0
09-07-2023 23:45,24.8,87,0
10-07-2023 00:00,24.9,87,0
10-07-2023 00:15,25,87,0
10-07-2023 00:30,25,87,0
10-07-2023 00:45,24.7,88,0
10-07-2023 01:00,24.7,88,0
10-07-2023 01:15,24.6,87,0
10-07-2023 01:30,24.7,87,0
10-07-2023 01:45,24.8,86,0
10-07-2023 02:00,24.7,86,0
10-07-2023 02:15,24.6,87,0
10-07-2023 02:30,24.7,87,0
10-07-2023 02:45,24.6,88,0
10-07-2023 03:00,24.5,88,0
10-07-2023 03:15,24.5,88,0
10-07-2023 03:30,24.4,88,0
10-07-2023 03:45,24.6,88,0
10-07-2023 04:00,24.5,88,0
10-07-2023 04:15,24.5,88,0
10-07-2023 04:30,24.5,88,0
10-07-2023 04:45,24.4,88,0
10-07-2023 05:00,24.5,88,0
10-07-2023 05:15,24.5,88,0
10-07-2023 05:30,24.4,88,0
10-07-2023 05:45,24.4,88,0
10-07-2023 06:00,24.4,88,0
10-07-2023 06:15,24.4,88,0
10-07-2023 06:30,24.5,88,0
10-07-2023 06:45,24.6,88,0
10-07-2023 07:00,24.8,88,0
10-07-2023 07:15,25.1,87,0
10-07-2023 07:30,25.4,86,0
10-07-2023 07:45,25.7,85,0
10-07-2023 08:00,25.9,83,0
10-07-2023 08:15,26.1,80,0
10-07-2023 08:30,26.1,81,0
10-07-2023 08:45,26.3,80,0
10-07-2023 09:00,26.8,77,0
10-07-2023 09:15,27,77,0
10-07-2023 09:30,27.3,75,0
10-07-2023 09:45,27.5,75,0
10-07-2023 10:00,27.7,74,0
10-07-2023 10:15,27.7,74,0
10-07-2023 10:30,28.6,70,0
10-07-2023 10:45,28.5,70,0
10-07-2023 11:00,28.6,70,0
10-07-2023 11:15,29.1,69,0
10-07-2023 11:30,29,67,0
10-07-2023 11:45,29.4,67,0
10-07-2023 12:00,29.9,67,0
10-07-2023 12:15,29.9,68,0
10-07-2023 12:30,30.3,68,0
10-07-2023 12:45,30.1,65,0
10-07-2023 13:00,30.3,64,0
10-07-2023 13:15,29.8,66,0
10-07-2023 13:30,29.6,67,0
10-07-2023 13:45,27.2,74,0
10-07-2023 14:00,27.7,77,0
10-07-2023 14:15,28.1,68,0
10-07-2023 14:30,28.5,68,0
10-07-2023 15:00,29,66,0
10-07-2023 15:15,29.6,66,0
10-07-2023 15:30,29.4,66,0
10-07-2023 15:45,29.5,65,0
10-07-2023 16:00,29.8,64,0
10-07-2023 16:15,29.9,64,0
10-07-2023 16:30,29.5,65,0
10-07-2023 16:45,29.2,66,0
10-07-2023 17:00,29.4,66,0
10-07-2023 17:15,29.2,66,0
10-07-2023 17:30,28.7,69,0
10-07-2023 17:45,28.4,70,0
10-07-2023 18:00,28.3,71,0
10-07-2023 18:15,28.1,70,0
10-07-2023 18:30,27.5,71,0
10-07-2023 18:45,27.2,72,0
10-07-2023 19:00,26.9,74,0
10-07-2023 19:15,26.8,75,0
10-07-2023 19:30,26.6,75,0
10-07-2023 19:45,26.6,76,0
10-07-2023 20:00,26.3,78,0
10-07-2023 20:15,26.1,81,0
10-07-2023 20:30,25.8,83,0
10-07-2023 20:45,25.6,85,0
10-07-2023 21:00,25.5,85,0
10-07-2023 21:15,25.5,84,0
10-07-2023 21:30,25.6,83,0
10-07-2023 21:45,25.6,83,0
10-07-2023 22:00,25.4,86,0
10-07-2023 22:15,25.2,87,0
10-07-2023 22:30,24.1,90,0
10-07-2023 22:45,24.2,90,0
10-07-2023 23:00,24.5,90,0
10-07-2023 23:15,24.6,89,0
10-07-2023 23:30,24.6,89,0
10-07-2023 23:45,24.8,89,0
11-07-2023 00:00,24.8,88,0
11-07-2023 00:15,24.7,88,0
11-07-2023 00:30,24.7,88,0
11-07-2023 00:45,24.8,87,0
11-07-2023 01:00,24.7,88,0
11-07-2023 01:15,24.5,88,0
11-07-2023 01:30,24.5,88,0
11-07-2023 01:45,24.4,89,0
11-07-2023 02:00,23.9,90,0
11-07-2023 02:15,23.9,90,0
11-07-2023 02:30,24,90,0
11-07-2023 02:45,24,90,0
11-07-2023 03:00,23.8,90,0
11-07-2023 03:15,23.8,90,0
11-07-2023 03:30,24,90,0
11-07-2023 03:45,24.1,89,0
11-07-2023 04:00,24.1,89,0
11-07-2023 04:15,24.4,88,0
11-07-2023 04:45,24.5,87,0
11-07-2023 05:00,24.7,87,0
11-07-2023 05:15,24.5,87,0
11-07-2023 05:30,24.2,88,0
11-07-2023 05:45,24.2,89,0
11-07-2023 06:00,24.4,88,0
11-07-2023 06:15,24.2,88,0
11-07-2023 06:30,24.4,88,0
11-07-2023 06:45,24.4,88,0
11-07-2023 07:00,24.4,88,0
11-07-2023 07:15,24.6,88,0
11-07-2023 07:30,24.8,88,0
11-07-2023 07:45,25,87,0
11-07-2023 08:00,24.8,88,0
11-07-2023 08:15,25.7,87,0
11-07-2023 08:30,26.1,84,0
11-07-2023 08:45,26.6,82,0
11-07-2023 09:00,26.9,75,0
11-07-2023 09:15,27.6,74,0
11-07-2023 09:30,27.8,71,0
11-07-2023 09:45,28,70,0
11-07-2023 10:00,28,70,0
11-07-2023 10:15,28.2,71,0
11-07-2023 10:45,28.2,71,0
11-07-2023 11:00,29,69,0
11-07-2023 11:15,29.6,67,0
11-07-2023 11:30,29.2,67,0
11-07-2023 11:45,29,69,0
11-07-2023 12:00,28.9,70,0
11-07-2023 12:15,28.9,70,0
11-07-2023 12:30,29.5,67,0
11-07-2023 12:45,29.1,68,0
11-07-2023 13:00,28.6,70,0
11-07-2023 13:15,28.3,71,0
11-07-2023 13:30,28.2,69,0
11-07-2023 13:45,28.3,68,0
11-07-2023 14:00,28.5,68,0
11-07-2023 14:15,29.7,66,0
11-07-2023 14:30,29.8,65,0
11-07-2023 14:45,29.6,66,0
11-07-2023 15:00,29.4,66,0
11-07-2023 15:15,29.3,67,0
11-07-2023 15:30,28.9,69,0
11-07-2023 15:45,28.8,69,0
11-07-2023 16:00,29.2,66,0
11-07-2023 16:15,29,68,0
11-07-2023 16:30,28.3,70,0
11-07-2023 16:45,28.4,70,0
11-07-2023 17:00,28.5,70,0
11-07-2023 17:15,28.2,70,0
11-07-2023 17:30,27.9,71,0
11-07-2023 17:45,27.7,71,0
11-07-2023 18:00,27.4,72,0
11-07-2023 18:15,27.4,73,0
11-07-2023 18:30,27.2,74,0
11-07-2023 18:45,27,74,0
11-07-2023 19:00,26.8,74,0
11-07-2023 19:30,26.4,76,0
11-07-2023 19:45,26.1,79,0
11-07-2023 20:00,26,82,0
11-07-2023 20:15,26,80,0
11-07-2023 20:30,26,79,0
11-07-2023 20:45,25.9,79,0
11-07-2023 21:00,25.9,80,0
11-07-2023 21:15,25.8,81,0
11-07-2023 21:30,25.7,81,0
11-07-2023 21:45,25.6,83,0
11-07-2023 22:00,25.4,85,0
11-07-2023 22:15,25.2,86,0
11-07-2023 22:30,25.2,86,0
11-07-2023 22:45,25.2,86,0
11-07-2023 23:00,25.1,86,0
11-07-2023 23:15,25.1,86,0
11-07-2023 23:45,25.1,86,0
12-07-2023 00:00,25.1,86,0
12-07-2023 00:15,25.1,85,0
12-07-2023 00:30,25,86,0
12-07-2023 00:45,24.9,87,0
12-07-2023 01:00,24.7,87,0
12-07-2023 01:15,24.6,87,0
12-07-2023 01:30,24.6,88,0
12-07-2023 01:45,24.5,88,0
12-07-2023 02:00,24.5,88,0
12-07-2023 02:15,24.3,88,0
12-07-2023 02:30,24.2,89,0
12-07-2023 03:00,24.3,89,0
12-07-2023 03:15,24.4,89,0
12-07-2023 03:45,24.3,89,0
12-07-2023 04:00,24.4,89,0
12-07-2023 04:15,24.4,89,0
12-07-2023 04:30,24.4,89,0
12-07-2023 04:45,24.6,88,0
12-07-2023 05:00,24.5,88,0
12-07-2023 05:15,24.3,89,0
12-07-2023 05:30,24.2,89,0
12-07-2023 05:45,24.2,89,0
12-07-2023 06:00,24.1,90,0
12-07-2023 06:15,24.2,90,0
12-07-2023 06:30,24.2,90,0
12-07-2023 06:45,24.6,89,0
12-07-2023 07:00,24.7,88,0
12-07-2023 07:15,24.9,88,0
12-07-2023 07:30,25,88,0
12-07-2023 07:45,25.2,88,0
12-07-2023 08:00,25.2,88,0
12-07-2023 08:15,25.2,88,0
12-07-2023 08:30,25.4,87,0
12-07-2023 08:45,25.8,87,0
12-07-2023 09:00,26.2,86,0
12-07-2023 09:15,26.5,83,0
12-07-2023 09:30,26.9,79,0
12-07-2023 09:45,26.8,79,0
12-07-2023 10:00,27.1,78,0
12-07-2023 10:15,27.4,77,0
12-07-2023 10:30,27.7,75,0
12-07-2023 10:45,27.7,75,0
12-07-2023 11:00,28.1,73,0
12-07-2023 11:15,29.1,72,0
12-07-2023 11:30,29.7,68,0
12-07-2023 11:45,29.9,68,0
12-07-2023 12:00,30.2,65,0
12-07-2023 12:15,29.8,64,0
12-07-2023 12:30,30,65,0
12-07-2023 12:45,29.7,65,0
12-07-2023 13:00,29.5,67,0
12-07-2023 13:15,29.3,66,0
12-07-2023 13:30,29.3,65,0
12-07-2023 13:45,29.4,65,0
12-07-2023 14:00,29.6,66,0
12-07-2023 14:15,29.4,66,0
12-07-2023 14:30,28.9,68,0
12-07-2023 14:45,28.9,68,0
12-07-2023 15:00,29.1,69,0
12-07-2023 15:15,28.7,70,0
12-07-2023 15:30,28.9,69,0
12-07-2023 15:45,28.8,69,0
12-07-2023 16:00,28.6,70,0
12-07-2023 16:15,28.3,70,0
12-07-2023 16:30,28.2,70,0
12-07-2023 16:45,27.9,71,0
12-07-2023 17:00,27.7,72,0
12-07-2023 17:15,27.7,72,0
12-07-2023 17:30,27.3,74,0
12-07-2023 17:45,27.2,75,0
12-07-2023 18:00,27.2,74,0
12-07-2023 18:15,27,74,0
12-07-2023 18:30,26.8,75,0
12-07-2023 18:45,26.8,76,0
12-07-2023 19:00,26.6,77,0
12-07-2023 19:15,26.5,78,0
12-07-2023 19:30,26.5,79,0
12-07-2023 19:45,26.2,82,0
12-07-2023 20:00,25.9,84,0
12-07-2023 20:15,25.8,85,0
12-07-2023 20:30,25.7,86,0
12-07-2023 20:45,25.6,86,0
12-07-2023 21:00,25.4,87,0
12-07-2023 21:15,25.3,87,0
12-07-2023 21:30,25.4,87,0
12-07-2023 21:45,25.4,87,0
12-07-2023 22:00,25.3,88,0
12-07-2023 22:15,25.3,88,0
12-07-2023 22:30,25.2,88,0
12-07-2023 22:45,24.9,89,0
12-07-2023 23:00,25,88,0
12-07-2023 23:15,25,88,0
12-07-2023 23:30,25,89,0
12-07-2023 23:45,24.9,89,0
13-07-2023 00:00,24.9,89,0
13-07-2023 00:15,25,89,0
13-07-2023 00:30,24.9,89,0
13-07-2023 00:45,24.9,89,0
13-07-2023 01:00,25,89,0
13-07-2023 01:15,25,89,0
13-07-2023 01:30,25,89,0
13-07-2023 01:45,24.9,89,0
13-07-2023 02:00,25,88,0
13-07-2023 02:15,25,88,0
13-07-2023 02:30,25.1,88,0
13-07-2023 02:45,25.1,88,0
13-07-2023 03:00,24.8,88,0
13-07-2023 03:15,24.8,89,0
13-07-2023 03:30,24.7,89,0
13-07-2023 04:15,24.7,89,0
13-07-2023 04:45,24.7,89,0
13-07-2023 05:00,24.7,89,0
13-07-2023 05:15,24.6,89,0
13-07-2023 05:30,24.4,90,0
13-07-2023 05:45,24.4,90,0
13-07-2023 06:00,24.3,90,0
13-07-2023 06:15,24.3,90,0
13-07-2023 06:30,24.3,89,0
13-07-2023 06:45,24.6,89,0
13-07-2023 07:00,24.7,88,0
13-07-2023 07:15,24.9,88,0
13-07-2023 07:30,25.4,87,0
13-07-2023 07:45,25.6,86,0
13-07-2023 08:00,25.7,86,0
13-07-2023 08:15,25.7,86,0
13-07-2023 08:30,26.4,86,0
13-07-2023 08:45,27.6,81,0
13-07-2023 09:00,27.4,78,0
13-07-2023 09:15,27.6,74,0
13-07-2023 09:30,27.6,74,0
13-07-2023 09:45,27.6,74,0
13-07-2023 10:00,28,73,0
13-07-2023 10:15,27.7,73,0
13-07-2023 10:30,27.3,74,0
13-07-2023 10:45,27.4,75,0
13-07-2023 11:00,27.8,74,0
13-07-2023 11:15,28.1,73,0
13-07-2023 11:30,28.3,72,0
13-07-2023 12:15,28.7,72,0
13-07-2023 12:30,27.5,75,0
13-07-2023 12:45,27.7,75,0
13-07-2023 13:00,27.9,74,0
13-07-2023 13:15,28.5,72,0
13-07-2023 13:30,29.1,69,0
13-07-2023 13:45,29.1,68,0
13-07-2023 14:00,28.8,69,0
13-07-2023 14:15,28.8,70,0
13-07-2023 14:30,28.9,70,0
13-07-2023 14:45,29,70,0
13-07-2023 15:00,29.3,68,0
13-07-2023 15:15,29.5,68,0
13-07-2023 15:30,29.2,68,0
13-07-2023 15:45,29.3,69,0
13-07-2023 16:00,29.1,70,0
13-07-2023 16:15,28.8,69,0
13-07-2023 16:30,29.4,68,0
13-07-2023 16:45,29.1,69,0
13-07-2023 17:00,28.4,69,0
13-07-2023 17:15,28.4,70,0
13-07-2023 17:30,28.2,71,0
13-07-2023 17:45,27.7,75,0
13-07-2023 18:00,27,80,0
13-07-2023 18:15,26.7,81,0
13-07-2023 18:30,26.9,81,0
13-07-2023 18:45,26.7,82,0
13-07-2023 19:00,26.4,83,0
13-07-2023 19:15,26.1,85,0
13-07-2023 19:30,26.2,86,0
13-07-2023 19:45,26.1,86,0
13-07-2023 20:00,26.1,86,0
13-07-2023 20:15,26,85,0
13-07-2023 20:30,25.9,86,0
13-07-2023 20:45,25.6,87,0
13-07-2023 21:00,24.7,90,0
13-07-2023 21:15,24.4,91,0
13-07-2023 21:30,24.3,92,0
13-07-2023 21:45,24.3,91,0
13-07-2023 22:00,24.6,90,0
13-07-2023 22:15,24.7,89,0
13-07-2023 22:30,24.8,89,0
13-07-2023 22:45,24.7,89,0
13-07-2023 23:00,24.6,89,0
13-07-2023 23:15,24.6,89,0
13-07-2023 23:30,24.6,89,0
13-07-2023 23:45,24.1,91,0
14-07-2023 00:00,24,91,0
14-07-2023 00:15,23.9,91,0
14-07-2023 00:30,23.9,91,0
14-07-2023 00:45,24,91,0
14-07-2023 01:00,24,91,0
14-07-2023 01:15,24.1,91,0
14-07-2023 01:30,24.3,90,0
14-07-2023 01:45,24.4,90,0
14-07-2023 02:00,24.4,90,0
14-07-2023 02:15,24.4,90,0
14-07-2023 02:30,24.4,90,0
14-07-2023 02:45,24.4,90,0
14-07-2023 03:00,24.4,90,0
14-07-2023 03:15,24,92,0
14-07-2023 03:30,24.2,91,0
14-07-2023 03:45,24.2,91,0
14-07-2023 04:00,24.2,91,0
14-07-2023 04:15,24.2,90,0
14-07-2023 04:45,23.9,91,0
14-07-2023 05:00,23.7,91,0
14-07-2023 05:15,23.8,91,0
14-07-2023 05:30,23.9,91,0
14-07-2023 05:45,24,91,0
14-07-2023 06:00,24.1,91,0
14-07-2023 06:15,24.2,91,0
14-07-2023 06:30,24.3,90,0
14-07-2023 06:45,24.5,90,0
14-07-2023 07:00,24.7,90,0
14-07-2023 07:15,24.5,90,0
14-07-2023 07:30,24.5,91,0
14-07-2023 07:45,24.9,90,0
14-07-2023 08:00,24.3,92,0
14-07-2023 08:15,24.1,93,0.5
14-07-2023 08:30,24.7,92,0.5
14-07-2023 08:45,25.4,89,0
14-07-2023 09:00,26.3,86,0
14-07-2023 09:15,27,80,0
14-07-2023 09:30,27.6,78,0
14-07-2023 09:45,27.5,78,0
14-07-2023 10:00,27.4,77,0
14-07-2023 10:15,27.6,75,0
14-07-2023 10:45,27.9,73,0
14-07-2023 11:00,27.3,75,0
14-07-2023 11:15,26,87,0
14-07-2023 11:30,24.9,91,0
14-07-2023 11:45,25.2,91,0
14-07-2023 12:00,26.3,89,0
14-07-2023 12:15,26.6,86,0
14-07-2023 12:30,26.6,86,0
14-07-2023 12:45,26.6,85,0
14-07-2023 13:00,27.1,81,0
14-07-2023 13:15,26.3,86,0
14-07-2023 13:30,25.2,89,0
14-07-2023 13:45,25.5,89,0
14-07-2023 14:00,25.3,88,0
14-07-2023 14:15,25.2,90,0
14-07-2023 14:30,24.7,91,0.5
14-07-2023 14:45,24.5,91,1
14-07-2023 15:00,25.1,91,1
14-07-2023 15:15,25.9,88,1
14-07-2023 15:30,26.1,87,1
14-07-2023 15:45,26.1,87,1
14-07-2023 16:00,25.6,84,1
14-07-2023 16:15,25.5,84,1
14-07-2023 16:30,24.9,87,1
14-07-2023 16:45,25.5,80,1
14-07-2023 17:00,25.2,79,1
14-07-2023 17:15,24.9,83,1
14-07-2023 17:30,24.8,81,1
14-07-2023 17:45,24.8,78,1
14-07-2023 18:00,24.7,80,1
14-07-2023 18:15,24.6,82,1
14-07-2023 18:30,24.6,84,1
14-07-2023 18:45,24.5,86,1
14-07-2023 19:00,24.4,86,1
14-07-2023 19:15,24.2,87,1
14-07-2023 19:30,24.2,88,1
14-07-2023 19:45,24,88,1
14-07-2023 20:00,23.9,89,1
14-07-2023 20:15,23.8,90,1
14-07-2023 20:30,23.5,91,1
14-07-2023 20:45,23.4,92,1
14-07-2023 21:00,23.4,92,1
14-07-2023 21:15,23.5,92,1
14-07-2023 21:30,23.6,91,1
14-07-2023 21:45,24,89,1
14-07-2023 22:00,24,88,1
14-07-2023 22:15,24,88,1
14-07-2023 22:30,24.1,88,1
14-07-2023 22:45,24.2,88,1
14-07-2023 23:00,24.1,88,1
14-07-2023 23:15,24.1,88,1
14-07-2023 23:30,24.1,89,1
14-07-2023 23:45,24.1,89,1
15-07-2023 00:00,24,89,1
15-07-2023 00:15,24,90,1
15-07-2023 00:30,24,90,1
15-07-2023 00:45,24.1,90,1
15-07-2023 01:00,24.1,90,1
15-07-2023 01:15,24.3,90,1
15-07-2023 01:30,24.5,90,1
15-07-2023 01:45,24.5,90,1
15-07-2023 02:00,24.6,90,1
15-07-2023 02:15,24.5,90,1
15-07-2023 02:30,24.5,90,1
15-07-2023 03:00,24.6,90,1
15-07-2023 03:15,24.6,90,1
15-07-2023 03:30,24.6,90,1
15-07-2023 03:45,24.5,90,1
15-07-2023 04:00,24.8,88,1
15-07-2023 04:15,24.7,89,1
15-07-2023 04:30,24.5,89,1
15-07-2023 04:45,24.9,88,1
15-07-2023 05:00,24.9,88,1
15-07-2023 05:15,24.8,88,1
15-07-2023 05:30,24.8,88,1
15-07-2023 05:45,24.9,88,1
15-07-2023 06:00,24.7,88,1
15-07-2023 06:15,24.6,89,1
15-07-2023 06:30,24.6,89,1
15-07-2023 06:45,24.8,89,1
15-07-2023 07:00,25,89,1
15-07-2023 07:15,25.1,89,1
15-07-2023 07:30,25.4,88,1
15-07-2023 07:45,25.9,88,1
15-07-2023 08:00,25.6,88,1
15-07-2023 08:15,26.2,87,1
15-07-2023 08:30,26.6,82,1
15-07-2023 08:45,27.2,78,0
15-07-2023 09:00,27.5,77,0
15-07-2023 09:15,27.4,76,0
15-07-2023 09:30,27,78,0
15-07-2023 09:45,26.9,80,0
15-07-2023 10:00,25,90,0.5
15-07-2023 10:15,26,88,0.5
15-07-2023 10:30,27.2,84,0.5
15-07-2023 10:45,27.6,80,0.5
15-07-2023 11:00,28.4,76,0.5
15-07-2023 11:15,28.4,76,0.5
15-07-2023 11:30,28.8,73,0.5
15-07-2023 11:45,29.2,69,0.5
15-07-2023 12:00,28.7,75,0.5
15-07-2023 12:30,29.5,71,0.5
15-07-2023 12:45,30.3,69,0.5
15-07-2023 13:00,29.3,70,0.5
15-07-2023 13:15,28.7,68,0.5
15-07-2023 13:30,29.8,68,0.5
15-07-2023 13:45,30.2,68,0.5
15-07-2023 14:00,29.5,68,0.5
15-07-2023 14:15,29.7,68,0.5
15-07-2023 14:30,30.2,69,0.5
15-07-2023 14:45,29.4,72,0.5
15-07-2023 15:00,28,79,0.5
15-07-2023 15:15,28.4,73,0.5
15-07-2023 15:30,28.8,72,0.5
15-07-2023 15:45,28.3,73,0.5
15-07-2023 16:00,26.8,84,0.5
15-07-2023 16:15,27.8,76,0.5
15-07-2023 16:30,27.8,75,0.5
15-07-2023 16:45,27.2,76,0.5
15-07-2023 17:00,25.3,87,0.5
15-07-2023 17:15,25.8,86,0.5
15-07-2023 17:30,26.4,83,0.5
15-07-2023 17:45,26.6,83,0.5
15-07-2023 18:00,26.7,83,0.5
15-07-2023 18:30,26.5,80,0.5
15-07-2023 18:45,26.2,82,0.5
15-07-2023 19:00,26.2,83,0.5
15-07-2023 19:15,26.1,81,0.5
15-07-2023 19:30,25.9,82,0.5
15-07-2023 19:45,25.8,83,0.5
15-07-2023 20:00,25.8,84,0.5
15-07-2023 20:15,25.7,85,0.5
15-07-2023 20:30,25.6,85,0.5
15-07-2023 20:45,25.6,86,0.5
15-07-2023 21:00,25.5,86,0.5
15-07-2023 21:15,25.4,86,0.5
15-07-2023 21:30,25.5,85,0.5
15-07-2023 21:45,25.5,84,0.5
15-07-2023 22:00,25.4,85,0.5
15-07-2023 22:15,25.5,83,0.5
15-07-2023 22:30,25.5,83,0.5
15-07-2023 22:45,25.3,84,0.5
15-07-2023 23:00,25.2,86,0.5
15-07-2023 23:15,25,87,0.5
15-07-2023 23:30,24.9,87,0.5
15-07-2023 23:45,24.9,86,0.5
16-07-2023 00:00,24.9,86,0.5
16-07-2023 00:15,24.8,87,0.5
16-07-2023 00:30,24.7,87,0.5
16-07-2023 00:45,24.8,87,0.5
16-07-2023 01:00,24.6,87,0.5
16-07-2023 01:15,24.6,88,0.5
16-07-2023 01:30,24.5,88,0.5
16-07-2023 01:45,24.5,88,0.5
16-07-2023 02:00,24.4,88,0.5
16-07-2023 02:15,24.3,89,0.5
16-07-2023 02:30,24.2,88,0.5
16-07-2023 02:45,24.3,88,0.5
16-07-2023 03:00,24.1,89,0.5
16-07-2023 03:15,24.1,89,0.5
16-07-2023 03:30,24,89,0.5
16-07-2023 03:45,24.1,89,0.5
16-07-2023 04:00,24.3,88,0.5
16-07-2023 04:15,24.2,88,0.5
16-07-2023 04:45,24.5,87,0.5
16-07-2023 05:00,24.4,87,0.5
16-07-2023 05:15,24.3,88,0.5
16-07-2023 05:30,24.3,89,0.5
16-07-2023 05:45,24.3,89,0.5
16-07-2023 06:00,24.3,89,0.5
16-07-2023 06:15,24.2,89,0.5
16-07-2023 06:30,24,90,0.5
16-07-2023 06:45,24,90,0.5
16-07-2023 07:00,24.2,90,0.5
16-07-2023 07:15,24.3,89,0.5
16-07-2023 07:30,24.5,89,0.5
16-07-2023 07:45,24.7,89,0.5
16-07-2023 08:00,25,89,0.5
16-07-2023 08:15,25.3,88,0.5
16-07-2023 08:30,24.2,91,1
16-07-2023 08:45,24.3,90,0
16-07-2023 09:00,25,90,0
16-07-2023 09:15,25.3,88,0
16-07-2023 09:30,25.8,87,0
16-07-2023 09:45,26.5,83,0
16-07-2023 10:00,26.6,80,0
16-07-2023 10:15,27,79,0
16-07-2023 10:45,27.9,74,0
16-07-2023 11:00,27.9,73,0
16-07-2023 11:15,28.1,73,0
16-07-2023 11:30,28.6,71,0
16-07-2023 11:45,28.9,69,0
16-07-2023 12:00,28.1,72,0
16-07-2023 12:15,25,88,0
16-07-2023 12:30,25.2,89,0
16-07-2023 12:45,26.5,88,0
16-07-2023 13:00,27.3,81,0
16-07-2023 13:15,27.6,75,0
16-07-2023 13:30,27.6,76,0
16-07-2023 13:45,24.7,90,1
16-07-2023 14:00,24.7,92,2
16-07-2023 14:15,24,91,3
16-07-2023 14:30,24.3,91,3
16-07-2023 14:45,24.7,90,3
16-07-2023 15:00,24.9,90,3
16-07-2023 15:15,24.6,91,3
16-07-2023 15:30,25.1,88,3
16-07-2023 16:15,25.5,88,3
16-07-2023 16:45,25.5,87,3
16-07-2023 17:00,25.4,87,3
16-07-2023 17:15,25.1,88,3
16-07-2023 17:30,25.2,88,3
16-07-2023 17:45,25.4,88,3
16-07-2023 18:00,25.5,88,3
16-07-2023 18:15,25.7,88,3
16-07-2023 18:30,25.7,87,3
16-07-2023 18:45,25.7,86,3
16-07-2023 19:00,25.6,86,3
16-07-2023 19:15,25.4,87,3
16-07-2023 19:30,25.3,87,3
16-07-2023 19:45,25.2,88,3
16-07-2023 20:00,24.5,89,3
16-07-2023 20:15,23.6,92,4
16-07-2023 20:30,23.5,92,4.5
16-07-2023 20:45,23.5,93,4.5
16-07-2023 21:00,23.7,91,4.5
16-07-2023 21:15,24.1,89,4.5
16-07-2023 21:30,24.1,89,4.5
16-07-2023 21:45,24,90,4.5
16-07-2023 22:00,24,90,4.5
16-07-2023 22:15,24.1,90,4.5
16-07-2023 22:30,24,90,4.5
16-07-2023 22:45,24.1,90,4.5
16-07-2023 23:00,24.2,90,4.5
16-07-2023 23:15,24.1,90,4.5
16-07-2023 23:30,24,90,4.5
16-07-2023 23:45,23.5,91,4.5
17-07-2023 00:00,23.6,90,4.5
17-07-2023 00:15,23.8,90,4.5
17-07-2023 00:30,23.8,90,4.5
17-07-2023 00:45,23.7,90,4.5
17-07-2023 01:00,23.7,90,4.5
17-07-2023 01:15,23.7,91,4.5
17-07-2023 01:30,23.7,91,4.5
17-07-2023 01:45,23.7,91,4.5
17-07-2023 02:00,23.9,91,4.5
17-07-2023 02:15,23.9,90,4.5
17-07-2023 02:30,23.9,90,4.5
17-07-2023 02:45,24.2,89,4.5
17-07-2023 03:00,24.3,89,4.5
17-07-2023 03:15,24.4,88,4.5
17-07-2023 03:30,24.3,88,4.5
17-07-2023 03:45,24.2,89,4.5
17-07-2023 04:00,23.6,90,5
17-07-2023 04:15,23.2,91,5
17-07-2023 04:45,23.4,90,5
17-07-2023 05:00,23.7,90,5
17-07-2023 05:15,23.6,90,5
17-07-2023 05:30,23.7,89,5
17-07-2023 05:45,23.6,89,5
17-07-2023 06:00,23.5,90,5
17-07-2023 06:15,23.5,91,5
17-07-2023 06:30,23.5,91,5
17-07-2023 06:45,23.7,91,5
17-07-2023 07:00,23.9,91,5
17-07-2023 07:15,24.1,90,5
17-07-2023 07:30,24.4,90,5
17-07-2023 07:45,24.7,90,5
17-07-2023 08:00,24.9,89,5
17-07-2023 08:15,24.2,90,5
17-07-2023 08:30,24.1,92,5
17-07-2023 08:45,24.5,90,0
17-07-2023 09:00,25.1,88,0
17-07-2023 09:15,25.4,87,0
17-07-2023 09:45,25.2,89,0
17-07-2023 10:00,25.7,89,0
17-07-2023 10:15,25.6,88,0
17-07-2023 10:30,25.4,90,0
17-07-2023 10:45,25.1,90,0
17-07-2023 11:00,24.9,90,0
17-07-2023 11:15,25.3,90,0
17-07-2023 11:30,25.8,90,0
17-07-2023 11:45,25.5,90,0
17-07-2023 12:00,25.9,88,0
17-07-2023 12:15,25.8,89,0
17-07-2023 12:30,26.1,88,0
17-07-2023 12:45,26.8,85,0
17-07-2023 13:00,26.8,86,0
17-07-2023 13:15,26.2,86,0
17-07-2023 13:30,25.6,89,0
17-07-2023 13:45,25.6,89,0
17-07-2023 14:00,25,91,0
17-07-2023 14:15,24.8,90,0
17-07-2023 14:30,25.4,89,0
17-07-2023 15:15,24.5,92,0.5
17-07-2023 15:30,24.8,91,0.5
17-07-2023 15:45,25,91,0.5
17-07-2023 16:00,25.3,90,0.5
17-07-2023 16:15,25.6,88,0.5
17-07-2023 16:30,25.5,89,0.5
17-07-2023 16:45,25.6,88,0.5
17-07-2023 17:00,25.5,88,0.5
17-07-2023 17:15,25,90,0.5
17-07-2023 17:30,25.4,89,0.5
17-07-2023 17:45,25.3,89,0.5
17-07-2023 18:00,24.2,92,2
17-07-2023 18:15,24.2,92,2
17-07-2023 18:30,24.3,92,2
17-07-2023 18:45,24,92,2.5
17-07-2023 19:00,23.8,93,3.5
17-07-2023 19:15,23.8,93,4
17-07-2023 19:30,23.8,93,4
17-07-2023 19:45,23.8,93,4
17-07-2023 20:00,23.7,93,4
17-07-2023 20:15,23.5,93,4
17-07-2023 20:30,23.6,93,4
17-07-2023 21:15,23.5,93,4
17-07-2023 21:30,23.4,93,4
17-07-2023 21:45,23.4,93,4
17-07-2023 22:00,23.5,93,4.5
17-07-2023 22:15,23.6,93,4.5
17-07-2023 22:30,23.6,93,4.5
17-07-2023 22:45,23.6,93,4.5
17-07-2023 23:00,23.6,93,4.5
17-07-2023 23:15,23.7,93,4.5
17-07-2023 23:30,23.8,93,4.5
17-07-2023 23:45,23.7,93,4.5
18-07-2023 00:00,23.5,92.5,4.5
18-07-2023 00:15,23.5,93.1,4.5
18-07-2023 00:30,23.5,93.2,4.5
18-07-2023 00:45,23.6,93,4.5
18-07-2023 01:00,23.6,92.9,4.5
18-07-2023 01:15,23.6,92.1,4.5
18-07-2023 01:30,23.6,91.4,4.5
18-07-2023 01:45,23.6,91.8,4.5
18-07-2023 02:00,23.7,92.2,4.5
18-07-2023 02:15,23.9,91.9,4.5
18-07-2023 02:30,24,91.3,4.5
18-07-2023 02:45,23.5,90.5,4.5
18-07-2023 03:00,23.5,91.1,4.5
18-07-2023 03:15,23.6,91.3,4.5
18-07-2023 03:30,23.8,91.2,4.5
18-07-2023 03:45,23.2,90.7,4.5
18-07-2023 04:00,23.3,91.2,4.5
18-07-2023 04:15,23.8,91.9,4.5
18-07-2023 04:30,23.2,91.9,
18-07-2023 04:45,23.8,91.5,4.5
18-07-2023 05:00,23.5,91.9,5
18-07-2023 05:15,23.6,91.2,5
18-07-2023 05:30,23.8,90.1,5
18-07-2023 05:45,23.8,90.5,5
18-07-2023 06:00,23.8,89.9,5
18-07-2023 06:15,23.8,89.6,5
18-07-2023 06:30,23.6,90.7,5
18-07-2023 06:45,23.5,91.8,5
18-07-2023 07:00,23.6,92.3,5
18-07-2023 07:15,23.6,92.4,5
18-07-2023 07:30,24,91.2,5
18-07-2023 07:45,24.6,88.8,5
18-07-2023 08:00,25,86.5,5
18-07-2023 08:15,25.1,87.3,5
18-07-2023 08:30,25.2,87.7,5
18-07-2023 08:45,25.6,86.7,0
18-07-2023 09:00,25.2,86.8,0
18-07-2023 09:15,25,88.2,0
18-07-2023 09:30,25.2,88.5,0
18-07-2023 09:45,25.9,87.5,0
18-07-2023 10:00,26,86.6,0
18-07-2023 10:15,26.3,84.7,0
18-07-2023 10:30,25.9,83.5,0
18-07-2023 10:45,24.3,87.5,0.5
18-07-2023 11:00,25,87.1,0.5
18-07-2023 11:15,25.7,84.6,0.5
18-07-2023 11:30,25.6,82.9,0.5
18-07-2023 11:45,24.9,86.8,0.5
18-07-2023 12:00,25.9,84.4,0.5
18-07-2023 12:15,26.6,80.8,0.5
18-07-2023 12:30,26.7,79.5,0.5
18-07-2023 12:45,26.6,80.2,0.5
18-07-2023 13:00,27.1,79.6,0.5
18-07-2023 13:15,27.6,78.7,0.5
18-07-2023 13:30,27.7,77.5,0.5
18-07-2023 13:45,27.8,74.9,0.5
18-07-2023 14:00,28,75.1,0.5
18-07-2023 14:15,28.3,77.1,0.5
18-07-2023 14:30,27.5,76.9,0.5
18-07-2023 14:45,27.3,76,0.5
18-07-2023 15:00,25.7,80,0.5
18-07-2023 15:15,24.7,88,0.5
18-07-2023 15:30,24.9,89.6,0.5
18-07-2023 15:45,24.8,88,0
18-07-2023 16:00,24.8,87,0.5
18-07-2023 16:15,24.4,88.7,0.5
18-07-2023 16:45,24.2,89.7,1
18-07-2023 17:00,24.1,91.1,1
18-07-2023 17:15,24.1,91.5,1
18-07-2023 17:30,24.4,89.7,1
18-07-2023 17:45,24.6,87.3,1
18-07-2023 18:00,24.5,87.4,1
18-07-2023 18:15,24.7,87.6,1
18-07-2023 18:30,24.8,87.5,1
18-07-2023 18:45,24,89.4,1
18-07-2023 19:00,23.8,89.6,1.5
18-07-2023 19:15,23.8,89.6,1.5
18-07-2023 19:30,23.7,89.5,1.5
18-07-2023 19:45,23.6,89.8,1.5
18-07-2023 20:00,23.6,90.8,1.5
18-07-2023 20:15,23.5,91.2,1.5
18-07-2023 20:30,23.4,91.6,1.5
18-07-2023 20:45,23.5,91.9,1.5
18-07-2023 21:00,23.7,91.1,1.5
18-07-2023 21:15,24,88.6,1.5
18-07-2023 21:30,24,89.5,1.5
18-07-2023 21:45,24.2,89.4,1.5
18-07-2023 22:00,24.4,87.3,1.5
18-07-2023 22:15,24.4,86.7,1.5
18-07-2023 22:30,24.3,87.7,1.5
18-07-2023 22:45,24.4,87.7,1.5
18-07-2023 23:00,24.4,87.3,1.5
18-07-2023 23:15,24.4,87.7,1.5
18-07-2023 23:30,23.9,89.6,1.5
18-07-2023 23:45,23.7,90.7,2
19-07-2023 00:00,23.8,91.4,2
19-07-2023 00:15,23.9,91.5,2
19-07-2023 00:30,23.8,92.1,2.5
19-07-2023 00:45,23.8,93,3
19-07-2023 01:00,23.7,93.2,3
19-07-2023 01:15,23.8,92.6,3
19-07-2023 01:30,23.7,91.7,3
19-07-2023 01:45,23.9,91.1,3
19-07-2023 02:00,24.3,89,3
19-07-2023 02:15,24,89.7,3
19-07-2023 02:30,23.6,92,3.5
19-07-2023 03:15,23.4,92.9,4
19-07-2023 03:45,23.9,92.6,4
19-07-2023 04:00,24.1,92.7,4
19-07-2023 04:15,24.2,92.3,4
19-07-2023 04:30,23.9,88.4,4
19-07-2023 04:45,23.8,87.2,4
19-07-2023 05:00,24,87.9,4
19-07-2023 05:15,24,88.4,4
19-07-2023 05:30,24.1,89.3,4
19-07-2023 05:45,23.6,87.7,4
19-07-2023 06:00,23.3,86.4,4
19-07-2023 06:15,23.3,86.9,4
19-07-2023 06:30,23.2,88.8,4
19-07-2023 06:45,23.1,91.2,4
19-07-2023 07:00,23.1,91.7,4
19-07-2023 07:15,23.2,91.8,4.5
19-07-2023 07:30,23.2,92.3,4.5
19-07-2023 07:45,23.2,92.6,6
19-07-2023 08:00,23.1,91.9,7
19-07-2023 08:15,23.2,91.7,7.5
19-07-2023 08:30,23.4,92.8,8
19-07-2023 08:45,23.6,93.1,0.5
19-07-2023 09:00,23.9,93.5,0.5
19-07-2023 09:15,24.5,93.1,0.5
19-07-2023 09:30,24.7,92,0.5
19-07-2023 09:45,24.5,90.3,0.5
19-07-2023 10:00,24.5,88.7,0.5
19-07-2023 10:15,24.8,88.4,0.5
19-07-2023 10:30,25,88.3,0.5
19-07-2023 10:45,25.1,89.6,0.5
19-07-2023 11:00,25.6,88.6,0.5
19-07-2023 11:15,25.4,88.2,0.5
19-07-2023 11:30,25.4,87.2,0.5
19-07-2023 11:45,25.2,86.3,0.5
19-07-2023 12:00,25.6,87.3,0.5
19-07-2023 12:15,25.4,87.7,0.5
19-07-2023 12:30,25.1,87.9,0.5
19-07-2023 12:45,25.5,84.8,0.5
19-07-2023 13:00,25.9,87.3,0.5
19-07-2023 13:15,25.8,85.6,0.5
19-07-2023 13:30,26,85.8,0.5
19-07-2023 13:45,25.7,82.9,0.5
19-07-2023 14:00,26.1,81.9,0.5
19-07-2023 14:15,26.5,81.2,0.5
19-07-2023 14:30,26.7,80.3,0.5
19-07-2023 14:45,26.8,80.1,0.5
19-07-2023 15:15,26.1,82.4,0.5
19-07-2023 15:30,25.8,83.9,0.5
19-07-2023 15:45,25.5,84.8,0.5
19-07-2023 16:00,25.4,85.1,0.5
19-07-2023 16:15,25.8,83.8,0.5
19-07-2023 16:30,25.4,84.1,0.5
19-07-2023 16:45,25.6,84.4,0.5
19-07-2023 17:00,25.5,84.8,0.5
19-07-2023 17:15,25.3,84.9,0.5
19-07-2023 17:30,25.4,84.7,0.5
19-07-2023 17:45,24.8,86.4,0.5
19-07-2023 18:00,24.3,88.5,0.5
19-07-2023 18:15,24.4,89,0.5
19-07-2023 18:30,24.4,88.9,0.5
19-07-2023 18:45,24.2,89.6,0.5
19-07-2023 19:00,24.1,90.6,0.5
19-07-2023 19:15,24,90.9,0.5
19-07-2023 19:30,23.9,91.2,0.5
19-07-2023 19:45,23.8,91.6,0.5
19-07-2023 20:00,23.8,92.2,0.5
19-07-2023 20:15,23.7,92.6,0.5
19-07-2023 20:30,23.6,92.6,1
19-07-2023 20:45,23.6,92.6,1
19-07-2023 21:00,23.7,92.6,1
19-07-2023 21:15,23.6,92.4,1
19-07-2023 21:45,23.5,92,1
19-07-2023 22:00,23.4,92.1,1
19-07-2023 22:15,23.4,92.5,1.5
19-07-2023 22:30,23.3,92.7,1.5
19-07-2023 22:45,23.3,92.7,1.5
19-07-2023 23:00,23.2,92.5,1.5
19-07-2023 23:15,23.2,91.9,1.5
19-07-2023 23:30,23.4,92.4,1.5
19-07-2023 23:45,23.5,92.4,2
20-07-2023 00:00,23.5,92.6,2
20-07-2023 00:15,23.5,93.1,2.5
20-07-2023 00:30,23.5,93.4,2.5
20-07-2023 00:45,23.6,93.4,2.5
20-07-2023 01:00,24,90.7,2.5
20-07-2023 01:15,24.1,90,2.5
20-07-2023 01:30,24.3,90,2.5
20-07-2023 01:45,24.5,88.9,2.5
20-07-2023 02:00,24.7,87.5,2.5
20-07-2023 02:15,24.7,86.8,2.5
20-07-2023 02:30,24,89.4,2.5
20-07-2023 02:45,24,90.1,2.5
20-07-2023 03:00,24,91.1,2.5
20-07-2023 03:15,23.8,92,2.5
20-07-2023 03:30,23.7,92.7,2.5
20-07-2023 04:15,24.6,91.3,2.5
20-07-2023 04:45,24.5,88.7,2.5
20-07-2023 05:00,24,88.4,2.5
20-07-2023 05:15,23.9,87.8,2.5
20-07-2023 05:30,23.8,88.3,3
20-07-2023 05:45,23.6,89.3,3
20-07-2023 06:00,23.5,90.8,3
20-07-2023 06:15,23.7,91.9,3
20-07-2023 06:30,23.8,92.3,3
20-07-2023 06:45,24,92,3
20-07-2023 07:00,24.2,90.9,3
20-07-2023 07:30,24,91.7,3
20-07-2023 07:45,24.3,90.5,3
20-07-2023 08:00,24,89.6,3
20-07-2023 08:15,24.5,91.1,3
20-07-2023 08:30,24.9,90.3,3
20-07-2023 08:45,25.2,88.8,0
20-07-2023 09:00,25.5,90.4,0
20-07-2023 09:15,26,86.4,0
20-07-2023 09:30,26.3,86.1,0
20-07-2023 09:45,26.4,85.4,0
20-07-2023 10:00,26.7,85,0
20-07-2023 10:15,26.9,84,0
20-07-2023 10:30,27,83.4,0
20-07-2023 10:45,26.9,82,0
20-07-2023 11:00,26.9,80.8,0
20-07-2023 11:15,26.9,79.9,0
20-07-2023 11:30,27.5,80.2,0
20-07-2023 12:00,26,84.2,0
20-07-2023 12:15,26.5,80.9,0
20-07-2023 12:45,25.7,85.3,0
20-07-2023 13:00,25.5,84.9,0
20-07-2023 13:15,26.5,84.8,0
20-07-2023 13:30,25.3,83.1,0
20-07-2023 13:45,24.7,84.6,1
20-07-2023 14:00,24.9,90.4,1
20-07-2023 14:15,25,90.3,1
20-07-2023 14:30,25.9,86.9,1
20-07-2023 14:45,26.5,84.7,1
20-07-2023 15:00,26.6,81.3,1
20-07-2023 15:15,26.7,81.5,1
20-07-2023 15:30,27.8,82.3,1
20-07-2023 15:45,27.3,80.2,1
20-07-2023 16:00,24.8,77.2,1
20-07-2023 16:15,25.5,86,1
20-07-2023 16:30,26.7,86.5,1
20-07-2023 16:45,26.5,79.3,1
20-07-2023 17:00,26.5,81,1
20-07-2023 17:15,26.1,80.7,1
20-07-2023 17:30,26,81.4,1
20-07-2023 17:45,25.8,83.3,1
20-07-2023 18:00,25.7,82.1,1
20-07-2023 18:15,25.5,82.3,1
20-07-2023 18:30,25.5,82.9,1
20-07-2023 18:45,25.4,83,1
20-07-2023 19:00,25.2,83,1
20-07-2023 19:15,25,84,1
20-07-2023 19:30,24.9,83.7,1
20-07-2023 19:45,24.8,84.7,1
20-07-2023 20:00,24.8,85.4,1
20-07-2023 20:15,24.7,85.4,1
20-07-2023 20:30,24.5,85.6,1
20-07-2023 20:45,24.2,85.7,1
20-07-2023 21:00,24.2,87.9,1
20-07-2023 21:15,24.5,88,1
20-07-2023 21:30,24.6,84.9,1
20-07-2023 21:45,24.5,83.1,1
20-07-2023 22:00,24.6,83.4,1
20-07-2023 22:15,24.5,83.6,1
20-07-2023 22:30,24.4,84,1
20-07-2023 22:45,24.4,85.8,1
20-07-2023 23:00,24.3,86.4,1
20-07-2023 23:15,24.3,86.8,1
20-07-2023 23:30,24.5,87,1
20-07-2023 23:45,24.7,86.2,1
21-07-2023 00:00,24.4,86.1,1
21-07-2023 00:15,24.3,88.2,1
21-07-2023 00:30,24.3,88.9,1
21-07-2023 00:45,24.3,89,1
21-07-2023 01:00,24.6,86.7,1
21-07-2023 01:15,24.5,87,1
21-07-2023 01:30,24.4,88.2,1
21-07-2023 01:45,24.3,88.9,1
21-07-2023 02:00,23.9,90.3,1.5
21-07-2023 02:15,23.7,92.3,1.5
21-07-2023 02:30,23.7,92.4,1.5
21-07-2023 03:15,24,92.2,1.5
21-07-2023 03:45,24,91.5,1.5
21-07-2023 04:00,23.9,90.6,1.5
21-07-2023 04:15,23.8,90.2,1.5
21-07-2023 04:30,23.8,90.3,1.5
21-07-2023 04:45,23.8,91,1.5
21-07-2023 05:00,23.9,91.7,1.5
21-07-2023 05:15,23.7,92.2,1.5
21-07-2023 05:30,23.8,92.7,1.5
21-07-2023 05:45,24,92.7,1.5
21-07-2023 06:00,24,92.7,1.5
21-07-2023 06:15,24.1,92.5,1.5
21-07-2023 06:30,24.1,92.3,1.5
21-07-2023 06:45,24.2,91.6,1.5
21-07-2023 07:00,24.3,90,1.5
21-07-2023 07:15,24.6,88.6,1.5
21-07-2023 07:30,24.9,88.8,1.5
21-07-2023 07:45,25.1,88.7,1.5
21-07-2023 08:00,25.4,88,1.5
21-07-2023 08:15,25.5,86.8,1.5
21-07-2023 08:30,25.5,87,1.5
21-07-2023 08:45,24.6,86.7,0
21-07-2023 09:15,25.5,85.8,0
21-07-2023 09:45,25.3,86.1,0
21-07-2023 10:00,25.7,89.3,0
21-07-2023 10:15,25.9,89.2,0
21-07-2023 10:30,26.1,88.2,0
21-07-2023 10:45,24.8,85.5,0
21-07-2023 11:00,24.8,86.9,0
21-07-2023 11:15,25.1,86.9,0
21-07-2023 11:30,25.5,84.9,0
21-07-2023 11:45,25.2,84.1,0
21-07-2023 12:00,25.4,87.4,0
21-07-2023 12:15,25.8,84.1,0
21-07-2023 12:30,26.7,81.5,0
21-07-2023 12:45,26.6,82.1,0
21-07-2023 13:00,26.3,81.4,0
21-07-2023 13:15,26.5,83.6,0
21-07-2023 13:30,25.8,86.3,0
21-07-2023 13:45,25.7,85.1,0
21-07-2023 14:00,26,86.3,0
21-07-2023 14:15,25.3,88.9,0.5
21-07-2023 14:30,25,87.9,0.5
21-07-2023 14:45,25.2,86.4,1
21-07-2023 15:00,24.9,90.1,1
21-07-2023 15:15,24.1,91.2,2
21-07-2023 15:30,24.1,90.8,2.5
21-07-2023 15:45,24.1,90,2.5
21-07-2023 16:00,24.2,89.1,3
21-07-2023 16:15,24.7,88,3
21-07-2023 16:30,25,88.4,3
21-07-2023 16:45,25.1,87.3,3
21-07-2023 17:00,25.1,87.7,3
21-07-2023 17:15,24.9,87.6,3
21-07-2023 17:30,25,88,3
21-07-2023 17:45,24.7,88.4,3
21-07-2023 18:00,24.6,88.3,3
21-07-2023 18:30,23.8,88.9,3
21-07-2023 18:45,23.8,89.7,3.5
21-07-2023 19:00,24,88.2,3.5
21-07-2023 19:15,24.3,86.4,3.5
21-07-2023 19:30,24.3,83.9,3.5
21-07-2023 19:45,24.1,83.9,3.5
21-07-2023 20:00,24,84.9,3.5
21-07-2023 20:15,24,85.5,3.5
21-07-2023 20:30,24.1,85.9,3.5
21-07-2023 20:45,24.2,85.2,3.5
21-07-2023 21:00,24.4,84,3.5
21-07-2023 21:15,24.5,84.2,3.5
21-07-2023 21:30,24.4,85,3.5
21-07-2023 21:45,24.5,84.7,3.5
21-07-2023 22:00,24.2,86.7,3.5
21-07-2023 22:15,24.1,88.3,3.5
21-07-2023 22:45,23.9,89.3,3.5
21-07-2023 23:00,23.8,89.9,3.5
21-07-2023 23:15,24.2,90.6,3.5
21-07-2023 23:30,24.2,87.3,3.5
21-07-2023 23:45,24,85.7,3.5
22-07-2023 00:00,24,88.5,3.5
22-07-2023 00:15,24,86.2,3.5
22-07-2023 00:30,24.2,86.9,3.5
22-07-2023 00:45,24.2,87.1,3.5
22-07-2023 01:00,24.2,88,3.5
22-07-2023 01:15,24.1,87.8,3.5
22-07-2023 01:30,24.1,88.4,3.5
22-07-2023 01:45,24.1,88.3,3.5
22-07-2023 02:00,24.2,87.2,3.5
22-07-2023 02:15,24.4,83.9,3.5
22-07-2023 02:30,24.7,83.5,3.5
22-07-2023 02:45,24.7,84.2,3.5
22-07-2023 03:00,24.6,84.6,3.5
22-07-2023 03:15,24.5,86.2,3.5
22-07-2023 03:30,24.3,87.3,3.5
22-07-2023 04:15,24.1,87.9,3.5
22-07-2023 04:30,24.1,88.3,3.5
22-07-2023 04:45,24.2,87.9,3.5
22-07-2023 05:00,24.2,88.4,3.5
22-07-2023 05:15,24.3,87.9,3.5
22-07-2023 05:30,24.4,86.9,3.5
22-07-2023 05:45,24.4,84.1,3.5
22-07-2023 06:00,24.4,85.4,3.5
22-07-2023 06:15,24.4,86.5,3.5
22-07-2023 06:30,24.6,86.7,3.5
22-07-2023 06:45,24.8,86.5,3.5
22-07-2023 07:00,24.8,85.5,3.5
22-07-2023 07:15,23.8,85.3,3.5
22-07-2023 07:30,24.1,87.9,3.5
22-07-2023 07:45,24.6,88,3.5
22-07-2023 08:00,23.9,84.6,3.5
22-07-2023 08:15,24.2,88.1,3.5
22-07-2023 08:30,24.3,87.3,3.5
22-07-2023 08:45,24.5,86.5,0
22-07-2023 09:00,25.4,88.6,0
22-07-2023 09:15,25.8,85.4,0
22-07-2023 09:30,25.9,83.9,0
22-07-2023 10:15,25.8,82.7,0
22-07-2023 10:30,26.7,81.7,0
22-07-2023 10:45,26.9,80.6,0
22-07-2023 11:00,26.5,83.2,0
22-07-2023 11:15,26.9,80.8,0
22-07-2023 11:30,27,79.7,0
22-07-2023 11:45,26.6,80.2,0
22-07-2023 12:00,26.9,78.9,0
22-07-2023 12:15,27.1,79.3,0
22-07-2023 12:30,27.1,79.8,0
22-07-2023 12:45,25.2,84.8,0
22-07-2023 13:00,25.9,85.2,0
22-07-2023 13:15,25.8,84.4,0
22-07-2023 13:30,24.9,87,0.5
22-07-2023 13:45,24.8,88.7,1
22-07-2023 14:00,24.9,88.6,1.5
22-07-2023 14:15,25.1,86.8,1.5
22-07-2023 14:30,25.6,86.6,1.5
22-07-2023 14:45,26.3,83.3,1.5
22-07-2023 15:00,26.1,81,1.5
22-07-2023 15:15,26.2,80.3,1.5
22-07-2023 15:30,25.8,78.9,1.5
22-07-2023 15:45,25.8,79,1.5
22-07-2023 16:00,25.7,79.5,1.5
22-07-2023 16:15,25.7,81,1.5
22-07-2023 16:30,25.5,82.7,1.5
22-07-2023 16:45,25.4,83.8,1.5
22-07-2023 17:00,25.4,83.7,1.5
22-07-2023 17:15,25.6,83.5,1.5
22-07-2023 17:30,24.8,85.1,1.5
22-07-2023 17:45,24,90.3,1.5
22-07-2023 18:00,23.8,91.5,2
22-07-2023 18:15,23.5,92.1,2.5
22-07-2023 18:30,23.5,90.4,3
22-07-2023 18:45,23.6,89.4,3
22-07-2023 19:00,23.9,86.4,3
22-07-2023 19:15,24,87,3
22-07-2023 19:30,24,87.9,3
22-07-2023 19:45,23.8,88.4,3
22-07-2023 20:00,23.6,89.5,3
22-07-2023 20:15,23.5,90.8,3
22-07-2023 20:30,23.4,91.3,3
22-07-2023 20:45,23.6,91.2,3
22-07-2023 21:00,23.7,90.7,3
22-07-2023 21:15,23.3,91.8,3
22-07-2023 21:30,23.3,92.4,3
22-07-2023 21:45,23.4,92.7,3
22-07-2023 22:15,23.7,92.5,3
22-07-2023 22:30,23.8,91,3
22-07-2023 22:45,23.9,91,3
22-07-2023 23:00,23.9,90.1,3.5
22-07-2023 23:15,23.7,89.5,3.5
22-07-2023 23:30,23.8,88.1,3.5
22-07-2023 23:45,23.8,88.1,3.5
23-07-2023 00:00,23.6,88.4,3.5
23-07-2023 00:15,23.6,89.2,3.5
23-07-2023 00:30,23.4,90.4,3.5
23-07-2023 00:45,23.3,91.3,3.5
23-07-2023 01:00,23.3,92.2,3.5
23-07-2023 01:15,23.3,92.6,4
23-07-2023 01:30,23.3,93.2,4
23-07-2023 01:45,23.3,93.5,4
23-07-2023 02:00,23.3,93.7,4
23-07-2023 02:15,23.3,93.7,4
23-07-2023 02:30,23.3,93.8,4
23-07-2023 02:45,23.3,93.9,4
23-07-2023 03:00,23.3,93.8,4
23-07-2023 03:15,23.4,93.5,4
23-07-2023 03:30,23.3,93.6,4
23-07-2023 03:45,23.3,93.6,4
23-07-2023 04:00,23.3,93.8,4
23-07-2023 04:15,23.3,93.7,4
23-07-2023 04:30,23.3,93.9,4
23-07-2023 04:45,23.2,94,4
23-07-2023 05:00,23.2,94.1,4
23-07-2023 05:15,23.2,93.6,4
23-07-2023 05:30,23.5,91.6,4
23-07-2023 05:45,23.6,90.7,4
23-07-2023 06:00,23.8,90.6,4
23-07-2023 06:15,23.8,90.9,4
23-07-2023 06:30,23.9,90.9,4
23-07-2023 06:45,23.9,91.1,4
23-07-2023 07:00,24.1,90.9,4
23-07-2023 07:15,24.3,89.9,4
23-07-2023 07:30,24.4,88.3,4
23-07-2023 07:45,24.4,87.8,4
23-07-2023 08:00,24.8,88.5,4
23-07-2023 08:15,24.8,88.1,4
23-07-2023 08:30,24.3,88.9,4
23-07-2023 08:45,24.6,91.1,0
23-07-2023 09:00,24.9,89.7,0
23-07-2023 09:15,25.3,88.3,0
23-07-2023 09:30,25.2,88.5,0
23-07-2023 09:45,25.8,87.5,0
23-07-2023 10:00,26.1,86.3,0
23-07-2023 10:15,26.2,86.2,0
23-07-2023 10:30,26.7,85.4,0
23-07-2023 10:45,26.9,81.9,0
23-07-2023 11:00,26.1,85.6,0
23-07-2023 11:15,25.2,88.9,0.5
23-07-2023 11:30,24.9,91.8,1
23-07-2023 11:45,25.2,90.5,1
23-07-2023 12:00,25.8,85.9,1
23-07-2023 12:15,26.7,83.4,1
23-07-2023 12:30,26.2,85.8,1
23-07-2023 12:45,27.1,82.3,1
23-07-2023 13:00,27.6,77.7,1
23-07-2023 13:15,27.7,75.1,1
23-07-2023 13:30,27.8,76.5,1
23-07-2023 13:45,28,74.8,1
23-07-2023 14:00,27.3,76.5,1
23-07-2023 14:15,25.2,84.5,1
23-07-2023 14:30,24.5,87.6,1.5
23-07-2023 14:45,25,85.6,1.5
23-07-2023 15:00,25.7,84.1,1.5
23-07-2023 15:15,26,81.7,1.5
23-07-2023 15:30,25.6,83.8,1.5
23-07-2023 15:45,25.1,86.2,1.5
23-07-2023 16:00,25.3,87,1.5
23-07-2023 16:15,25.9,83.6,1.5
23-07-2023 16:30,26.1,82.4,1.5
23-07-2023 16:45,25.9,81.8,1.5
23-07-2023 17:00,25.5,83.5,1.5
23-07-2023 17:15,25.4,84.1,1.5
23-07-2023 17:30,25.4,84.9,1.5
23-07-2023 17:45,25.6,83.8,1.5
23-07-2023 18:00,25,84.6,1.5
23-07-2023 18:15,24,88.4,1.5
23-07-2023 18:30,24.1,87.9,1.5
23-07-2023 18:45,24.2,88.3,1.5
23-07-2023 19:00,24.3,88.8,1.5
23-07-2023 19:15,24.4,89.1,1.5
23-07-2023 19:30,24.6,87.3,1.5
23-07-2023 19:45,24.6,86.6,1.5
23-07-2023 20:00,23.9,89.3,2
23-07-2023 20:15,23.6,91.5,2
23-07-2023 20:30,23.6,92,2
23-07-2023 20:45,23.7,92.1,2
23-07-2023 21:00,23.7,92.3,2.5
23-07-2023 21:15,23.7,92.8,3
23-07-2023 21:30,23.8,93.1,3
23-07-2023 21:45,23.9,93,3
23-07-2023 22:00,23.9,92.8,3
23-07-2023 22:15,24,91.9,3
23-07-2023 22:30,23.9,91.8,3
23-07-2023 23:15,23.8,92.3,3.5
23-07-2023 23:45,23.9,93,3.5
24-07-2023 00:00,24.1,92.2,3.5
24-07-2023 00:15,24.1,91.2,4
24-07-2023 00:30,24,92.4,4
24-07-2023 00:45,24,92.4,5
24-07-2023 01:00,23.9,92.6,5.5
24-07-2023 01:15,23.8,92.4,6.5
24-07-2023 01:30,23.7,92.4,7
24-07-2023 01:45,23.7,92.1,7
24-07-2023 02:00,23.8,91.1,7
24-07-2023 02:15,23.7,90.4,7.5
24-07-2023 02:30,23.6,91.3,7.5
24-07-2023 02:45,23.7,90.6,7.5
24-07-2023 03:00,23.7,89.8,7.5
24-07-2023 03:15,23.8,90.3,7.5
24-07-2023 03:30,23.6,91.5,8
24-07-2023 03:45,23.8,92.1,8
24-07-2023 04:00,23.7,92.3,8
24-07-2023 04:15,23.8,90.8,8
24-07-2023 04:30,24,90.5,8
24-07-2023 04:45,24.1,90.4,8
24-07-2023 05:00,24,90.8,8
24-07-2023 05:15,24.1,90.8,8
24-07-2023 05:30,24.3,89.2,8
24-07-2023 05:45,24,88,8
24-07-2023 06:00,23.6,90.7,8.5
24-07-2023 06:15,23.7,91.2,8.5
24-07-2023 06:30,24.2,88.7,8.5
24-07-2023 06:45,24.5,87.8,8.5
24-07-2023 07:00,24.7,86.6,8.5
24-07-2023 07:15,24.8,86.3,8.5
24-07-2023 07:30,24.9,86.7,8.5
24-07-2023 07:45,25.1,86,8.5
24-07-2023 08:00,24.9,88.3,8.5
24-07-2023 08:15,25.3,86.9,8.5
24-07-2023 08:30,24.7,87.3,8.5
24-07-2023 08:45,24.1,90.7,0
24-07-2023 09:00,24.1,91.3,0.5
24-07-2023 09:15,24.3,92.2,0.5
24-07-2023 09:30,24.4,90.6,0.5
24-07-2023 09:45,25.1,89.2,0.5
24-07-2023 10:00,26.3,84.9,0.5
24-07-2023 10:15,27,82,0.5
24-07-2023 10:30,26.4,82.6,0.5
24-07-2023 10:45,26.4,83.4,0.5
24-07-2023 11:00,25.4,85.9,0.5
24-07-2023 11:15,26.1,87.3,0.5
24-07-2023 11:30,25.5,84.4,0.5
24-07-2023 11:45,25.1,90.1,1
24-07-2023 12:00,26.7,85.4,1
24-07-2023 12:15,27.2,82.8,1
24-07-2023 12:30,27,81.9,1
24-07-2023 12:45,26.7,84.1,1
24-07-2023 13:00,27.2,79.6,1
24-07-2023 13:15,27.8,76.4,1
24-07-2023 13:30,27.7,77.2,1
24-07-2023 13:45,27.3,77.7,1
24-07-2023 14:00,25,86.5,1
24-07-2023 14:15,26.1,84.7,1
24-07-2023 14:30,25.3,87,1
24-07-2023 14:45,25.2,86.5,1
24-07-2023 15:00,25.7,87.4,1
24-07-2023 15:15,26.4,83.4,1
24-07-2023 15:45,27.1,78.2,1
24-07-2023 16:00,25,77.6,1.5
24-07-2023 16:15,24.9,85.5,1.5
24-07-2023 16:30,25.2,89.9,1.5
24-07-2023 16:45,25.2,87.8,1.5
24-07-2023 17:00,25.8,88.5,1.5
24-07-2023 17:15,25.2,85.7,1.5
24-07-2023 17:30,24.4,84.5,2
24-07-2023 17:45,24.5,90.1,2
24-07-2023 18:00,24.7,90.5,2
24-07-2023 18:15,24.7,90.3,2
24-07-2023 18:30,24.8,90.1,2
24-07-2023 18:45,24.7,89.6,2
24-07-2023 19:00,24.6,87,2
24-07-2023 19:15,24.5,87.1,2
24-07-2023 19:30,24.4,87.4,2
24-07-2023 19:45,24.4,88.1,2
24-07-2023 20:00,24.2,88.7,2
24-07-2023 20:15,24.1,88.3,2
24-07-2023 20:30,24.1,90.5,2
24-07-2023 20:45,24.2,90.7,2
24-07-2023 21:00,24.4,90.8,2
24-07-2023 21:15,24.5,88.6,2
24-07-2023 21:30,24.5,87,2
24-07-2023 21:45,24.5,87.4,2
24-07-2023 22:00,23.9,87.9,2
24-07-2023 22:15,23.6,89,2.5
24-07-2023 22:30,23.6,91.8,2.5
24-07-2023 22:45,23.6,92.6,2.5
24-07-2023 23:00,23.6,92.7,2.5
24-07-2023 23:15,23.5,92.7,2.5
24-07-2023 23:30,23.5,93,2.5
24-07-2023 23:45,23.6,93.2,2.5
25-07-2023 00:00,23.7,93.4,2.5
25-07-2023 00:15,23.7,93.4,3
25-07-2023 00:45,23.6,93.2,3
25-07-2023 01:00,23.6,93,3
25-07-2023 01:15,23.5,93,3.5
25-07-2023 01:30,23.4,93.1,4
25-07-2023 01:45,23.3,93.5,4.5
25-07-2023 02:00,23.2,93.7,4.5
25-07-2023 02:15,23.3,93.4,4.5
25-07-2023 02:30,23.3,93.1,4.5
25-07-2023 02:45,23.4,92.7,4.5
25-07-2023 03:00,23.5,92.6,5
25-07-2023 03:15,23.6,92.4,5
25-07-2023 03:30,23.6,92.3,5
25-07-2023 03:45,23.6,93.1,5
25-07-2023 04:00,23.7,93,5
25-07-2023 04:15,23.6,92.7,5
25-07-2023 04:30,23.3,92.3,5
25-07-2023 04:45,23.4,92.4,5
25-07-2023 05:00,23.5,92,5
25-07-2023 05:15,23.6,91.5,5
25-07-2023 05:30,23.5,91.4,5
25-07-2023 05:45,23.6,92,5
25-07-2023 06:00,23.7,92.2,5
25-07-2023 06:15,23.7,92.3,5
25-07-2023 06:30,23.8,92,5
25-07-2023 06:45,23.8,91.7,5
25-07-2023 07:00,23.9,92.3,5
25-07-2023 07:15,24.1,92.5,0
25-07-2023 07:30,24.4,91.9,0
25-07-2023 07:45,24.6,87.4,0
25-07-2023 08:00,24.9,87.5,0
25-07-2023 08:15,25,86.9,0
25-07-2023 08:30,24.5,86.2,0
25-07-2023 08:45,24.1,87.5,0
25-07-2023 09:00,24.2,90.6,0
25-07-2023 09:15,24.7,91.6,0
25-07-2023 09:30,24.9,90.4,0
25-07-2023 09:45,25.2,90,0
25-07-2023 10:00,25.9,88.8,0
25-07-2023 10:15,25.5,86.5,0
25-07-2023 10:30,25.7,86.7,0
25-07-2023 10:45,25.5,87.5,0
25-07-2023 11:00,25.6,85.9,0
25-07-2023 11:15,26.3,88.1,0
25-07-2023 11:30,26,84.7,0
25-07-2023 11:45,25.8,86.2,0
25-07-2023 12:00,25.5,88.2,0
25-07-2023 12:15,25.4,88.1,0
25-07-2023 12:45,25.1,89,0
25-07-2023 13:00,25.2,86.3,0
25-07-2023 13:15,25.3,85.3,0
25-07-2023 13:30,25.5,86.5,0
25-07-2023 13:45,26,86.5,0
25-07-2023 14:00,26.2,84.7,0
25-07-2023 14:15,26.4,82.4,0
25-07-2023 14:30,26.5,82.4,0
25-07-2023 14:45,26.3,81,0
25-07-2023 15:00,25.4,79.7,0
25-07-2023 15:15,25.9,83.2,0
25-07-2023 15:30,25.9,84.8,0
25-07-2023 15:45,26.1,82.5,0
25-07-2023 16:00,26,82.2,0
25-07-2023 16:15,27,81.6,0
25-07-2023 16:30,26.1,79.4,0
25-07-2023 16:45,25.7,82.3,0
25-07-2023 17:00,24.4,84.1,0
25-07-2023 17:15,24.2,88.1,0.1
25-07-2023 17:30,24.2,89.3,0
25-07-2023 17:45,24.3,89.1,0
25-07-2023 18:00,24.3,89.1,0
25-07-2023 18:15,24.1,89.3,0
25-07-2023 18:30,24,90.4,0
25-07-2023 18:45,23.9,91.1,0
25-07-2023 19:00,23.8,91.8,0
25-07-2023 19:15,23.8,92.7,0.1
25-07-2023 19:30,23.8,92.9,0
25-07-2023 19:45,23.9,93.1,0
25-07-2023 20:00,23.7,93.3,0
25-07-2023 20:15,23.5,93.3,0.2
25-07-2023 20:30,23.6,93.3,0
25-07-2023 20:45,23.6,93.4,0
25-07-2023 21:00,23.6,93.3,0
25-07-2023 21:15,23.6,92.6,0
25-07-2023 21:30,23.5,92.3,0.1
25-07-2023 21:45,23.4,92.6,0.1
25-07-2023 22:00,23.3,92.9,0.3
25-07-2023 22:15,23.2,93.2,0.4
25-07-2023 22:30,23.1,92.6,0.1
25-07-2023 22:45,23.1,91.6,0
25-07-2023 23:00,23.2,91.6,0
25-07-2023 23:15,23.2,92,0
25-07-2023 23:30,23.3,92.5,0
26-07-2023 00:15,23.2,93.4,0
26-07-2023 00:30,23.2,93.7,0.1
26-07-2023 00:45,23.2,93.7,0.2
26-07-2023 01:00,23.2,93.7,10
26-07-2023 01:15,23.1,94,13
26-07-2023 01:30,23.2,94.1,13.5
26-07-2023 01:45,23.2,94.2,14
26-07-2023 02:00,23.2,94.2,14.5
26-07-2023 02:15,23.2,94.5,14.5
26-07-2023 02:30,23.2,94.5,15
26-07-2023 03:15,23.4,94.2,15
26-07-2023 03:30,23.3,93.9,15
26-07-2023 03:45,23.4,93.9,15
26-07-2023 04:00,23.4,93.9,15
26-07-2023 04:15,23.3,94.2,15
26-07-2023 04:30,23.3,94.1,15.5
26-07-2023 04:45,23.2,94.3,15.5
26-07-2023 05:00,23.2,94.2,15.5
26-07-2023 05:15,23.2,93.2,15.5
26-07-2023 05:30,23.1,92.5,15.5
26-07-2023 05:45,23.2,92.8,15.5
26-07-2023 06:00,23.2,93.1,16
26-07-2023 06:15,23.2,93.3,16
26-07-2023 06:30,23.3,93.6,16
26-07-2023 06:45,23.4,93.7,16
26-07-2023 07:00,23.5,93.7,16
26-07-2023 07:15,23.8,93.9,16
26-07-2023 07:30,24.1,93.9,16
26-07-2023 07:45,24.3,92.9,16
26-07-2023 08:00,24.6,91.7,16
26-07-2023 08:15,24.9,91.3,16
26-07-2023 08:30,25.1,90.9,16
26-07-2023 09:15,25.7,90.5,0
26-07-2023 09:30,25.9,88.4,0
26-07-2023 09:45,26.4,87.9,0
26-07-2023 10:00,27,88.3,0
26-07-2023 10:15,27.1,87.5,0
26-07-2023 10:30,26.9,84.6,0
26-07-2023 10:45,27.1,84.8,0
26-07-2023 11:00,27.9,84.6,0
26-07-2023 11:15,27.8,82.9,0
26-07-2023 11:30,28.1,81.3,0
26-07-2023 11:45,28.3,81.5,0
26-07-2023 12:00,28,78.6,0
26-07-2023 12:15,27.7,78.7,0
26-07-2023 12:30,28,79.6,0
26-07-2023 12:45,27.6,77.3,0
26-07-2023 13:00,26.2,81.4,0
26-07-2023 13:15,24.8,90.6,1
26-07-2023 13:30,24.4,90.3,1.5
26-07-2023 13:45,24.7,90.5,2
26-07-2023 14:00,25.6,89,2
26-07-2023 14:15,26.7,86,2
26-07-2023 14:30,26.4,87,2
26-07-2023 15:15,25.4,86,2
26-07-2023 15:30,25.4,87.2,2
26-07-2023 15:45,25.3,88.6,2
26-07-2023 16:00,25.4,87.7,2
26-07-2023 16:15,25.6,89,2
26-07-2023 16:30,25.7,88.8,2
26-07-2023 16:45,25.5,86.6,2
26-07-2023 17:00,25.2,86.1,2
26-07-2023 17:15,25.1,85.5,2
26-07-2023 17:30,24.9,86.3,2
26-07-2023 17:45,24.6,86.7,2
26-07-2023 18:00,24.5,87.2,2
26-07-2023 18:15,24.5,87.5,2
26-07-2023 18:30,24.2,85.5,2
26-07-2023 18:45,24,85.1,2
26-07-2023 19:00,24,86.3,2
26-07-2023 19:15,23.9,88.3,2
26-07-2023 19:30,24.1,89,2
26-07-2023 19:45,23.8,89,2
26-07-2023 20:00,23.4,88.8,2
26-07-2023 20:15,23.6,89,2
26-07-2023 20:30,23.6,91.5,2
26-07-2023 20:45,23.5,91.6,2
26-07-2023 21:00,23.4,91.6,2
26-07-2023 21:15,23.4,92,2
26-07-2023 21:30,23.5,92.6,2
26-07-2023 21:45,23.6,92.7,2
26-07-2023 22:00,23.7,92.9,2
26-07-2023 22:15,23.9,92.8,2
26-07-2023 22:45,24.1,92.6,2
26-07-2023 23:00,24.2,92.5,2
26-07-2023 23:15,24.3,91.7,2
26-07-2023 23:30,24.1,89.2,2
26-07-2023 23:45,24.1,88.5,2
27-07-2023 00:00,23.9,90.4,2
27-07-2023 00:15,23.7,91.7,2
27-07-2023 00:30,24,90.8,2
27-07-2023 00:45,24.2,88.8,2
27-07-2023 01:00,24.2,88.6,2
27-07-2023 01:15,24.2,89.1,2
27-07-2023 01:30,23.6,90.9,2
27-07-2023 01:45,23.4,92.3,2
27-07-2023 02:00,23.3,93.1,2
27-07-2023 02:15,23.3,93.1,2
27-07-2023 02:30,23.3,93,2
27-07-2023 02:45,23.3,93,2
27-07-2023 03:00,23.6,92.2,2
27-07-2023 03:15,23.8,89.9,2
27-07-2023 03:30,23.8,90.3,2
27-07-2023 03:45,23.8,91.3,2
27-07-2023 04:00,23.6,91.3,2
27-07-2023 04:15,23.5,92.3,2
27-07-2023 04:30,23.5,92.2,2
27-07-2023 04:45,23.5,92.2,2
27-07-2023 05:00,23.5,92.5,2
27-07-2023 05:15,23.4,92.7,2
27-07-2023 05:30,23.5,92.6,2
27-07-2023 05:45,23.4,92.8,2
27-07-2023 06:00,23.4,93.3,2
27-07-2023 06:15,23.3,93.9,2.5
27-07-2023 06:30,23.4,94,2.5
27-07-2023 06:45,23.5,93.4,2.5
27-07-2023 07:00,23.7,92.4,2.5
27-07-2023 07:15,23.7,92.4,2.5
27-07-2023 07:30,23.9,92.5,2.5
27-07-2023 07:45,24.1,92.2,2.5
27-07-2023 08:00,24.3,90.9,2.5
27-07-2023 08:15,24.3,89.6,2.5
27-07-2023 08:30,24.2,90.4,2.5
27-07-2023 08:45,24,91.5,0
27-07-2023 09:00,24,92.5,0
27-07-2023 09:15,24.1,93.2,0
27-07-2023 09:30,24.2,92.1,0
27-07-2023 10:15,25.4,90.9,0
27-07-2023 10:30,25.4,89.8,0
27-07-2023 10:45,25.6,87.4,0
27-07-2023 11:00,25.8,86.5,0
27-07-2023 11:15,26.1,86.9,0
27-07-2023 11:30,25.9,85.4,0
27-07-2023 11:45,25.9,84.6,0
27-07-2023 12:00,25.1,86.3,0.5
27-07-2023 12:15,25,86.4,0.5
27-07-2023 12:30,24.7,87.8,1
27-07-2023 12:45,24.2,87.8,1
27-07-2023 13:00,24.9,87.5,1
27-07-2023 13:15,25.2,86,1
27-07-2023 13:30,25,86.9,1
27-07-2023 13:45,24.9,85.9,1
27-07-2023 14:00,25,84.2,1
27-07-2023 14:15,25,85.1,1
27-07-2023 14:30,25,85.9,1
27-07-2023 14:45,24.8,85.7,1
27-07-2023 15:00,24.3,87.1,1
27-07-2023 15:15,24.2,89.2,1
27-07-2023 15:30,24.2,89.2,1
27-07-2023 15:45,23.8,89.8,2
27-07-2023 16:00,23.7,91,3
27-07-2023 16:15,23.5,91.4,4.5
27-07-2023 16:30,23.5,90.4,5
27-07-2023 16:45,23.5,91,5
27-07-2023 17:00,23.5,91.4,5.5
27-07-2023 17:15,23.2,91.2,6.5
27-07-2023 17:30,22.9,91.5,7
27-07-2023 17:45,22.8,92.2,8
27-07-2023 18:00,22.7,92.9,10
27-07-2023 18:15,22.6,93.2,11.5
27-07-2023 18:30,22.5,93.2,12
27-07-2023 18:45,22.5,92.2,12.5
27-07-2023 19:00,22.6,92.5,12.5
27-07-2023 19:15,22.7,92.2,13
27-07-2023 19:30,22.8,92.6,13.5
27-07-2023 19:45,22.8,92.7,14
27-07-2023 20:00,22.9,92.9,15
27-07-2023 20:15,22.9,93.3,16
27-07-2023 20:30,22.9,93.4,16.5
27-07-2023 20:45,22.8,93.1,17
27-07-2023 21:00,22.7,92,17.5
27-07-2023 21:15,22.7,91.6,18
27-07-2023 21:30,22.7,90.7,18.5
27-07-2023 21:45,22.6,90.8,19
27-07-2023 22:00,22.6,89.6,19.5
27-07-2023 22:15,22.5,89,19.5
27-07-2023 22:30,22.7,89.2,19.5
27-07-2023 22:45,23,88.9,19.5
27-07-2023 23:00,23.3,87.8,19.5
27-07-2023 23:15,23.6,87.4,19.5
27-07-2023 23:30,23.7,86.6,19.5
27-07-2023 23:45,23.8,85.9,19.5
28-07-2023 00:00,23.8,85.8,19.5
28-07-2023 00:15,23.8,86.3,19.5
28-07-2023 00:45,24,85.3,19.5
28-07-2023 01:00,23.8,85.6,19.5
28-07-2023 01:15,23.6,86.4,19.5
28-07-2023 01:30,23.5,86.6,19.5
28-07-2023 01:45,23.4,88.3,19.5
28-07-2023 02:00,23.4,89,19.5
28-07-2023 02:15,23.6,89.3,19.5
28-07-2023 02:30,23.7,89.5,19.5
28-07-2023 02:45,23.4,87,19.5
28-07-2023 03:00,23.5,88.9,19.5
28-07-2023 03:15,23.5,89.6,19.5
28-07-2023 03:30,22.9,88.9,20
28-07-2023 03:45,23,89.7,20
28-07-2023 04:00,23.2,91.1,20
28-07-2023 04:30,23.7,90.4,20
28-07-2023 04:45,23.8,88.7,20
28-07-2023 05:00,23.9,88.2,20
28-07-2023 05:15,23.9,87.7,20
28-07-2023 05:30,23.7,87,20
28-07-2023 05:45,23.8,87.3,20
28-07-2023 06:00,23.9,87.3,20
28-07-2023 06:15,23.9,86.9,20
28-07-2023 06:30,24,85.8,20
28-07-2023 06:45,24,85.4,20
28-07-2023 07:00,24,85.1,20
28-07-2023 07:15,24,85.6,20
28-07-2023 07:30,23.5,86.1,20
28-07-2023 07:45,23.7,86.3,20
28-07-2023 08:00,24.2,88.3,20
28-07-2023 08:15,24.1,89.4,20
28-07-2023 08:30,24.7,87.5,20
28-07-2023 08:45,24.9,87.9,0
28-07-2023 09:00,25.1,86.3,0
28-07-2023 09:15,25,84.5,0
28-07-2023 09:30,25.1,85,0
28-07-2023 09:45,25,84.8,0
28-07-2023 10:00,25.3,85.9,0
28-07-2023 10:30,25.6,86.1,0
28-07-2023 10:45,25.7,85.3,0
28-07-2023 11:00,25.1,84.4,0
28-07-2023 11:15,25.5,83.4,0
28-07-2023 11:30,25.8,82.5,0
28-07-2023 11:45,25.8,83.1,0
28-07-2023 12:00,26.2,82.8,0
28-07-2023 12:15,26.2,82.2,0
28-07-2023 12:30,25.8,83.4,0
28-07-2023 12:45,25.6,85.5,0
28-07-2023 13:00,25.7,83.3,0
28-07-2023 13:15,25.7,82.9,0
28-07-2023 13:30,25.9,84,0
28-07-2023 13:45,24.8,85.1,0
28-07-2023 14:00,25.2,87.3,0
28-07-2023 14:15,25.7,85.6,0
28-07-2023 14:30,25.6,85.7,0
28-07-2023 14:45,25.7,83.8,0
28-07-2023 15:00,25.9,82.7,0
28-07-2023 15:15,25.8,82.9,0
28-07-2023 15:30,25.9,82.5,0
28-07-2023 15:45,25.5,80.4,0
28-07-2023 16:00,25.6,80.6,0
28-07-2023 16:30,24.9,81,0
28-07-2023 16:45,24.6,83.9,0
28-07-2023 17:00,24.8,85.6,0
28-07-2023 17:15,25,86,0
28-07-2023 17:30,24.8,84.6,0
28-07-2023 17:45,25,84.7,0
28-07-2023 18:00,25,84.3,0
28-07-2023 18:15,24.7,83.7,0
28-07-2023 18:30,24.2,84.4,0
28-07-2023 18:45,23.3,85.8,0.5
28-07-2023 19:00,23.3,90.4,0.5
28-07-2023 19:15,23.4,91.2,0.5
28-07-2023 19:30,23.5,91.2,1
28-07-2023 19:45,23.9,90.7,1
28-07-2023 20:00,23.8,88.1,1
28-07-2023 20:15,23.2,88.6,1.5
28-07-2023 20:30,23.1,91,2
28-07-2023 20:45,23.1,92.5,2
28-07-2023 21:00,23.2,92.7,2
28-07-2023 21:15,23.5,91.4,2
28-07-2023 21:30,23.7,88.1,2
28-07-2023 21:45,23.7,87.1,2
28-07-2023 22:00,23.6,87.8,2
28-07-2023 22:15,23.5,88.4,2
28-07-2023 22:30,23.7,88.6,2
28-07-2023 22:45,23.8,87.9,2
28-07-2023 23:00,23.7,87.1,2
28-07-2023 23:15,23.1,87.8,2
28-07-2023 23:30,22.9,89.6,2
28-07-2023 23:45,23,91.6,2
29-07-2023 00:00,23,92.5,2
29-07-2023 00:15,22.9,92.8,2
29-07-2023 00:30,23.1,92.5,2
29-07-2023 00:45,23.6,88.3,2
29-07-2023 01:00,23.9,86.8,2
29-07-2023 01:15,24,86.2,2
29-07-2023 01:30,23.9,87.4,2
29-07-2023 01:45,23.9,87.1,2
29-07-2023 02:00,23.8,87.9,2
29-07-2023 02:15,23.4,88.6,2
29-07-2023 02:30,23.3,89.9,2
29-07-2023 02:45,23.6,89.4,2
29-07-2023 03:00,23.8,87,2
29-07-2023 03:15,23.9,86.6,2
29-07-2023 03:30,23.9,86.5,2
29-07-2023 03:45,23.4,88.5,2
29-07-2023 04:00,23.4,88.5,2
29-07-2023 04:15,23.5,88.1,2
29-07-2023 04:30,23.9,86.5,2
29-07-2023 04:45,24.1,85.1,2
29-07-2023 05:00,24,85.6,2
29-07-2023 05:15,24,85.5,2
29-07-2023 05:30,24.1,85.3,2
29-07-2023 05:45,23.9,86.4,2
29-07-2023 06:00,23.8,87.6,2
29-07-2023 06:15,23.8,87.4,2
29-07-2023 06:30,23.9,87.5,2
29-07-2023 06:45,24.1,86.2,2
29-07-2023 07:00,24.3,85.5,2
29-07-2023 07:15,24.5,84.2,2
29-07-2023 07:30,24.5,85.3,2
29-07-2023 07:45,24.6,84.9,2
29-07-2023 08:00,25.3,85,2
29-07-2023 08:15,24.8,83.9,2
29-07-2023 08:30,25,84.7,2
29-07-2023 08:45,25.8,82.2,0
29-07-2023 09:00,24.6,85,0
29-07-2023 09:15,23.7,89.6,0.5
29-07-2023 09:30,23.7,91.6,0.5
29-07-2023 09:45,24.5,89.6,0.5
29-07-2023 10:00,25.5,85.3,0.5
29-07-2023 10:15,26,84,0.5
29-07-2023 10:30,26.2,83,0.5
29-07-2023 10:45,26.2,82.3,0.5
29-07-2023 11:00,26.7,80.6,0.5
29-07-2023 11:15,26,81.5,0.5
29-07-2023 11:30,25.8,83,0.5
29-07-2023 11:45,24.8,85.7,0.5
29-07-2023 12:00,26.4,84.7,0.5
29-07-2023 12:15,27.6,79.5,0.5
29-07-2023 12:30,25.8,81.4,0.5
29-07-2023 12:45,26.3,81.9,0.5
29-07-2023 13:00,26.7,79.7,0.5
29-07-2023 13:15,25,86.5,0.5
29-07-2023 13:30,24.5,90.1,0.5
29-07-2023 13:45,25.1,88.3,0.5
29-07-2023 14:00,25.5,85.8,0.5
29-07-2023 14:15,25.7,84.5,0.5
29-07-2023 14:30,25.8,85.5,0.5
29-07-2023 14:45,26.2,83.4,0.5
29-07-2023 15:00,26.4,80.8,0.5
29-07-2023 15:15,24.8,83.9,0.5
29-07-2023 15:30,24.3,87.4,1
29-07-2023 15:45,24.2,90,1
29-07-2023 16:00,24.1,90.3,1
29-07-2023 16:15,23.8,90.3,1
29-07-2023 16:30,24,86.8,1
29-07-2023 16:45,23.5,89.2,1.5
29-07-2023 17:00,23.4,91.1,2
29-07-2023 17:15,23.3,92.3,3
29-07-2023 17:30,23.3,92.5,3.5
29-07-2023 17:45,23.6,92.3,3.5
29-07-2023 18:00,23.9,91.3,3.5
29-07-2023 18:15,24.2,88.6,3.5
29-07-2023 18:30,24.3,88.9,3.5
29-07-2023 18:45,23.7,89.8,3.5
29-07-2023 19:00,23.2,91.5,3.5
29-07-2023 19:15,23.4,92,3.5
29-07-2023 19:30,23.6,91.2,3.5
29-07-2023 19:45,23.8,90.2,3.5
29-07-2023 20:00,23.7,90.5,3.5
29-07-2023 20:15,23.9,88.9,3.5
29-07-2023 20:30,23.9,87.9,3.5
29-07-2023 20:45,23.7,89,3.5
29-07-2023 21:00,23.3,90.8,3.5
29-07-2023 21:15,23.5,90.9,3.5
29-07-2023 21:30,23.8,89.6,3.5
29-07-2023 21:45,24,87.9,3.5
29-07-2023 22:00,24,88.1,3.5
29-07-2023 22:15,24.1,87.4,3.5
29-07-2023 22:30,24.1,86.6,3.5
29-07-2023 22:45,24.1,85.7,3.5
29-07-2023 23:00,24.1,85.6,3.5
29-07-2023 23:15,24,86,3.5
29-07-2023 23:30,24,86.5,3.5
29-07-2023 23:45,23.9,86.8,3.5
30-07-2023 00:00,23.8,87.7,3.5
30-07-2023 00:15,23.4,89,3.5
30-07-2023 00:30,23.1,91.7,4
30-07-2023 00:45,23,91.6,4
30-07-2023 01:00,23.2,89.8,4
30-07-2023 01:15,23.6,88,4
30-07-2023 01:30,23.6,88.6,4
30-07-2023 01:45,23.5,89.6,4
30-07-2023 02:00,23.1,91.1,4
30-07-2023 02:15,23.1,91.8,4
30-07-2023 02:30,23.1,92.3,4
30-07-2023 03:15,23.3,92.5,4
30-07-2023 03:30,23.4,92.4,4
30-07-2023 03:45,23.3,92.6,4
30-07-2023 04:00,23.4,92.3,4
30-07-2023 04:15,23.2,92.7,4
30-07-2023 04:30,23.2,92.9,4
30-07-2023 04:45,23.2,93,4
30-07-2023 05:00,23.2,93.2,4
30-07-2023 05:15,22.9,93,4
30-07-2023 05:30,23,92.8,4
30-07-2023 05:45,23.1,93.2,4
30-07-2023 06:00,23.4,93.1,4
30-07-2023 06:15,23.6,93,4
30-07-2023 06:30,23.6,91.4,4
30-07-2023 06:45,23.8,90,4
30-07-2023 07:00,24,90.3,4
30-07-2023 07:15,24.2,89.9,4
30-07-2023 07:30,24.5,89.2,4
30-07-2023 07:45,25.1,88,4
30-07-2023 08:00,25.4,87.3,4
30-07-2023 08:15,25.5,85.6,4
30-07-2023 08:30,25.8,84.3,4
30-07-2023 08:45,25.9,84,0
30-07-2023 09:00,26.2,83.8,0
30-07-2023 09:15,25.9,82.1,0
30-07-2023 09:30,25.7,80.2,0
30-07-2023 09:45,26.3,81.7,0
30-07-2023 10:00,26.6,85.3,0
30-07-2023 10:15,26.5,82.7,0
30-07-2023 10:30,24.3,80.8,0.5
30-07-2023 10:45,24.6,80.5,0.5
30-07-2023 11:00,25.7,87.9,0.5
30-07-2023 11:15,26.6,89.3,0.5
30-07-2023 11:30,26.9,85.9,0.5
30-07-2023 11:45,26.5,81.2,0.5
30-07-2023 12:00,26.7,80.9,0.5
30-07-2023 12:15,26.3,80.8,0.5
30-07-2023 12:30,27.3,78.9,0.5
30-07-2023 12:45,27.5,76.4,0.5
30-07-2023 13:00,27.6,76.2,0.5
30-07-2023 13:15,28,76.7,0.5
30-07-2023 13:30,26.7,75.3,0.5
30-07-2023 13:45,27.2,79.7,0.5
30-07-2023 14:00,27.8,74.2,0.5
30-07-2023 14:15,27.9,73.9,0.5
30-07-2023 14:30,26.9,75.6,0.5
30-07-2023 14:45,26.9,78.1,0.5
30-07-2023 15:00,27.4,78.9,0.5
30-07-2023 15:15,27.8,74.4,0.5
30-07-2023 15:45,28.1,73.4,0.5
30-07-2023 16:00,28.2,72.5,0.5
30-07-2023 16:15,27.4,72.1,0.5
30-07-2023 16:30,27,75.1,0.5
30-07-2023 16:45,27.1,75.4,0.5
30-07-2023 17:00,27,76.8,0.5
30-07-2023 17:15,26.9,76.7,0.5
30-07-2023 17:30,27.1,76.8,0.5
30-07-2023 17:45,26.7,74.5,0.5
30-07-2023 18:00,26.7,75.3,0.5
30-07-2023 18:15,26.1,76.5,0.5
30-07-2023 18:30,25.9,77.8,0.5
30-07-2023 18:45,25.5,79.1,0.5
30-07-2023 19:00,25.2,81.8,0.5
30-07-2023 19:15,25.2,83.7,0.5
30-07-2023 19:30,25.2,83.5,0.5
30-07-2023 19:45,24.8,82.9,0.5
30-07-2023 20:00,24.7,84,0.5
30-07-2023 20:15,24.8,84.3,0.5
30-07-2023 20:30,24.3,83.4,0.5
30-07-2023 20:45,24.2,86.2,0.5
30-07-2023 21:00,24.3,87.7,0.5
30-07-2023 21:15,24.4,87.8,0.5
30-07-2023 21:45,24.5,87.4,0.5
30-07-2023 22:00,24.6,86.4,0.5
30-07-2023 22:15,24.5,87.1,0.5
30-07-2023 22:30,24.6,86.9,0.5
30-07-2023 22:45,24.6,87.6,0.5
30-07-2023 23:00,24.6,86,0.5
30-07-2023 23:15,24.5,85.8,0.5
30-07-2023 23:30,24.4,86.1,0.5
30-07-2023 23:45,24.4,86.9,0.5
31-07-2023 00:00,24.3,86.9,0.5
31-07-2023 00:15,24.3,86.6,0.5
31-07-2023 00:30,24,88.5,0.5
31-07-2023 00:45,24.1,88.7,0.5
31-07-2023 01:00,24.2,85.9,0.5
31-07-2023 01:15,23.5,87.8,0.5
31-07-2023 01:30,23.4,90,0.5
31-07-2023 01:45,23.3,90.6,0.5
31-07-2023 02:00,23.5,90.3,0.5
31-07-2023 02:15,23.8,88.5,0.5
31-07-2023 02:30,23.7,89.3,0.5
31-07-2023 02:45,23.8,88.9,0.5
31-07-2023 03:00,23.9,87.6,0.5
31-07-2023 03:15,24,86.9,0.5
31-07-2023 03:30,24.2,85.2,0.5
31-07-2023 03:45,24.2,84.2,0.5
31-07-2023 04:00,24.3,84.6,0.5
31-07-2023 04:15,24.2,85.6,0.5
31-07-2023 04:30,24.3,85.3,0.5
31-07-2023 04:45,24.3,84.1,0.5
31-07-2023 05:00,24.5,83.2,0.5
31-07-2023 05:15,24.1,85.1,0.5
31-07-2023 05:30,24,86.6,0.5
31-07-2023 05:45,24,87.2,0.5
31-07-2023 06:00,24,87,0.5
31-07-2023 06:15,23.9,88.1,0.5
31-07-2023 06:30,24.3,86,0.5
31-07-2023 06:45,24.5,84.7,0.5
31-07-2023 07:00,24.4,84.5,0.5
31-07-2023 07:15,23.8,88.9,0.5
31-07-2023 07:30,24.5,87.3,0.5
31-07-2023 07:45,25.1,84.1,0.5
31-07-2023 08:00,25.8,81,0.5
31-07-2023 08:15,25.6,82,0.5
31-07-2023 08:30,25.8,82.7,0.5
31-07-2023 08:45,25.8,83.2,0
31-07-2023 09:00,26.3,79.5,0
31-07-2023 09:15,26.1,80.4,0
31-07-2023 09:30,24.9,85.9,0
31-07-2023 10:00,24.7,85.2,0
31-07-2023 10:15,24.2,89.1,0.5
31-07-2023 10:30,24.8,91.6,0.5
31-07-2023 10:45,25.9,89.6,0.5
31-07-2023 11:00,25.2,86.8,0.5
31-07-2023 11:15,26.1,88,0.5
31-07-2023 11:45,25.2,85.8,0.5
31-07-2023 12:00,25.4,85.6,0.5
31-07-2023 12:15,26.3,83.5,0.5
31-07-2023 12:30,25.5,84,0.5
31-07-2023 12:45,26.9,84.1,0.5
31-07-2023 13:00,27.3,78.6,0.5
31-07-2023 13:15,26.3,81.7,0.5
31-07-2023 13:30,26.9,81.3,0.5
31-07-2023 13:45,27.9,76.9,0.5
31-07-2023 14:00,27.6,74.6,0.5
31-07-2023 14:15,27.4,75.5,0.5
31-07-2023 14:30,27.7,73.4,0.5
31-07-2023 14:45,27.8,73.6,0.5
31-07-2023 15:00,27.1,76,0.5
31-07-2023 15:15,26.2,80.9,0.5
31-07-2023 15:30,26.8,81.1,0.5
31-07-2023 15:45,27.4,75.3,0.5
31-07-2023 16:00,26.3,78.6,0.5
31-07-2023 16:15,25.5,82.6,0.5
31-07-2023 16:30,26,80.5,0.5
31-07-2023 16:45,26.1,80.3,0.5
31-07-2023 17:00,25.5,83.3,0.5
31-07-2023 17:15,26.3,81.4,0.5
31-07-2023 17:30,26.8,79.1,0.5
31-07-2023 17:45,26.1,79,0.5
31-07-2023 18:00,24.5,87.5,0.5
31-07-2023 18:15,24.9,87,0.5
31-07-2023 18:30,25.1,84.2,0.5
31-07-2023 18:45,25.1,84.1,0.5
31-07-2023 19:00,24,88.7,1
31-07-2023 19:15,24,89.6,1
31-07-2023 19:30,24.1,87.1,1
31-07-2023 19:45,24.3,86.3,1
31-07-2023 20:00,24.5,85.9,1
31-07-2023 20:30,24.3,86.4,1
31-07-2023 20:45,24.2,87,1
31-07-2023 21:00,24.2,87,1
31-07-2023 21:15,24.4,88.3,1
31-07-2023 21:30,24.5,86,1
31-07-2023 21:45,24.6,85.5,1
31-07-2023 22:00,24.1,84.3,1
31-07-2023 22:15,24.2,86.7,1
31-07-2023 22:30,24.2,87.4,1
31-07-2023 22:45,24.3,87.8,1
31-07-2023 23:00,24.2,88.3,1
31-07-2023 23:15,24.3,89.1,1
31-07-2023 23:30,24.3,88.8,1
31-07-2023 23:45,24.6,88.5,1
01-08-2023 00:00,24.7,85,1
01-08-2023 00:15,24.5,86,1
01-08-2023 00:30,24.5,86.6,1
01-08-2023 00:45,24,87.2,1
01-08-2023 01:00,23.5,90.8,1
01-08-2023 01:15,23.4,91.5,1
01-08-2023 01:30,23.5,91.7,1
01-08-2023 01:45,23.6,90.7,1
01-08-2023 02:00,23.7,91.1,1
01-08-2023 02:15,23.9,90.3,1
01-08-2023 02:30,24.2,87.6,1
01-08-2023 03:15,24.2,87.4,1.5
01-08-2023 03:30,23.9,87.7,1.5
01-08-2023 03:45,24,87.6,1.5
01-08-2023 04:00,23.8,88.1,1.5
01-08-2023 04:15,23.9,89.3,1.5
01-08-2023 04:30,24.1,89.8,1.5
01-08-2023 04:45,24,90.2,1.5
01-08-2023 05:00,24,89.9,1.5
01-08-2023 05:15,23.9,88.8,1.5
01-08-2023 05:30,23.9,88,1.5
01-08-2023 05:45,23.4,88.3,1.5
01-08-2023 06:00,23.8,88.6,1.5
01-08-2023 06:15,23.7,90.6,1.5
01-08-2023 06:30,23.4,89.5,1.5
01-08-2023 06:45,23.4,88.7,1.5
01-08-2023 07:00,23.7,89.8,1.5
01-08-2023 07:15,23.7,90.4,1.5
01-08-2023 07:30,23.9,90.4,1.5
01-08-2023 07:45,24.4,90.1,1.5
01-08-2023 08:00,24.8,89.5,1.5
01-08-2023 08:15,25,88.2,1.5
01-08-2023 08:30,25.5,85.8,1.5
01-08-2023 09:15,24.6,86,0
01-08-2023 09:45,25.3,85.1,0
01-08-2023 10:00,25,84.4,0
01-08-2023 10:15,25.2,83.9,0
01-08-2023 10:30,25.8,86.7,0
01-08-2023 10:45,25.7,90.9,0
01-08-2023 11:00,26.9,88.8,0
01-08-2023 11:15,26.6,85.6,0
01-08-2023 11:30,24.6,86.4,0
01-08-2023 11:45,25.6,83.8,0
01-08-2023 12:00,26.6,79,0
01-08-2023 12:15,26.2,80.9,0
01-08-2023 12:30,25,85,0.5
01-08-2023 12:45,24.6,89.9,0.5
01-08-2023 13:00,26.2,83.5,0.5
01-08-2023 13:15,24.8,86,0.5
01-08-2023 13:30,24.6,88.6,0.5
01-08-2023 13:45,24.7,88.2,1
01-08-2023 14:00,25.4,85.7,1
01-08-2023 14:15,25.5,83.7,1
01-08-2023 14:30,26.1,82.4,1
01-08-2023 15:00,27.3,81,1
01-08-2023 15:15,27.5,79,1
01-08-2023 15:30,27.3,75.5,1
01-08-2023 15:45,26.5,76.8,1
01-08-2023 16:00,27.3,78.1,1
01-08-2023 16:15,27.5,77.1,1
01-08-2023 16:30,27.1,75.9,1
01-08-2023 16:45,26,75.6,1
01-08-2023 17:00,24.3,78.5,1.5
01-08-2023 17:15,24.8,88.7,1.5
01-08-2023 17:30,25.5,88.3,1.5
01-08-2023 17:45,25.9,84.8,1.5
01-08-2023 18:00,26,83.3,1.5
01-08-2023 18:15,25.6,81,1.5
01-08-2023 18:45,25.4,81.3,1.5
01-08-2023 19:00,25.3,82.9,1.5
01-08-2023 19:15,25.2,83.6,1.5
01-08-2023 19:30,25,83.5,1.5
01-08-2023 19:45,24.8,82.5,1.5
01-08-2023 20:00,24.6,83.6,1.5
01-08-2023 20:15,24.7,84.5,1.5
01-08-2023 20:30,24.8,85.6,1.5
01-08-2023 20:45,23.7,85.6,1.5
01-08-2023 21:00,23.8,85.5,1.5
01-08-2023 21:15,23.9,89.6,1.5
01-08-2023 21:30,24.1,91,1.5
01-08-2023 21:45,23.5,90.6,1.5
01-08-2023 22:00,23.6,86.6,1.5
01-08-2023 22:15,23.8,89.3,1.5
01-08-2023 22:30,24.2,89.9,1.5
01-08-2023 22:45,24.4,89,1.5
01-08-2023 23:00,24.5,87.3,1.5
01-08-2023 23:15,24.4,86.1,1.5
01-08-2023 23:30,24.5,86.3,1.5
01-08-2023 23:45,24.6,87.3,1.5
02-08-2023 00:00,24.8,84.9,1.5
02-08-2023 00:15,24.7,85.2,1.5
02-08-2023 00:30,24.5,86.5,1.5
02-08-2023 00:45,24.3,88,1.5
02-08-2023 01:00,24.4,87.9,1.5
02-08-2023 01:15,24.6,85.1,1.5
02-08-2023 01:30,24.6,85,1.5
02-08-2023 01:45,24.7,84.7,1.5
02-08-2023 02:00,24.7,84.4,1.5
02-08-2023 02:15,24.6,83.9,1.5
02-08-2023 02:30,24.4,84.9,1.5
02-08-2023 03:15,24.6,85.2,1.5
02-08-2023 03:30,24.6,84.6,1.5
02-08-2023 03:45,24.8,83.4,1.5
02-08-2023 04:00,24.8,83.6,1.5
02-08-2023 04:15,24.5,82.8,1.5
02-08-2023 04:30,24.6,82.9,1.5
02-08-2023 04:45,24.7,84.9,1.5
02-08-2023 05:00,24.1,84,1.5
02-08-2023 05:15,23.8,83.7,1.5
02-08-2023 05:30,24.1,84.4,1.5
02-08-2023 05:45,24.3,87,1.5
02-08-2023 06:00,24.6,86.1,1.5
02-08-2023 06:15,24.3,84.4,1.5
02-08-2023 06:30,24.3,83.6,1.5
02-08-2023 06:45,24.5,84.6,1.5
02-08-2023 07:00,24.8,85.1,1.5
02-08-2023 07:15,24.9,83.6,1.5
02-08-2023 07:30,25.1,82.3,1.5
02-08-2023 07:45,25.3,81.2,1.5
02-08-2023 08:00,25.4,82,1.5
02-08-2023 08:15,25.3,81.7,1.5
02-08-2023 08:30,25.9,80,1.5
02-08-2023 08:45,26.1,79.4,0
02-08-2023 09:00,26.4,78.7,0
02-08-2023 09:15,25.9,77,0
02-08-2023 09:30,26,77.4,0
02-08-2023 09:45,26.7,78.7,0
02-08-2023 10:00,26.3,78.8,0
02-08-2023 10:15,26.2,75.7,0
02-08-2023 10:30,26.7,76.5,0
02-08-2023 10:45,27.5,77.6,0
02-08-2023 11:00,27.2,77.1,0
02-08-2023 11:15,27.5,75,0
02-08-2023 11:30,27.3,75.9,0
02-08-2023 11:45,27.6,74.5,0
02-08-2023 12:00,27.2,72.9,0
02-08-2023 12:15,28,73.4,0
02-08-2023 12:30,27.5,72.4,0
02-08-2023 12:45,27.5,74.8,0
02-08-2023 13:00,25.3,80.2,0
02-08-2023 13:15,24.8,86.9,0
02-08-2023 13:30,26.6,80.4,0
02-08-2023 13:45,26.9,76.7,0
02-08-2023 14:00,27.7,75,0
02-08-2023 14:15,28.4,72.4,0
02-08-2023 14:30,28,71.4,0
02-08-2023 14:45,27.1,75.2,0
02-08-2023 15:00,27.9,72.9,0
02-08-2023 15:15,27.8,74.3,0
02-08-2023 15:30,27.3,75.4,0
02-08-2023 15:45,27.6,71.7,0
02-08-2023 16:00,28.1,76,0
02-08-2023 16:15,27.1,74.6,0
02-08-2023 16:30,27.5,75.1,0
02-08-2023 16:45,27.6,72.9,0
02-08-2023 17:00,26.9,75.6,0
02-08-2023 17:30,26.2,77.8,0
02-08-2023 17:45,25.5,78,0
02-08-2023 18:00,25.7,79.5,0
02-08-2023 18:15,25.4,81.8,0
02-08-2023 18:30,24.8,81.8,0
02-08-2023 18:45,24.9,84.8,0
02-08-2023 19:00,25.1,85.5,0
02-08-2023 19:15,25.2,83.7,0
02-08-2023 19:30,24.8,82.6,0
02-08-2023 19:45,24.2,84.3,0
02-08-2023 20:00,24.4,86.8,0
02-08-2023 20:15,24.5,85.5,0
02-08-2023 20:30,24.7,84.7,0
02-08-2023 20:45,24.7,84.1,0
02-08-2023 21:00,24.9,83,0
02-08-2023 21:15,24,82,0
02-08-2023 21:30,23.6,85.2,0.5
02-08-2023 21:45,23.8,90.2,0.5
02-08-2023 22:00,24,87.6,0.5
02-08-2023 22:15,24.1,87,0.5
02-08-2023 22:30,24.2,87.4,0.5
02-08-2023 22:45,24.2,88.1,0.5
02-08-2023 23:00,24.3,87.5,0.5
02-08-2023 23:15,24.1,86.7,0.5
02-08-2023 23:30,23.7,87.7,0.5
02-08-2023 23:45,23.8,89.4,0.5
03-08-2023 00:00,24.1,86,0.5
03-08-2023 00:15,24.3,86,0.5
03-08-2023 00:45,24.5,84.4,0.5
03-08-2023 01:00,24.5,85,0.5
03-08-2023 01:15,24.2,85.3,0.5
03-08-2023 01:30,24.2,86.3,0.5
03-08-2023 01:45,24.3,86.5,0.5
03-08-2023 02:00,24.3,86.1,0.5
03-08-2023 02:15,24.4,85.1,0.5
03-08-2023 02:30,24.4,86.3,0.5
03-08-2023 02:45,24.5,85.6,0.5
03-08-2023 03:00,24.4,85.4,0.5
03-08-2023 03:15,23.6,85.8,0.5
03-08-2023 03:30,23.3,88.5,1
03-08-2023 03:45,23.3,90.7,1
03-08-2023 04:00,23.6,88.5,1
03-08-2023 04:15,23.8,87.1,1
03-08-2023 04:30,23.6,87.9,1
03-08-2023 04:45,24,87.8,1
03-08-2023 05:00,24.1,86.8,1
03-08-2023 05:15,24.1,85.8,1
03-08-2023 05:30,24,85.2,1
03-08-2023 05:45,24.3,84.8,1
03-08-2023 06:00,24.4,84.5,1
03-08-2023 06:15,24.5,83.9,1
03-08-2023 06:30,24.4,83.7,1
03-08-2023 06:45,24.3,84.2,1
03-08-2023 07:00,24.4,83.1,1
03-08-2023 07:15,24.5,83.3,1
03-08-2023 07:30,24.9,83.5,1
03-08-2023 07:45,25,82.9,1
03-08-2023 08:00,24.6,82.5,1
03-08-2023 08:15,24.6,82.8,1
03-08-2023 08:30,24.8,85.3,1
03-08-2023 08:45,25.6,85,0
03-08-2023 09:00,26,83.1,0
03-08-2023 09:15,24.5,80.2,0
03-08-2023 09:30,25.3,84.2,0
03-08-2023 09:45,25.6,83.7,0
03-08-2023 10:00,24.2,82,0
03-08-2023 10:15,24.5,88.9,0
03-08-2023 10:30,25.9,86.9,0
03-08-2023 10:45,27.2,84.3,0
03-08-2023 11:00,27.3,79.4,0
03-08-2023 11:15,27.2,77.3,0
03-08-2023 11:30,26.7,76.4,0
03-08-2023 12:15,28,72.9,0
03-08-2023 12:30,26.9,71.3,0
03-08-2023 12:45,27,74.5,0
03-08-2023 13:00,27.8,80,0
03-08-2023 13:15,27.9,74.2,0
03-08-2023 13:30,26.7,71,0
03-08-2023 13:45,24.5,75.7,0.5
03-08-2023 14:00,25.2,89.3,0.5
03-08-2023 14:15,26.4,86,0.5
03-08-2023 14:30,26.9,81.6,0.5
03-08-2023 14:45,27.2,78.4,0.5
03-08-2023 15:00,26.2,77,0.5
03-08-2023 15:15,25.5,78.9,0.5
03-08-2023 15:30,26,84,0.5
03-08-2023 15:45,26.1,83,0.5
03-08-2023 16:00,26.3,81,0.5
03-08-2023 16:15,26.5,80.3,0.5
03-08-2023 16:30,26.1,79.5,0.5
03-08-2023 16:45,26.6,81,0.5
03-08-2023 17:00,25.9,78.6,0.5
03-08-2023 17:15,24.9,80.8,0.5
03-08-2023 17:30,25.2,84.7,0.5
03-08-2023 17:45,25.6,85.6,0.5
03-08-2023 18:00,25.6,83.6,0.5
03-08-2023 18:15,24.9,82.3,0.5
03-08-2023 18:30,24.2,83.3,0.5
03-08-2023 18:45,24.4,87.5,0.5
03-08-2023 19:00,24.3,87.8,0.5
03-08-2023 19:15,24.6,87.9,0.5
03-08-2023 19:30,24.6,86.3,0.5
03-08-2023 19:45,24.7,86,0.5
03-08-2023 20:00,24.9,84.6,0.5
03-08-2023 20:15,25,83.5,0.5
03-08-2023 20:30,25,83,0.5
03-08-2023 20:45,24.8,83.1,0.5
03-08-2023 21:00,24.8,84.7,0.5
03-08-2023 21:30,24.7,84.6,0.5
03-08-2023 21:45,25.1,84.8,0.5
03-08-2023 22:00,24.8,84.7,0.5
03-08-2023 22:15,24.7,83.2,0.5
03-08-2023 22:30,24.7,83.9,0.5
03-08-2023 22:45,24.7,84.1,0.5
03-08-2023 23:00,24.6,84.2,0.5
03-08-2023 23:15,24,84.6,0.5
03-08-2023 23:30,24.2,85.4,0.5
03-08-2023 23:45,23.8,88.4,0.5
04-08-2023 00:00,23.8,88.8,0.5
04-08-2023 00:15,24.3,86.7,0.5
04-08-2023 00:30,24.5,84.7,0.5
04-08-2023 00:45,24.6,84.4,0.5
04-08-2023 01:00,24.6,84.6,0.5
04-08-2023 01:15,24.5,85.1,0.5
04-08-2023 01:30,24.7,84.7,0.5
04-08-2023 01:45,24.6,85,0.5
04-08-2023 02:15,24.9,82.9,0.5
04-08-2023 02:30,24.8,82.6,0.5
04-08-2023 02:45,24.8,83.6,0.5
04-08-2023 03:00,24.6,82.5,0.5
04-08-2023 03:15,24.4,82.6,0.5
04-08-2023 03:30,24.5,83.3,0.5
04-08-2023 03:45,24.7,82.5,0.5
04-08-2023 04:00,24.6,82.1,0.5
04-08-2023 04:15,24.5,82.9,0.5
04-08-2023 04:30,24.6,82.3,0.5
04-08-2023 04:45,24.5,82.2,0.5
04-08-2023 05:00,24.5,82.8,0.5
04-08-2023 05:15,24.4,82.8,0.5
04-08-2023 05:30,24.4,84,0.5
04-08-2023 05:45,24.5,84,0.5
04-08-2023 06:00,24.6,82.7,0.5
04-08-2023 06:15,24.5,82.5,0.5
04-08-2023 06:30,24.6,83,0.5
04-08-2023 06:45,24.5,82.4,0.5
04-08-2023 07:00,24.5,83.1,0.5
04-08-2023 07:15,24.5,84.2,0.5
04-08-2023 07:30,24.5,84.4,0.5
04-08-2023 07:45,24.4,84.5,0.5
04-08-2023 08:00,23.6,85.5,1
04-08-2023 08:15,24,88.5,1
04-08-2023 08:30,24.5,88.4,1
04-08-2023 08:45,24.8,87,0
04-08-2023 09:00,25,85.1,0
04-08-2023 09:15,25.3,84.5,0
04-08-2023 09:30,25.8,83.9,0
04-08-2023 09:45,26,82.3,0
04-08-2023 10:00,26.3,79.8,0
04-08-2023 10:15,26.4,78.2,0
04-08-2023 10:30,26.3,77.8,0
04-08-2023 10:45,25.7,78.3,0
04-08-2023 11:00,25.8,80.8,0
04-08-2023 11:15,25.9,81.3,0
04-08-2023 11:30,26.1,80.2,0
04-08-2023 12:00,26.2,78.7,0
04-08-2023 12:15,26.3,78.9,0
04-08-2023 12:45,27,78.6,0
04-08-2023 13:00,26.9,77.4,0
04-08-2023 13:15,27.2,76.8,0
04-08-2023 13:30,27.3,76.4,0
04-08-2023 13:45,26.2,77.1,0
04-08-2023 14:00,26.1,77.9,0
04-08-2023 14:15,27.1,83.9,0
04-08-2023 14:30,27,78.5,0
04-08-2023 14:45,27.7,77.1,0
04-08-2023 15:00,27.3,76.1,0
04-08-2023 15:15,25.1,75.8,0.5
04-08-2023 15:30,25.9,85,0.5
04-08-2023 15:45,26.4,85.4,0.5
04-08-2023 16:00,26.3,82.6,0.5
04-08-2023 16:15,24.8,82.1,0.5
04-08-2023 16:30,25,89.1,0.5
04-08-2023 16:45,25.1,87,0.5
04-08-2023 17:00,25.6,86.9,0.5
04-08-2023 17:15,25.8,84.9,0.5
04-08-2023 17:30,25.7,85,0.5
04-08-2023 18:15,25.5,83.2,0.5
04-08-2023 18:30,25.3,83.1,0.5
04-08-2023 18:45,25.1,83.4,0.5
04-08-2023 19:00,24.3,83.5,0.5
04-08-2023 19:15,24,84,1
04-08-2023 19:30,24,85.5,1
04-08-2023 19:45,24.2,87.2,1
04-08-2023 20:00,24.3,89.4,1
04-08-2023 20:15,24.6,89.3,1
04-08-2023 20:30,24.5,88.8,1
04-08-2023 20:45,24.5,87.9,1
04-08-2023 21:00,24.2,87,1
04-08-2023 21:15,24.3,86.2,1
04-08-2023 21:30,24.4,87.3,1
04-08-2023 21:45,24.2,87.9,1
04-08-2023 22:00,24.2,89.1,1
04-08-2023 22:15,24.3,88.2,1
04-08-2023 22:30,24.4,87.9,1
04-08-2023 22:45,24.5,88.4,1
04-08-2023 23:00,24.3,87.9,1
04-08-2023 23:15,24.4,87.1,1
04-08-2023 23:30,24.4,86.5,1
04-08-2023 23:45,23.7,87.3,1
05-08-2023 00:00,23.5,90.9,1
05-08-2023 00:15,23.7,90.9,1
05-08-2023 00:30,23.6,91,1
05-08-2023 00:45,23.5,92.8,1.5
05-08-2023 01:00,23.5,93.1,1.5
05-08-2023 01:15,23.4,93.3,2.5
05-08-2023 01:30,23.4,91.5,2.5
05-08-2023 01:45,23.6,90.3,2.5
05-08-2023 02:00,23.6,90.1,2.5
05-08-2023 02:15,23.8,89.4,2.5
05-08-2023 02:30,23.7,89.4,2.5
05-08-2023 02:45,23.8,88.5,2.5
05-08-2023 03:15,24,86.9,2.5
05-08-2023 03:30,24,86.4,2.5
05-08-2023 03:45,24,87.1,2.5
05-08-2023 04:00,23.1,87.8,3
05-08-2023 04:15,23,90.7,3
05-08-2023 04:30,22.9,92.3,3
05-08-2023 04:45,23,92.5,3
05-08-2023 05:00,23,92.7,3
05-08-2023 05:15,22.8,91.6,3.5
05-08-2023 05:30,22.6,92,4
05-08-2023 05:45,22.6,92.4,4
05-08-2023 06:00,22.6,92.7,4.5
05-08-2023 06:15,22.8,92.9,4.5
05-08-2023 06:30,22.9,93,4.5
05-08-2023 06:45,22.9,92.8,5
05-08-2023 07:00,23,93.1,5
05-08-2023 07:15,23.1,93.4,5
05-08-2023 07:30,23.5,93.3,5
05-08-2023 07:45,24,92.3,5
05-08-2023 08:00,24.2,91.6,5
05-08-2023 08:15,24.7,90.2,5
05-08-2023 08:30,24.8,87.7,5
05-08-2023 08:45,23.9,86.5,0
05-08-2023 09:00,23.6,89.9,0
05-08-2023 09:15,24,91.3,0
05-08-2023 09:30,24.2,91.8,0
05-08-2023 09:45,25.3,90.6,0
05-08-2023 10:00,25.5,88.8,0
05-08-2023 10:15,25.4,83.8,0
05-08-2023 10:30,25.7,86.1,0
05-08-2023 10:45,25.4,86.7,0
05-08-2023 11:00,26.5,87.3,0
05-08-2023 11:15,26.8,82.4,0
05-08-2023 11:30,27.4,83.2,0
05-08-2023 11:45,26.6,79,0
05-08-2023 12:00,25.2,84.8,0
05-08-2023 12:15,26.3,82.6,0
05-08-2023 12:30,27.4,82.1,0
05-08-2023 12:45,28.2,78.7,0
05-08-2023 13:00,28.1,71.7,0
05-08-2023 13:15,28.1,74.3,0
05-08-2023 13:30,27.5,76.4,0
05-08-2023 13:45,27.7,75.2,0
05-08-2023 14:00,25.4,81.7,0
05-08-2023 14:15,27,82.4,0
05-08-2023 14:30,27.7,76.4,0.5
05-08-2023 14:45,27.1,74,0.5
05-08-2023 15:00,27.4,74.4,0.5
05-08-2023 15:15,26.5,78.9,0.5
05-08-2023 15:30,27,78.6,0.5
05-08-2023 15:45,26.8,78.3,0.5
05-08-2023 16:00,27.1,76.4,0.5
05-08-2023 16:15,26.9,77,0.5
05-08-2023 16:30,26.3,78.1,0.5
05-08-2023 17:00,26.3,81.6,0.5
05-08-2023 17:15,26.3,80.1,0.5
05-08-2023 17:30,26.4,78.1,0.5
05-08-2023 17:45,26.2,78,0.5
05-08-2023 18:00,25.9,78.8,0.5
05-08-2023 18:15,24.7,79.8,0.5
05-08-2023 18:30,24.2,84.2,0.5
05-08-2023 18:45,24.4,88.5,0.5
05-08-2023 19:00,24.6,87.2,0.5
05-08-2023 19:15,24.5,84.6,0.5
05-08-2023 19:30,24.4,84.9,0.5
05-08-2023 20:00,24.4,85.8,0.5
05-08-2023 20:15,24.2,85.8,0.5
05-08-2023 20:30,24.1,84.3,0.5
05-08-2023 20:45,24.2,85.7,0.5
05-08-2023 21:00,24.2,86.3,0.5
05-08-2023 21:15,24.3,85.5,0.5
05-08-2023 21:45,24.4,85.2,0.5
05-08-2023 22:00,24.5,85.2,0.5
05-08-2023 22:15,24.5,85.1,0.5
05-08-2023 22:30,24.5,84.9,0.5
05-08-2023 22:45,24.5,84.3,0.5
05-08-2023 23:00,24.4,84.6,0.5
05-08-2023 23:15,24.4,84.5,0.5
05-08-2023 23:30,24.3,84.9,0.5
05-08-2023 23:45,24,85.3,0.5
06-08-2023 00:00,24.1,88.3,0.5
06-08-2023 00:15,24.2,87.2,0.5
06-08-2023 00:45,24.3,87.3,0.5
06-08-2023 01:00,24.4,86.8,0.5
06-08-2023 01:15,24.4,86.4,0.5
06-08-2023 01:30,24.3,86.4,0.5
06-08-2023 01:45,24.2,86.6,0.5
06-08-2023 02:00,24.3,86.5,0.5
06-08-2023 02:15,24.4,86.4,0.5
06-08-2023 02:30,24.2,86.3,0.5
06-08-2023 02:45,24,86.6,0.5
06-08-2023 03:00,24.3,86.8,0.5
06-08-2023 03:15,24.4,85.2,0.5
06-08-2023 03:30,24.3,85.4,0.5
06-08-2023 03:45,24.4,85.9,0.5
06-08-2023 04:00,24.2,85,0.5
06-08-2023 04:15,24.1,85.9,0.5
06-08-2023 04:30,24.2,86.3,0.5
06-08-2023 04:45,24.2,85,0.5
06-08-2023 05:00,24.1,84.8,0.5
06-08-2023 05:15,24,84.8,0.5
06-08-2023 05:30,23.9,85.1,0.5
06-08-2023 06:00,23.8,85.8,0.5
06-08-2023 06:15,23.8,85.9,0.5
06-08-2023 06:30,24,86.1,0.5
06-08-2023 06:45,24.2,87.1,0.5
06-08-2023 07:00,24.2,87.2,0.5
06-08-2023 07:15,24.2,84.8,0.5
06-08-2023 07:30,24.4,84.8,0.5
06-08-2023 07:45,24.7,85.3,0.5
06-08-2023 08:00,25.3,84.7,0.5
06-08-2023 08:15,25.5,83.2,0.5
06-08-2023 08:30,26.1,81,0.5
06-08-2023 08:45,26,79.9,0
06-08-2023 09:00,26.2,77.3,0
06-08-2023 09:15,26.5,78.8,0
06-08-2023 09:30,26.7,76.9,0
06-08-2023 09:45,26.7,73.7,0
06-08-2023 10:00,27.1,74.6,0
06-08-2023 10:15,26.8,72.1,0
06-08-2023 10:30,25.8,73.4,0
06-08-2023 10:45,23.9,74.1,0
06-08-2023 11:15,26.4,75.2,0
06-08-2023 11:30,27,88.4,0
06-08-2023 11:45,27.4,88.4,0
06-08-2023 12:00,27,72.1,0
06-08-2023 12:15,26.1,76.3,0
06-08-2023 12:30,24.2,86.9,0.5
06-08-2023 12:45,25.3,83.4,0.5
06-08-2023 13:00,25.3,81.5,0.5
06-08-2023 13:15,26.2,77.1,0.5
06-08-2023 13:30,26.4,77.4,0.5
06-08-2023 13:45,27.3,73.4,0.5
06-08-2023 14:00,27.7,71.1,0.5
06-08-2023 14:15,26,77.6,0.5
06-08-2023 14:30,24.6,87.1,0.5
06-08-2023 14:45,24.6,87.7,0.5
06-08-2023 15:00,24.8,84,0.5
06-08-2023 15:15,25.7,80.3,0.5
06-08-2023 15:30,26.5,78.9,0.5
06-08-2023 15:45,27.1,74.8,0.5
06-08-2023 16:00,26.4,76.7,0.5
06-08-2023 16:15,25.5,78.2,0.5
06-08-2023 16:45,25.8,81.3,0.5
06-08-2023 17:00,26.8,79.9,0.5
06-08-2023 17:15,26.4,77.6,0.5
06-08-2023 17:30,26.7,77.7,0.5
06-08-2023 17:45,26.8,74.7,0.5
06-08-2023 18:00,26.6,74.9,0.5
06-08-2023 18:15,26.1,76.4,0.5
06-08-2023 18:30,25.6,77.6,0.5
06-08-2023 18:45,25.1,79.3,0.5
06-08-2023 19:00,24.7,82.3,0.5
06-08-2023 19:15,24.6,83.2,0.5
06-08-2023 19:30,24.7,82.8,0.5
06-08-2023 19:45,24.7,81.8,0.5
06-08-2023 20:00,24.6,81.4,0.5
06-08-2023 20:30,24.7,82.3,0.5
06-08-2023 20:45,24.7,82.7,0.5
06-08-2023 21:00,24.7,83.7,0.5
06-08-2023 21:15,24.6,83.6,0.5
06-08-2023 21:30,24.6,83.1,0.5
06-08-2023 21:45,24.4,83.2,0.5
06-08-2023 22:00,24.4,83.3,0.5
06-08-2023 22:15,24.6,83.7,0.5
06-08-2023 22:30,24.5,84.1,0.5
06-08-2023 22:45,24.4,83.6,0.5
06-08-2023 23:00,24.4,82.9,0.5
06-08-2023 23:15,23.8,83.1,0.5
06-08-2023 23:30,23.7,82.6,0.5
06-08-2023 23:45,24,85.5,0.5
07-08-2023 00:00,24.1,85,0.5
07-08-2023 00:15,24.2,85.1,0.5
07-08-2023 00:30,24.2,84.1,0.5
07-08-2023 00:45,24.2,85.6,0.5
07-08-2023 01:00,24.3,84.5,0.5
07-08-2023 01:15,24.2,84.9,0.5
07-08-2023 01:30,24.2,84.7,0.5
07-08-2023 01:45,24.1,85.1,0.5
07-08-2023 02:00,24.1,84.6,0.5
07-08-2023 02:15,24,84.2,0.5
07-08-2023 02:30,24.1,84.3,0.5
07-08-2023 02:45,24.1,84.4,0.5
07-08-2023 03:00,24.1,84.3,0.5
07-08-2023 03:15,24,85,0.5
07-08-2023 03:30,24.3,83.7,0.5
07-08-2023 03:45,24.3,83.6,0.5
07-08-2023 04:00,24.2,84,0.5
07-08-2023 04:15,24.4,83.3,0.5
07-08-2023 04:30,24.3,83.6,0.5
07-08-2023 04:45,24.5,82,0.5
07-08-2023 05:00,24.6,81.2,0.5
07-08-2023 05:15,24.6,81.9,0.5
07-08-2023 05:30,24.7,80.9,0.5
07-08-2023 05:45,24.7,80.7,0.5
07-08-2023 06:00,24.6,80.5,0.5
07-08-2023 06:15,24.5,81.2,0.5
07-08-2023 06:30,24.5,81.4,0.5
07-08-2023 06:45,24.6,81.6,0.5
07-08-2023 07:00,24.8,79.7,0.5
07-08-2023 07:15,24.8,78.8,0.5
07-08-2023 07:30,24.9,79.1,0.5
07-08-2023 07:45,25,79.5,0.5
07-08-2023 08:00,25.2,79.9,0.5
07-08-2023 08:15,25.3,79.9,0.5
07-08-2023 08:30,25.1,81,0.5
07-08-2023 08:45,25.4,81.7,0
07-08-2023 09:00,25.7,80.6,0
07-08-2023 09:15,25.4,80.4,0
07-08-2023 09:30,25.5,81.5,0
07-08-2023 09:45,25.9,79.1,0
07-08-2023 10:00,24.3,83.6,0
07-08-2023 10:15,25.4,85.4,0
07-08-2023 10:30,27.2,75.6,0
07-08-2023 10:45,26.8,73.9,0
07-08-2023 11:00,26.6,75.4,0
07-08-2023 11:15,25.7,80.1,0
07-08-2023 11:30,25.2,82.1,0
07-08-2023 11:45,24.1,86.6,0
07-08-2023 12:00,25.8,81.4,0
07-08-2023 12:15,26.7,73.7,0
07-08-2023 12:30,27,71.7,0
07-08-2023 12:45,27.2,71.7,0
07-08-2023 13:00,26.7,75,0
07-08-2023 13:15,26.8,76.4,0
07-08-2023 13:30,27.7,70.5,0
07-08-2023 13:45,26.8,78.7,0
07-08-2023 14:00,26.5,71.3,0
07-08-2023 14:15,26.3,78.3,0
07-08-2023 14:30,27.2,73.3,0
07-08-2023 14:45,27,73.7,0
07-08-2023 15:00,27.2,72.2,0
07-08-2023 15:15,27.5,70.7,0
07-08-2023 15:30,26.7,71.2,0
07-08-2023 15:45,26,77.3,0
07-08-2023 16:00,26.4,76.4,0
07-08-2023 16:15,26.6,75,0
07-08-2023 16:30,27,74.3,0
07-08-2023 17:00,26.3,74.2,0
07-08-2023 17:15,25.6,75.8,0
07-08-2023 17:30,24.4,78.9,0
07-08-2023 17:45,24.8,83.3,0
07-08-2023 18:00,24.8,83,0
07-08-2023 18:15,24.6,81.9,0
07-08-2023 18:30,24.9,82.9,0
07-08-2023 18:45,25.1,82.2,0
07-08-2023 19:00,24.9,79.6,0
07-08-2023 19:15,24.7,80.6,0
07-08-2023 19:30,24.6,81.5,0
07-08-2023 20:00,24.4,81,0
07-08-2023 20:15,24.4,81.6,0
07-08-2023 20:30,24.6,83.2,0
07-08-2023 20:45,24.8,83.4,0
07-08-2023 21:00,24.7,82.8,0
07-08-2023 21:15,24.4,81.3,0
07-08-2023 21:30,24.3,80.9,0
07-08-2023 21:45,24.2,81.9,0
07-08-2023 22:00,24.2,82.9,0
07-08-2023 22:15,24.1,82.8,0
07-08-2023 22:30,24.2,83.1,0
07-08-2023 22:45,24.1,83.6,0
07-08-2023 23:00,24.3,83.9,0
07-08-2023 23:15,24.2,84.9,0
07-08-2023 23:30,24.1,84.7,0
07-08-2023 23:45,24.3,84.7,0
08-08-2023 00:00,24.4,83.6,0
08-08-2023 00:15,24.4,84.1,0
08-08-2023 00:30,24.3,84,0
08-08-2023 00:45,24.3,84.6,0
08-08-2023 01:00,24.4,84.2,0
08-08-2023 01:15,24.4,84.1,0
08-08-2023 01:30,24.3,84.2,0
08-08-2023 01:45,24.4,83,0
08-08-2023 02:00,24.4,82.7,0
08-08-2023 02:15,24.4,82.7,0
08-08-2023 02:30,24.4,83.1,0
08-08-2023 02:45,24.4,83.3,0
08-08-2023 03:00,24.6,80.9,0
08-08-2023 03:15,24.5,81.5,0
08-08-2023 03:30,24.6,81.4,0
08-08-2023 03:45,24.5,81.2,0
08-08-2023 04:00,24.5,81.2,0
08-08-2023 04:15,24.5,81.4,0
08-08-2023 04:30,24.6,81.1,0
08-08-2023 04:45,24.4,82.1,0
08-08-2023 05:00,24.4,81.5,0
08-08-2023 05:15,24.4,82,0
08-08-2023 05:30,24.4,82.9,0
08-08-2023 05:45,24.3,83.8,0
08-08-2023 06:00,24.2,84.5,0
08-08-2023 06:15,24.2,84.3,0
08-08-2023 06:30,24.2,83.9,0
08-08-2023 06:45,24.2,84.3,0
08-08-2023 07:00,24.2,84.9,0
08-08-2023 07:15,24.5,84.3,0
08-08-2023 07:30,25,83.3,0
08-08-2023 07:45,24.9,83.3,0
08-08-2023 08:00,23.7,86,0.5
08-08-2023 08:15,23.6,89.8,0.5
08-08-2023 08:30,24.1,88,0.5
08-08-2023 08:45,25,84.2,0
08-08-2023 09:00,25.8,82,0
08-08-2023 09:15,25.8,81.6,0
08-08-2023 09:30,26,79.6,0
08-08-2023 09:45,26.5,78.7,0
08-08-2023 10:00,26.8,76.1,0
08-08-2023 10:15,26.6,76.1,0
08-08-2023 10:30,26.9,74.5,0
08-08-2023 10:45,27.1,72.8,0
08-08-2023 11:00,26.4,75.9,0
08-08-2023 11:15,27.6,74.7,0
08-08-2023 11:30,28.3,70.8,0
08-08-2023 11:45,27.8,69.5,0
08-08-2023 12:00,27.8,72,0
08-08-2023 12:15,27.7,71.7,0
08-08-2023 12:30,27.5,72.8,0
08-08-2023 12:45,27.4,73.9,0
08-08-2023 13:00,26.5,74,0
08-08-2023 13:15,27.4,73.7,0
08-08-2023 13:45,27,72.3,0
08-08-2023 14:00,27.2,74.3,0
08-08-2023 14:15,27.8,73.5,0
08-08-2023 14:30,27.8,71.7,0
08-08-2023 14:45,27.7,73.3,0
08-08-2023 15:00,27.9,71.1,0
08-08-2023 15:15,28.2,71.5,0
08-08-2023 15:30,28,70.4,0
08-08-2023 15:45,28.5,70.4,0
08-08-2023 16:00,26.1,69.7,0
08-08-2023 16:15,25.5,74.1,0
08-08-2023 16:30,26.3,81.3,0
08-08-2023 16:45,27.1,77,0
08-08-2023 17:00,27,74.6,0
08-08-2023 17:15,27,72.4,0
08-08-2023 17:30,27.1,73.1,0
08-08-2023 17:45,26.2,75.7,0
08-08-2023 18:00,25.8,75.8,0
08-08-2023 18:15,25.6,76.7,0
08-08-2023 18:30,25.1,77.5,0
08-08-2023 18:45,24.1,79.4,0
08-08-2023 19:00,23.5,84.7,2.5
08-08-2023 19:15,23.5,89.8,2.5
08-08-2023 19:30,23.5,91.1,2.5
08-08-2023 20:00,23.7,91.2,2.5
08-08-2023 20:15,23.9,91.3,2.5
08-08-2023 20:30,23.9,91.3,2.5
08-08-2023 20:45,24,91.4,2.5
08-08-2023 21:00,24,90.6,2.5
08-08-2023 21:15,24.1,89.6,2.5
08-08-2023 21:45,24.1,89.8,2.5
08-08-2023 22:00,24.2,89.5,2.5
08-08-2023 22:15,24.3,89.4,2.5
08-08-2023 22:30,24.4,89.9,2.5
08-08-2023 22:45,24.3,88.8,2.5
08-08-2023 23:00,24.3,88.5,2.5
08-08-2023 23:15,24.3,86.9,2.5
08-08-2023 23:30,24.2,87.2,2.5
08-08-2023 23:45,24.1,87.7,2.5
09-08-2023 00:00,23.9,88.2,2.5
09-08-2023 00:15,23.6,89.6,2.5
09-08-2023 00:30,23.5,89.8,2.5
09-08-2023 00:45,23.5,89.6,2.5
09-08-2023 01:00,23.6,89.3,2.5
09-08-2023 01:15,23.6,88.8,2.5
09-08-2023 01:30,23.2,90.6,3
09-08-2023 01:45,23.1,91.3,3
09-08-2023 02:00,23.2,91,3
09-08-2023 02:15,23.2,90.8,3
09-08-2023 02:30,23.4,89.3,3
09-08-2023 02:45,23.3,89,3
09-08-2023 03:00,23.7,88.8,3
09-08-2023 03:15,23.6,88.9,3
09-08-2023 03:30,23.8,88,3
09-08-2023 03:45,23.4,89.9,3
09-08-2023 04:00,23.4,90.5,3
09-08-2023 04:15,23.6,88.6,3
09-08-2023 04:30,23.7,87.9,3
09-08-2023 04:45,23.7,87.7,3
09-08-2023 05:00,23.8,87.5,3
09-08-2023 05:15,23.7,87.3,3
09-08-2023 05:30,23.8,87,3
09-08-2023 05:45,23.7,87.1,3
09-08-2023 06:00,23.8,87,3
09-08-2023 06:15,23.9,86.6,3
09-08-2023 06:30,24,85.9,3
09-08-2023 06:45,24.1,85.4,3
09-08-2023 07:00,24.1,85.7,3
09-08-2023 07:15,24.2,85.5,3
09-08-2023 07:30,24.2,85.5,3
09-08-2023 07:45,24.5,85.3,3
09-08-2023 08:00,25.1,84.8,3
09-08-2023 08:15,25.3,83.4,3
09-08-2023 08:30,25.7,82.1,3
09-08-2023 08:45,25.9,81,0
09-08-2023 09:00,26.1,82.2,0
09-08-2023 09:15,26,80.5,0
09-08-2023 09:30,25.9,81.5,0
09-08-2023 09:45,26,82,0
09-08-2023 10:00,26.4,80.4,0
09-08-2023 10:15,27.2,75.5,0
09-08-2023 10:30,27.5,73.9,0
09-08-2023 10:45,27.9,72.6,0
09-08-2023 11:00,28.1,71.3,0
09-08-2023 11:15,28,69.5,0
09-08-2023 11:30,28.2,69.2,0
09-08-2023 11:45,27.6,70.9,0
09-08-2023 12:00,27,75,0
09-08-2023 12:30,26.9,77.5,0
09-08-2023 12:45,27.6,77.7,0
09-08-2023 13:00,27.9,76.7,0
09-08-2023 13:15,29.1,73.3,0
09-08-2023 13:30,28.3,72,0
09-08-2023 13:45,27.9,69.3,0
09-08-2023 14:00,27.4,72.2,0
09-08-2023 14:15,27.8,73,0
09-08-2023 14:30,28.2,73.2,0
09-08-2023 14:45,28,70.8,0
09-08-2023 15:00,28.5,71.4,0
09-08-2023 15:15,28,72.6,0
09-08-2023 15:30,28.5,72.4,0
09-08-2023 15:45,27.8,72.4,0
09-08-2023 16:00,26.1,72.7,0
09-08-2023 16:15,25.6,76.5,0
09-08-2023 16:30,26.1,80.5,0
09-08-2023 16:45,26.5,78.7,0
09-08-2023 17:00,26.7,77.1,0
09-08-2023 17:15,26.9,76.9,0
09-08-2023 17:30,26.6,75.4,0
09-08-2023 17:45,26.4,75.5,0
09-08-2023 18:00,26.2,76.8,0
09-08-2023 18:15,26.1,76.8,0
09-08-2023 18:30,25.9,77.7,0
09-08-2023 18:45,25.7,78.5,0
09-08-2023 19:00,25.4,79.5,0
09-08-2023 19:15,25.2,80.6,0
09-08-2023 19:30,25.1,81.7,0
09-08-2023 19:45,24.8,81.8,0
09-08-2023 20:00,24.4,83.1,0
09-08-2023 20:15,24.2,84.4,0
09-08-2023 20:30,24.1,84.8,0
09-08-2023 20:45,24.2,84.8,0
09-08-2023 21:00,24.2,85.1,0
09-08-2023 21:15,24.2,85.2,0
09-08-2023 21:30,24,84.9,0
09-08-2023 21:45,24,85.3,0
09-08-2023 22:00,24.2,86,0
09-08-2023 22:15,24.2,85.4,0
09-08-2023 22:45,24,85.3,0
09-08-2023 23:00,24,86.4,0
09-08-2023 23:15,23.8,87.4,0
09-08-2023 23:30,23.5,87.3,0
09-08-2023 23:45,23.5,87,0
10-08-2023 00:00,23.6,87.3,0
10-08-2023 00:15,23.6,87,0
10-08-2023 00:30,23.7,88.1,0
10-08-2023 00:45,23.7,88.8,0
10-08-2023 01:00,23.8,89.1,0
10-08-2023 01:15,23.6,88.9,0
10-08-2023 01:30,23.6,88.7,0
10-08-2023 01:45,23.3,88.3,0
10-08-2023 02:00,23.2,87.7,0
10-08-2023 02:15,23.3,87.6,0
10-08-2023 02:30,23.4,87.7,0
10-08-2023 02:45,23.5,87.8,0
10-08-2023 03:00,23.5,88.3,0
10-08-2023 03:15,23.2,88.1,0
10-08-2023 03:30,23.4,87.9,0
10-08-2023 03:45,23.3,88.1,0
10-08-2023 04:00,23.4,88.1,0
10-08-2023 04:15,23.2,87.9,0
10-08-2023 04:30,23.1,87.1,0
10-08-2023 04:45,23.1,85.4,0
10-08-2023 05:00,23.3,85,0
10-08-2023 05:15,23.4,85.6,0
10-08-2023 05:30,23.4,86.5,0
10-08-2023 05:45,23.4,87,0
10-08-2023 06:00,23.5,87,0
10-08-2023 06:15,23.5,87,0
10-08-2023 06:30,23.4,87.1,0
10-08-2023 06:45,23.5,87.5,0
10-08-2023 07:00,23.6,87.9,0
10-08-2023 07:15,24,87.8,0
10-08-2023 07:30,24.3,88,0
10-08-2023 07:45,24.5,88.6,0
10-08-2023 08:00,24.4,88.5,0
10-08-2023 08:15,24.9,87.8,0
10-08-2023 08:30,24.9,86.7,0
10-08-2023 08:45,25.2,85.2,0
10-08-2023 09:00,25.1,85.2,0
10-08-2023 09:15,24.3,84.8,0
10-08-2023 09:30,25.3,82.9,0
10-08-2023 09:45,25.5,80.9,0
10-08-2023 10:00,25.8,81.8,0
10-08-2023 10:15,26.3,86.5,0
10-08-2023 10:30,26.6,84.6,0
10-08-2023 10:45,27.3,83.5,0
10-08-2023 11:00,27.3,82.9,0
10-08-2023 11:15,27.9,80.2,0
10-08-2023 11:30,27.8,77.7,0
10-08-2023 11:45,28.8,74.1,0
10-08-2023 12:00,28.3,72.7,0
10-08-2023 12:15,27.6,72.2,0
10-08-2023 12:30,28.1,72.5,0
10-08-2023 12:45,27.5,69.9,0
10-08-2023 13:00,24.7,70.5,0.5
10-08-2023 13:15,26.4,71.2,0.5
10-08-2023 13:30,27.6,71,0.5
10-08-2023 13:45,28.3,74.8,0.5
10-08-2023 14:00,28.8,84.7,0.5
10-08-2023 14:15,28.9,84.3,0.5
10-08-2023 14:30,29.1,77.6,0.5
10-08-2023 14:45,29.3,73.9,0.5
10-08-2023 15:00,29.2,67.7,0.5
10-08-2023 15:15,29.4,67.5,0.5
10-08-2023 15:30,28.2,64.5,0.5
10-08-2023 15:45,27.9,65.7,0.5
10-08-2023 16:00,27.8,66.5,0.5
10-08-2023 16:15,28.6,68.5,0.5
10-08-2023 16:30,28.4,68,0.5
10-08-2023 16:45,28.3,70.9,0.5
10-08-2023 17:00,27.8,70.4,0.5
10-08-2023 17:15,27.1,70.8,0.5
10-08-2023 17:30,27.3,70.6,0.5
10-08-2023 17:45,26.6,70.2,0.5
10-08-2023 18:00,26.3,72.2,0.5
10-08-2023 18:15,26.2,74.2,0.5
10-08-2023 18:30,26.1,73.8,0.5
10-08-2023 18:45,25.9,75.6,0.5
10-08-2023 19:00,25.5,77.9,0.5
10-08-2023 19:15,25.2,78.4,0.5
10-08-2023 19:30,24.9,78.2,0.5
10-08-2023 19:45,24.6,79,0.5
10-08-2023 20:00,24.3,79.3,0.5
10-08-2023 20:15,24.3,78.7,0.5
10-08-2023 20:30,24.3,80.1,0.5
10-08-2023 20:45,24.2,81.2,0.5
10-08-2023 21:00,24,82.5,0.5
10-08-2023 21:15,24,83.3,0.5
10-08-2023 21:30,23.7,84,0.5
10-08-2023 21:45,23.4,84.7,0.5
10-08-2023 22:00,23.3,86.1,0.5
10-08-2023 22:15,23.3,86.8,0.5
10-08-2023 22:30,23.2,87.5,0.5
10-08-2023 22:45,23.1,89.3,0.5
10-08-2023 23:00,23.2,88.5,0.5
10-08-2023 23:15,23.4,88,0.5
10-08-2023 23:30,23.7,87.6,0.5
10-08-2023 23:45,23.7,88.6,0.5
11-08-2023 00:00,23.6,89.2,0.5
11-08-2023 00:15,23.6,88.9,0.5
11-08-2023 00:30,23.4,88.1,0.5
11-08-2023 00:45,23.2,87.9,0.5
11-08-2023 01:00,23.3,88.1,0.5
11-08-2023 01:15,23.4,89,0.5
11-08-2023 01:30,23.6,89,0.5
11-08-2023 01:45,23.5,89,0.5
11-08-2023 02:00,23.5,89,0.5
11-08-2023 02:15,23.2,90,0.5
11-08-2023 02:30,23,90,0.5
11-08-2023 02:45,22.9,91,0.5
11-08-2023 03:00,22.8,91,0.5
11-08-2023 03:15,22.9,91,0.5
11-08-2023 03:30,23,91,0.5
11-08-2023 03:45,22.9,91,0.5
11-08-2023 04:00,22.9,91,0.5
11-08-2023 04:15,23,90,0.5
11-08-2023 04:30,23.1,90,0.5
11-08-2023 04:45,23.4,90,0.5
11-08-2023 05:00,23.5,89,0.5
11-08-2023 05:15,23.5,90,0.5
11-08-2023 05:30,23.5,90,0.5
11-08-2023 05:45,23.3,90,0.5
11-08-2023 06:00,23.1,91,0.5
11-08-2023 06:15,22.9,91,0.5
11-08-2023 06:30,23,91,0.5
11-08-2023 06:45,23.2,91,0.5
11-08-2023 07:00,23.2,91,0.5
11-08-2023 07:15,23.5,91,0.5
11-08-2023 07:30,23.9,91,0.5
11-08-2023 07:45,24.5,90,0.5
11-08-2023 08:00,24.8,89,0.5
11-08-2023 08:15,24.5,90,0.5
11-08-2023 08:30,24.3,90,0.5
11-08-2023 08:45,25,90,0
11-08-2023 09:00,24.9,89,0
11-08-2023 09:15,24,91,0
11-08-2023 09:30,24.4,91,0
11-08-2023 10:15,25.2,87,0
11-08-2023 10:30,26,87,0
11-08-2023 10:45,26.6,84,0
11-08-2023 11:00,26.9,78,0
11-08-2023 11:15,27.1,77,0
11-08-2023 11:30,28.4,73,0
11-08-2023 11:45,28.2,73,0
11-08-2023 12:00,27.8,73,0
11-08-2023 12:15,24.8,87,0
11-08-2023 12:30,25.9,86,0
11-08-2023 12:45,27.1,80,0
11-08-2023 13:00,28.1,74,0
11-08-2023 13:15,28.3,74,0
11-08-2023 13:30,28.2,74,0
11-08-2023 13:45,28.5,74,0
11-08-2023 14:00,28.4,72,0
11-08-2023 14:15,28.9,71,0
11-08-2023 14:30,29.2,70,0
11-08-2023 14:45,29,70,0
11-08-2023 15:00,30,72,0
11-08-2023 15:15,29.4,69,0
11-08-2023 15:30,28.6,71,0
11-08-2023 15:45,29.6,68,0
11-08-2023 16:00,29.5,67,0
11-08-2023 16:15,29.2,72,0
11-08-2023 16:30,29.3,69,0
11-08-2023 17:00,28.9,69,0
11-08-2023 17:15,28.7,70,0
11-08-2023 17:30,28.6,70,0
11-08-2023 17:45,27.7,73,0
11-08-2023 18:00,27.5,72,0
11-08-2023 18:15,27.3,74,0
11-08-2023 18:30,26.9,75,0
11-08-2023 18:45,26.4,79,0
11-08-2023 19:00,25.8,80,0
11-08-2023 19:15,25.4,83,0
11-08-2023 19:30,25.2,85,0
11-08-2023 19:45,24.9,86,0
11-08-2023 20:00,24.9,86,0
11-08-2023 20:15,24.7,86,0
11-08-2023 20:30,24.7,86,0
11-08-2023 20:45,24.5,87,0
11-08-2023 21:00,24,88,0
11-08-2023 21:15,23.8,89,0
11-08-2023 21:30,24.1,88,0
11-08-2023 21:45,23.9,88,0
11-08-2023 22:00,23.9,88,0
11-08-2023 22:15,23.8,88,0
11-08-2023 22:30,23.4,89,0
11-08-2023 23:15,23.6,90,0
11-08-2023 23:30,23.5,90,0
11-08-2023 23:45,23.3,91,0
12-08-2023 00:00,23.4,91,0
12-08-2023 00:15,23.5,91,0
12-08-2023 00:30,23.5,90,0
12-08-2023 00:45,23.5,90,0
12-08-2023 01:00,23.6,90,0
12-08-2023 01:15,23.4,90,0
12-08-2023 01:30,23.5,89,0
12-08-2023 01:45,23.4,89,0
12-08-2023 02:00,22.9,90,0
12-08-2023 02:15,22.9,91,0
12-08-2023 02:30,22.7,91,0
12-08-2023 02:45,22.7,91,0
12-08-2023 03:00,22.8,91,0
12-08-2023 03:15,22.9,91,0
12-08-2023 03:30,22.8,91,0
12-08-2023 03:45,22.9,91,0
12-08-2023 04:00,23.1,91,0
12-08-2023 04:15,23.3,90,0
12-08-2023 04:30,23.4,90,0
12-08-2023 04:45,23.1,91,0
12-08-2023 05:00,22.8,91,0
12-08-2023 05:15,22.8,92,0
12-08-2023 05:30,23,91,0
12-08-2023 05:45,22.8,91,0
12-08-2023 06:00,22.9,91,0
12-08-2023 06:15,23.1,90,0
12-08-2023 06:30,23.2,90,0
12-08-2023 06:45,23.4,90,0
12-08-2023 07:00,23.6,90,0
12-08-2023 07:15,23.3,91,0
12-08-2023 07:30,23.2,91,0
12-08-2023 07:45,23.6,91,0
12-08-2023 08:00,24.1,90,0
12-08-2023 08:15,24.4,88,0
12-08-2023 08:30,24.3,88,0
12-08-2023 08:45,24.9,87,0
12-08-2023 09:00,25.1,87,0
12-08-2023 09:15,25.5,85,0
12-08-2023 09:30,24.7,87,0
12-08-2023 09:45,24.3,89,0
12-08-2023 10:00,25.7,86,0
12-08-2023 10:15,25.5,86,0
12-08-2023 10:30,25.6,86,0
12-08-2023 10:45,26.6,82,0
12-08-2023 11:00,27.7,74,0
12-08-2023 11:15,27.8,74,0
12-08-2023 11:30,27.8,71,0
12-08-2023 11:45,26.1,80,0
12-08-2023 12:00,27,77,0
12-08-2023 12:30,27.9,74,0
12-08-2023 12:45,27.9,72,0
12-08-2023 13:00,28.3,71,0
12-08-2023 13:15,28.5,71,0
12-08-2023 13:30,28.5,75,0
12-08-2023 13:45,28.9,71,0
12-08-2023 14:00,28.6,71,0
12-08-2023 14:15,28.7,69,0
12-08-2023 14:30,28.9,72,0
12-08-2023 14:45,28.7,72,0
12-08-2023 15:00,28.8,69,0
12-08-2023 15:15,28.9,70,0
12-08-2023 15:30,29.1,67,0
12-08-2023 15:45,28.6,71,0
12-08-2023 16:00,28,71,0
12-08-2023 16:15,28,72,0
12-08-2023 16:45,27.1,75,0
12-08-2023 17:00,27.3,75,0
12-08-2023 17:15,27.8,73,0
12-08-2023 17:30,27.8,71,0
12-08-2023 17:45,27.4,73,0
12-08-2023 18:00,27.1,74,0
12-08-2023 18:15,26.9,75,0
12-08-2023 18:30,26.3,76,0
12-08-2023 18:45,25.9,78,0
12-08-2023 19:00,25.6,80,0
12-08-2023 19:15,25.2,83,0
12-08-2023 19:30,24.9,85,0
12-08-2023 19:45,24.5,86,0
12-08-2023 20:00,24.3,87,0
12-08-2023 20:15,24.5,86,0
12-08-2023 20:30,24.3,86,0
12-08-2023 20:45,24.2,87,0
12-08-2023 21:00,24.2,88,0
12-08-2023 21:15,24.1,88,0
12-08-2023 21:30,24.2,87,0
12-08-2023 21:45,24,87,0
12-08-2023 22:00,24,87,0
12-08-2023 22:15,23.6,88,0
12-08-2023 22:30,23.5,88,0
12-08-2023 22:45,23.4,88,0
12-08-2023 23:00,23.5,89,0
12-08-2023 23:15,23.4,89,0
12-08-2023 23:30,23.4,89,0
12-08-2023 23:45,23.5,90,0
13-08-2023 00:00,23.3,90,0
13-08-2023 00:15,23.2,90,0
13-08-2023 00:30,23.3,90,0
13-08-2023 00:45,23.4,90,0
13-08-2023 01:00,23.4,90,0
13-08-2023 01:15,23.5,89,0
13-08-2023 01:30,23.5,89,0
13-08-2023 01:45,23.2,90,0
13-08-2023 02:00,23.2,90,0
13-08-2023 02:15,23.2,90,0
13-08-2023 02:30,23.2,90,0
13-08-2023 02:45,23.5,90,0
13-08-2023 03:00,23.3,90,0
13-08-2023 03:15,23.2,90,0
13-08-2023 03:30,23.2,90,0
13-08-2023 03:45,23.3,90,0
13-08-2023 04:00,23.3,89,0
13-08-2023 04:15,23.1,90,0
13-08-2023 04:30,23.3,89,0
13-08-2023 04:45,23.5,89,0
13-08-2023 05:00,23.4,89,0
13-08-2023 05:15,23.3,89,0
13-08-2023 05:30,23.2,89,0
13-08-2023 05:45,23.1,89,0
13-08-2023 06:00,22.9,90,0
13-08-2023 06:15,22.9,90,0
13-08-2023 06:30,22.9,90,0
13-08-2023 06:45,23.2,90,0
13-08-2023 07:00,23.6,89,0
13-08-2023 07:30,24.4,88,0
13-08-2023 07:45,24.9,87,0
13-08-2023 08:00,25.2,86,0
13-08-2023 08:15,25.9,84,0
13-08-2023 08:30,25.4,85,0
13-08-2023 08:45,23.6,91,0
13-08-2023 09:00,24.7,89,0
13-08-2023 09:15,25.5,88,0
13-08-2023 09:30,25.9,87,0
13-08-2023 09:45,26.1,84,0
13-08-2023 10:00,26.4,79,0
13-08-2023 10:15,25.9,83,0
13-08-2023 10:30,24.7,89,0
13-08-2023 10:45,25,90,0
13-08-2023 11:00,26.8,81,0
13-08-2023 11:15,27.7,78,0
13-08-2023 11:30,27.9,76,0
13-08-2023 11:45,27.8,75,0
13-08-2023 12:00,28.1,73,0
13-08-2023 12:15,28.7,72,0
13-08-2023 12:30,27.6,73,0
13-08-2023 12:45,25.6,87,0
13-08-2023 13:00,27.2,81,0
13-08-2023 13:15,27.3,75,0
13-08-2023 13:30,26.4,80,0
13-08-2023 13:45,26.2,84,0
13-08-2023 14:00,27.1,79,0
13-08-2023 14:15,27.2,76,0
13-08-2023 14:30,25,89,0
13-08-2023 14:45,25.2,90,0
13-08-2023 15:00,26.8,84,0
13-08-2023 15:15,27.1,77,0
13-08-2023 15:30,28.1,74,0
13-08-2023 15:45,27.9,75,0
13-08-2023 16:00,27,77,0
13-08-2023 16:15,25.8,81,0
13-08-2023 16:30,26.6,78,0
13-08-2023 17:00,27.9,73,0
13-08-2023 17:15,27.4,71,0
13-08-2023 17:30,27.2,73,0
13-08-2023 17:45,26.8,74,0
13-08-2023 18:00,26.2,77,0
13-08-2023 18:15,25.6,83,0
13-08-2023 18:30,25.4,83,0
13-08-2023 18:45,25.1,84,0
13-08-2023 19:00,24.8,86,0
13-08-2023 19:15,24.5,87,0
13-08-2023 19:30,24.3,87,0
13-08-2023 19:45,24.2,87,0
13-08-2023 20:00,24.2,87,0
13-08-2023 20:15,24.1,87,0
13-08-2023 20:30,24,88,0
13-08-2023 20:45,23.9,88,0
13-08-2023 21:00,23.4,90,0
13-08-2023 21:15,23.5,90,0
13-08-2023 21:30,23.4,90,0
13-08-2023 21:45,23.6,90,0
13-08-2023 22:00,23.7,89,0
13-08-2023 22:15,23.7,89,0
13-08-2023 22:30,23.6,89,0
13-08-2023 22:45,23.4,89,0
13-08-2023 23:00,23.6,90,0
13-08-2023 23:15,23.6,90,0
13-08-2023 23:30,23.8,90,0
13-08-2023 23:45,23.8,90,0
14-08-2023 00:00,23.9,89,0
14-08-2023 00:15,23.8,89,0
14-08-2023 00:30,23.7,89,0
14-08-2023 00:45,23.8,89,0
14-08-2023 01:00,23.7,89,0
14-08-2023 01:15,23.5,90,0
14-08-2023 01:30,23.6,90,0
14-08-2023 01:45,23.7,90,0
14-08-2023 02:00,23.6,90,0
14-08-2023 02:15,23.5,90,0
14-08-2023 02:30,23.6,90,0
14-08-2023 02:45,23.2,91,0
14-08-2023 03:00,23.2,91,0
14-08-2023 03:15,23.2,91,0
14-08-2023 03:30,23.3,90,0
14-08-2023 03:45,23.2,90,0
14-08-2023 04:00,23.1,90,0
14-08-2023 04:15,23,91,0
14-08-2023 04:30,23.2,90,0
14-08-2023 04:45,23.4,90,0
14-08-2023 05:00,23.6,90,0
14-08-2023 05:15,23.5,90,0
14-08-2023 05:30,23.4,90,0
14-08-2023 05:45,23.6,90,0
14-08-2023 06:00,23.6,90,0
14-08-2023 06:30,23.5,90,0
14-08-2023 06:45,23.7,90,0
14-08-2023 07:00,23.7,90,0
14-08-2023 07:15,23.3,91,0
14-08-2023 07:30,23.4,91,0
14-08-2023 07:45,23,92,0
14-08-2023 08:00,23,92,0.5
14-08-2023 08:15,22.8,92,1
14-08-2023 08:30,22.8,93,1
14-08-2023 08:45,22.9,93,1
14-08-2023 09:00,23.4,93,1
14-08-2023 09:15,23.8,93,1
14-08-2023 09:30,25.2,91,1
14-08-2023 09:45,26.1,87,1
14-08-2023 10:00,26.7,82,1
14-08-2023 10:15,27,79,1
14-08-2023 10:30,26.8,80,1
14-08-2023 10:45,26.9,76,1
14-08-2023 11:00,27.3,76,1
14-08-2023 11:15,27.3,74,1
14-08-2023 11:30,27.9,74,1
14-08-2023 11:45,28.1,70,1
14-08-2023 12:00,28.5,72,1
14-08-2023 12:30,29.1,72,1
14-08-2023 12:45,29.4,70,1
14-08-2023 13:00,29.1,71,1
14-08-2023 13:15,28.4,71,1
14-08-2023 13:30,28.2,74,1
14-08-2023 13:45,29.2,74,1
14-08-2023 14:00,28.6,70,1
14-08-2023 14:15,28.4,75,1
14-08-2023 14:30,29,72,1
14-08-2023 14:45,29,70,1
14-08-2023 15:00,29,70,1
14-08-2023 15:15,29.5,70,1
14-08-2023 15:30,28.4,71,1
14-08-2023 16:00,28.6,71,1
14-08-2023 16:15,29,71,1
14-08-2023 16:45,27.5,75,1
14-08-2023 17:00,26.8,76,1
14-08-2023 17:15,26.8,79,1
14-08-2023 17:30,26.8,80,1
14-08-2023 17:45,26.5,82,1
14-08-2023 18:00,26.2,82,1
14-08-2023 18:15,25.9,82,1
14-08-2023 18:30,25.6,82,1
14-08-2023 18:45,25.3,84,1
14-08-2023 19:00,25.1,86,1
14-08-2023 19:30,24.8,87,1
14-08-2023 19:45,24.5,87,1
14-08-2023 20:00,24.4,88,1
14-08-2023 20:15,24.4,87,1
14-08-2023 20:30,24.4,87,1
14-08-2023 20:45,24.3,87,1
14-08-2023 21:00,24.3,87,1
14-08-2023 21:15,24.2,88,1
14-08-2023 21:30,24.2,88,1
14-08-2023 21:45,24.2,88,1
14-08-2023 22:00,24.1,88,1
14-08-2023 22:15,24.1,88,1
14-08-2023 22:30,24.2,88,1
14-08-2023 22:45,24.2,88,1
14-08-2023 23:00,24.1,89,1
14-08-2023 23:15,24.1,89,1
14-08-2023 23:30,24.1,89,1
14-08-2023 23:45,24,89,1
15-08-2023 00:00,23.9,89,1
15-08-2023 00:15,24,88,1
15-08-2023 00:30,24.1,88,1
15-08-2023 00:45,23.9,88,1
15-08-2023 01:00,23.9,88,1
15-08-2023 01:15,23.9,88,1
15-08-2023 01:30,23.8,88,1
15-08-2023 01:45,23.6,89,1
15-08-2023 02:00,23.6,89,1
15-08-2023 02:15,23.5,89,1
15-08-2023 02:30,23.5,89,1
15-08-2023 02:45,23.5,88,1
15-08-2023 03:00,23.3,89,1
15-08-2023 03:15,23.1,90,1
15-08-2023 03:30,23.1,90,1
15-08-2023 03:45,23.1,90,1
15-08-2023 04:00,23,90,1
15-08-2023 04:15,22.9,90,1
15-08-2023 04:30,22.9,91,1
15-08-2023 04:45,22.9,91,1
15-08-2023 05:00,23,91,1
15-08-2023 05:15,23.1,91,1
15-08-2023 05:30,23.1,91,1
15-08-2023 05:45,23.1,91,1
15-08-2023 06:00,22.7,92,1
15-08-2023 06:15,22.2,92,1.5
15-08-2023 06:30,22,93,2
15-08-2023 06:45,22.1,93,2
15-08-2023 07:00,22.3,93,2
15-08-2023 07:30,22.6,93,2
15-08-2023 07:45,22.7,93,2
15-08-2023 08:00,23,93,2
15-08-2023 08:15,23.6,93,2
15-08-2023 08:30,23.7,92,2
15-08-2023 08:45,24.2,91,0
15-08-2023 09:00,24.6,91,0
15-08-2023 09:15,24.8,90,0
15-08-2023 09:30,24.7,89,0
15-08-2023 09:45,24.9,88,0
15-08-2023 10:00,25.2,87,0
15-08-2023 10:15,25.9,86,0
15-08-2023 10:30,25.4,86,0
15-08-2023 10:45,25.1,87,0
15-08-2023 11:00,25.2,87,0
15-08-2023 11:15,25.1,87,0
15-08-2023 11:30,24.6,89,0
15-08-2023 11:45,23.8,92,0.5
15-08-2023 12:00,23.7,92,1.5
15-08-2023 12:15,23.8,93,1.5
15-08-2023 12:30,24.3,92,1.5
15-08-2023 12:45,25.4,91,1.5
15-08-2023 13:00,26,88,1.5
15-08-2023 13:15,26.3,88,1.5
15-08-2023 13:30,26.3,87,1.5
15-08-2023 13:45,26.9,86,1.5
15-08-2023 14:00,27.6,85,1.5
15-08-2023 14:15,26.8,85,1.5
15-08-2023 14:30,27.9,83,1.5
15-08-2023 14:45,27.9,79,1.5
15-08-2023 15:00,25.7,88,2.5
15-08-2023 15:15,24.4,91,3
15-08-2023 15:30,24.5,91,3
15-08-2023 15:45,24.6,91,3
15-08-2023 16:00,26.6,89,3
15-08-2023 16:15,27.2,82,3
15-08-2023 16:30,26.9,83,3
15-08-2023 17:15,26.4,85,3
15-08-2023 17:30,26.5,85,3
15-08-2023 17:45,26,85,3
15-08-2023 18:00,25.8,86,3
15-08-2023 18:15,25.6,87,3
15-08-2023 18:30,25.4,87,3
15-08-2023 18:45,25.2,87,3
15-08-2023 19:00,25.1,87,3
15-08-2023 19:15,24.9,87,3
15-08-2023 19:30,24.9,87,3
15-08-2023 19:45,24.7,87,3
15-08-2023 20:00,24.6,87,3
15-08-2023 20:15,24.5,87,3
15-08-2023 20:30,24.3,87,3
15-08-2023 20:45,24.4,87,3
15-08-2023 21:00,24.3,87,3
15-08-2023 21:15,24.3,87,3
15-08-2023 21:30,24.2,87,3
15-08-2023 21:45,24.2,87,3
15-08-2023 22:00,24.1,88,3
15-08-2023 22:15,23.9,88,3
15-08-2023 22:30,23.8,88,3
15-08-2023 22:45,23.8,89,3
15-08-2023 23:00,23.8,89,3
15-08-2023 23:15,23.8,89,3
15-08-2023 23:30,23.7,89,3
15-08-2023 23:45,23.9,89,3
16-08-2023 00:00,23.7,89,3
16-08-2023 00:15,23.6,90,3
16-08-2023 00:30,23.6,90,3
16-08-2023 00:45,23.7,90,3
16-08-2023 01:00,23.6,90,3
16-08-2023 01:15,23.5,90,3
16-08-2023 01:30,23.7,90,3
16-08-2023 01:45,23.8,90,3
16-08-2023 02:00,23.7,90,3
16-08-2023 02:15,23.6,90,3
16-08-2023 02:30,23.6,90,3
16-08-2023 02:45,23.6,90,3
16-08-2023 03:00,23.5,90,3
16-08-2023 03:15,23.5,90,3
16-08-2023 03:30,23.5,90,3
16-08-2023 03:45,23.5,90,3
16-08-2023 04:00,23.5,90,3
16-08-2023 04:15,23.5,90,3
16-08-2023 04:30,23.6,89,3
16-08-2023 04:45,23.6,90,3
16-08-2023 05:00,23.6,90,3
16-08-2023 05:15,23.5,91,3
16-08-2023 05:30,23.5,91,3
16-08-2023 05:45,23.5,91,3
16-08-2023 06:00,23.4,91,3
16-08-2023 06:30,23.5,90,3
16-08-2023 06:45,23.3,91,3
16-08-2023 07:00,23.5,90,3
16-08-2023 07:15,23.9,90,3
16-08-2023 07:30,24.6,89,3
16-08-2023 07:45,24.8,88,3
16-08-2023 08:00,25,88,3
16-08-2023 08:15,25.2,88,3
16-08-2023 08:30,25.2,87,3
16-08-2023 08:45,25.4,87,0
16-08-2023 09:00,25.4,86,0
16-08-2023 09:15,25.8,84,0
16-08-2023 09:30,26.4,81,0
16-08-2023 09:45,27,83,0
16-08-2023 10:00,27.1,80,0
16-08-2023 10:15,26.8,80,0
16-08-2023 10:45,27.7,75,0
16-08-2023 11:00,28.4,73,0
16-08-2023 11:15,28.6,74,0
16-08-2023 11:30,28.7,73,0
16-08-2023 11:45,28.4,73,0
16-08-2023 12:00,28.2,73,0
16-08-2023 12:15,28.7,74,0
16-08-2023 12:30,28.6,73,0
16-08-2023 12:45,29,72,0
16-08-2023 13:00,28.3,74,0
16-08-2023 13:15,28.6,75,0
16-08-2023 13:30,27.7,74,0
16-08-2023 13:45,27.3,78,0
16-08-2023 14:00,28.2,74,0
16-08-2023 14:15,29,74,0
16-08-2023 14:30,28.9,72,0
16-08-2023 14:45,29.8,67,0
16-08-2023 15:00,30,70,0
16-08-2023 15:15,30.6,67,0
16-08-2023 15:30,29.8,67,0
16-08-2023 15:45,29.4,68,0
16-08-2023 16:00,29.4,70,0
16-08-2023 16:15,28.6,69,0
16-08-2023 16:30,28.7,71,0
16-08-2023 16:45,28.7,72,0
16-08-2023 17:00,28.9,69,0
16-08-2023 17:15,28.2,71,0
16-08-2023 17:30,27.3,74,0
16-08-2023 17:45,27.7,74,0
16-08-2023 18:00,27.7,74,0
16-08-2023 18:15,27.2,75,0
16-08-2023 18:30,26.8,76,0
16-08-2023 19:00,25.7,82,0
16-08-2023 19:15,25.4,85,0
16-08-2023 19:45,24.9,87,0
16-08-2023 20:00,24.7,87,0
16-08-2023 20:15,24.5,87,0
16-08-2023 20:30,24.4,87,0
16-08-2023 20:45,24.2,88,0
16-08-2023 21:00,24.2,88,0
16-08-2023 21:15,24.2,88,0
16-08-2023 21:30,24,88,0
16-08-2023 21:45,24,88,0
16-08-2023 22:00,24.1,87,0
16-08-2023 22:30,23.6,88,0
16-08-2023 22:45,23.4,88,0
16-08-2023 23:00,23.6,88,0
16-08-2023 23:15,23.3,89,0
16-08-2023 23:30,23.3,89,0
16-08-2023 23:45,23.1,89,0
17-08-2023 00:00,23.3,89,0
17-08-2023 00:15,23.8,88,0
17-08-2023 00:30,23.7,88,0
17-08-2023 00:45,23.7,88,0
17-08-2023 01:00,23.2,89,0
17-08-2023 01:30,23.1,90,0
17-08-2023 01:45,23.5,89,0
17-08-2023 02:00,23.2,90,0
17-08-2023 02:15,23.2,90,0
17-08-2023 02:30,23.2,89,0
17-08-2023 02:45,23.1,89,0
17-08-2023 03:00,23.3,89,0
17-08-2023 03:15,23.4,88,0
17-08-2023 03:30,23.4,89,0
17-08-2023 03:45,23.5,88,0
17-08-2023 04:00,23.5,88,0
17-08-2023 04:15,23.5,88,0
17-08-2023 04:45,23.3,89,0
17-08-2023 05:00,23.2,90,0
17-08-2023 05:15,23.2,90,0
17-08-2023 05:30,23.2,90,0
17-08-2023 05:45,23.3,89,0
17-08-2023 06:00,23,89,0
17-08-2023 06:15,22.9,89,0
17-08-2023 06:30,22.7,89,0
17-08-2023 06:45,22.7,90,0
17-08-2023 07:00,22.8,90,0
17-08-2023 07:15,22.8,90,0
17-08-2023 07:30,22.2,92,0
17-08-2023 07:45,22.4,92,0
17-08-2023 08:00,22.9,92,0
17-08-2023 08:15,24.2,90,0
17-08-2023 08:30,25.4,87,0
17-08-2023 08:45,25.4,85,0
17-08-2023 09:00,24.5,88,0
17-08-2023 09:15,23.8,89,0
17-08-2023 09:30,23.4,91,0
17-08-2023 10:15,24.6,89,0
17-08-2023 10:30,26.2,87,0
17-08-2023 10:45,26.8,83,0
17-08-2023 11:00,27.9,77,0
17-08-2023 11:15,27.9,73,0
17-08-2023 11:30,27.9,72,0
17-08-2023 11:45,27.7,72,0
17-08-2023 12:00,26.9,78,0
17-08-2023 12:15,26.1,86,0
17-08-2023 12:30,25.4,87,0
17-08-2023 12:45,25.8,86,0
17-08-2023 13:00,24.7,89,0
17-08-2023 13:15,24.1,91,0.5
17-08-2023 13:30,24.8,91,0.5
17-08-2023 13:45,25.9,87,0.5
17-08-2023 14:00,26.5,82,0.5
17-08-2023 14:15,27.6,75,0.5
17-08-2023 14:30,28.9,70,0.5
17-08-2023 14:45,28.4,71,0.5
17-08-2023 15:00,28.1,73,0.5
17-08-2023 15:15,28.4,70,0.5
17-08-2023 15:30,28.1,69,0.5
17-08-2023 15:45,27.9,68,0.5
17-08-2023 16:00,27.9,71,0.5
17-08-2023 16:15,27.5,71,0.5
17-08-2023 16:30,28.1,71,0.5
17-08-2023 16:45,27.7,73,0.5
17-08-2023 17:00,27.6,74,0.5
17-08-2023 17:15,26.8,76,0.5
17-08-2023 17:30,26.5,75,0.5
17-08-2023 17:45,27,75,0.5
17-08-2023 18:00,26.7,75,0.5
17-08-2023 18:15,26.1,76,0.5
17-08-2023 18:30,25.9,79,0.5
17-08-2023 18:45,25.6,80,0.5
17-08-2023 19:00,25.2,82,0.5
17-08-2023 19:15,24.9,84,0.5
17-08-2023 19:30,24.8,85,0.5
17-08-2023 19:45,24.6,86,0.5
17-08-2023 20:00,24.6,86,0.5
17-08-2023 20:15,24.6,86,0.5
17-08-2023 20:30,24.5,86,0.5
17-08-2023 20:45,24.4,87,0.5
17-08-2023 21:00,24.3,87,0.5
17-08-2023 21:30,24.3,88,0.5
17-08-2023 21:45,24.2,88,0.5
17-08-2023 22:00,24.1,88,0.5
17-08-2023 22:15,24,89,0.5
17-08-2023 22:30,24,89,0.5
17-08-2023 22:45,23.6,90,0.5
17-08-2023 23:00,23.6,90,0.5
17-08-2023 23:15,23.8,89,0.5
17-08-2023 23:30,23.8,89,0.5
17-08-2023 23:45,23.7,89,0.5
18-08-2023 00:00,23.5,89,0.5
18-08-2023 00:15,23.3,89,0.5
18-08-2023 00:30,23.5,89,0.5
18-08-2023 00:45,23,90,0.5
18-08-2023 01:00,22.8,90,0.5
18-08-2023 01:15,23.2,90,0.5
18-08-2023 01:30,23.6,89,0.5
18-08-2023 01:45,23.6,89,0.5
18-08-2023 02:00,23.4,89,0.5
18-08-2023 02:15,23,90,0.5
18-08-2023 02:30,22.9,91,0.5
18-08-2023 02:45,23.5,89,0.5
18-08-2023 03:00,23.2,90,0.5
18-08-2023 03:15,23.3,90,0.5
18-08-2023 03:30,23.3,90,0.5
18-08-2023 03:45,23.2,90,0.5
18-08-2023 04:00,23.4,90,0.5
18-08-2023 04:15,23.4,89,0.5
18-08-2023 04:30,23.3,89,0.5
18-08-2023 04:45,23.2,89,0.5
18-08-2023 05:00,23.2,89,0.5
18-08-2023 05:15,23.2,89,0.5
18-08-2023 05:30,23.2,89,0.5
18-08-2023 05:45,23.1,89,0.5
18-08-2023 06:00,23.5,89,0.5
18-08-2023 06:30,23.5,88,0.5
18-08-2023 06:45,23.6,88,0.5
18-08-2023 07:00,23.6,88,0.5
18-08-2023 07:15,23.8,88,0.5
18-08-2023 07:30,24.1,88,0.5
18-08-2023 07:45,24.4,89,0.5
18-08-2023 08:00,24.8,87,0.5
18-08-2023 08:15,25.4,84,0.5
18-08-2023 08:30,25.8,78,0.5
18-08-2023 08:45,26.2,77,0
18-08-2023 09:00,26.4,79,0
18-08-2023 09:15,26.5,78,0
18-08-2023 09:30,26.7,76,0
18-08-2023 09:45,27.3,73,0
18-08-2023 10:00,27.5,74,0
18-08-2023 10:15,28.1,71,0
18-08-2023 10:30,28.3,71,0
18-08-2023 10:45,28,70,0
18-08-2023 11:00,28,72,0
18-08-2023 11:15,28.1,69,0
18-08-2023 11:30,28.4,70,0
18-08-2023 11:45,28.8,69,0
18-08-2023 12:00,28.8,69,0
18-08-2023 12:30,28.7,68,0
18-08-2023 12:45,29.1,66,0
18-08-2023 13:00,28.3,71,0
18-08-2023 13:15,28,70,0
18-08-2023 13:30,29,71,0
18-08-2023 13:45,29,70,0
18-08-2023 14:00,28.9,70,0
18-08-2023 14:15,28.8,69,0
18-08-2023 14:30,28.9,67,0
18-08-2023 14:45,28.6,69,0
18-08-2023 15:00,28.6,70,0
18-08-2023 15:15,28.1,69,0
18-08-2023 15:30,28.1,71,0
18-08-2023 15:45,28.1,72,0
18-08-2023 16:00,28,71,0
18-08-2023 16:15,27.8,72,0
18-08-2023 16:30,27.5,72,0
18-08-2023 16:45,27.5,71,0
18-08-2023 17:00,27.4,71,0
18-08-2023 17:15,27.2,72,0
18-08-2023 17:45,26.8,73,0
18-08-2023 18:00,26.5,74,0
18-08-2023 18:15,26.3,74,0
18-08-2023 18:30,26,75,0
18-08-2023 18:45,25.8,76,0
18-08-2023 19:00,25.5,80,0
18-08-2023 19:15,25.3,82,0
18-08-2023 19:30,25.3,82,0
18-08-2023 19:45,25.2,84,0
18-08-2023 20:00,24.9,86,0
18-08-2023 20:15,24.8,87,0
18-08-2023 20:30,24.7,87,0
18-08-2023 20:45,24.8,86,0
18-08-2023 21:00,24.7,87,0
18-08-2023 21:30,24.7,87,0
18-08-2023 21:45,24.6,87,0
18-08-2023 22:00,24.6,87,0
18-08-2023 22:15,24.6,87,0
18-08-2023 22:30,24.5,87,0
18-08-2023 23:00,24.4,87,0
18-08-2023 23:15,24.4,87,0
18-08-2023 23:30,24.2,87,0
18-08-2023 23:45,24.2,88,0
19-08-2023 00:00,24.2,87,0
19-08-2023 00:15,24.3,87,0
19-08-2023 00:30,24.4,87,0
19-08-2023 00:45,24.3,87,0
19-08-2023 01:00,24.1,88,0
19-08-2023 01:15,24.2,88,0
19-08-2023 01:30,24.1,88,0
19-08-2023 01:45,24.1,88,0
19-08-2023 02:00,24.1,88,0
19-08-2023 02:15,23.9,88,0
19-08-2023 02:30,23.6,89,0
19-08-2023 02:45,23.8,89,0
19-08-2023 03:00,24.2,87,0
19-08-2023 03:15,24.2,87,0
19-08-2023 03:30,24.2,87,0
19-08-2023 03:45,23.9,88,0
19-08-2023 04:00,24,87,0
19-08-2023 04:15,23.9,87,0
19-08-2023 04:30,24.2,87,0
19-08-2023 04:45,24.4,86,0
19-08-2023 05:00,24.4,87,0
19-08-2023 05:15,24.3,87,0
19-08-2023 05:30,24.2,88,0
19-08-2023 05:45,24.1,88,0
19-08-2023 06:00,24.1,88,0
19-08-2023 06:15,24.1,88,0
19-08-2023 06:30,24.2,87,0
19-08-2023 06:45,24.2,87,0
19-08-2023 07:00,24.1,88,0
19-08-2023 07:15,24.2,88,0
19-08-2023 07:30,24.4,87,0
19-08-2023 07:45,24.6,87,0
19-08-2023 08:00,24.7,86,0
19-08-2023 08:15,24.8,87,0
19-08-2023 08:30,25.1,86,0
19-08-2023 08:45,25.5,85,0
19-08-2023 09:00,25.7,82,0
19-08-2023 09:15,26,82,0
19-08-2023 09:30,26.3,79,0
19-08-2023 09:45,26.4,78,0
19-08-2023 10:00,26.1,79,0
19-08-2023 10:15,26.4,77,0
19-08-2023 10:30,26.5,77,0
19-08-2023 10:45,26.6,77,0
19-08-2023 11:00,26.2,78,0
19-08-2023 11:15,26.6,77,0
19-08-2023 11:30,26.9,76,0
19-08-2023 11:45,27,74,0
19-08-2023 12:00,27.4,74,0
19-08-2023 12:15,27,75,0
19-08-2023 12:30,27.2,74,0
19-08-2023 12:45,27.8,72,0
19-08-2023 13:00,27.8,72,0
19-08-2023 13:15,28.1,71,0
19-08-2023 13:30,28.1,72,0
19-08-2023 13:45,28,70,0
19-08-2023 14:00,27.8,70,0
19-08-2023 14:15,27.8,70,0
19-08-2023 14:30,27.6,72,0
19-08-2023 14:45,26.8,76,0
19-08-2023 15:00,26.9,75,0
19-08-2023 15:15,26.1,83,0
19-08-2023 15:30,26.7,80,0
19-08-2023 15:45,26.4,78,0
19-08-2023 16:00,26.5,79,0
19-08-2023 16:15,26.4,79,0
19-08-2023 16:30,26.6,79,0
19-08-2023 16:45,26.3,80,0
19-08-2023 17:00,26,83,0
19-08-2023 17:15,26,81,0
19-08-2023 17:30,25.8,82,0
19-08-2023 17:45,25.3,86,0
19-08-2023 18:00,24.1,89,0
19-08-2023 18:15,23,91,0
19-08-2023 18:30,22.9,91,0
19-08-2023 19:00,23.3,89,0
19-08-2023 19:15,23.5,88,0
19-08-2023 19:30,23.2,89,0
19-08-2023 19:45,23.2,89,0
19-08-2023 20:00,23.3,89,0
19-08-2023 20:15,23.2,89,0
19-08-2023 20:30,23.3,90,0
19-08-2023 20:45,23.4,89,0
19-08-2023 21:00,23.3,89,0
19-08-2023 21:15,23.7,89,0
19-08-2023 21:30,24,88,0
19-08-2023 21:45,24.1,87,0
19-08-2023 22:00,24,88,0
19-08-2023 22:15,23.8,88,0
19-08-2023 22:30,23.7,88,0
19-08-2023 22:45,23.6,88,0
19-08-2023 23:00,23.5,88,0
19-08-2023 23:15,23.4,88,0
19-08-2023 23:30,23.5,88,0
19-08-2023 23:45,23.5,88,0
20-08-2023 00:00,23.2,89,0
20-08-2023 00:15,23.8,88,0
20-08-2023 00:30,23.8,88,0
20-08-2023 00:45,24,87,0
20-08-2023 01:00,24.1,87,0
20-08-2023 01:15,24.3,86,0
20-08-2023 01:30,24.1,87,0
20-08-2023 01:45,23.9,88,0
20-08-2023 02:00,24.2,88,0
20-08-2023 02:15,24.2,88,0
20-08-2023 02:30,24.2,88,0
20-08-2023 02:45,24.1,88,0
20-08-2023 03:00,23.7,89,0
20-08-2023 03:15,23.7,88,0
20-08-2023 03:30,23.8,88,0
20-08-2023 03:45,23.8,88,0
20-08-2023 04:00,23.5,88,0
20-08-2023 04:15,23.4,89,0
20-08-2023 04:30,23.4,89,0
20-08-2023 04:45,23.6,89,0
20-08-2023 05:00,23.6,89,0
20-08-2023 05:15,23.8,89,0
20-08-2023 05:30,24,89,0
20-08-2023 05:45,24,89,0
20-08-2023 06:00,24.1,89,0
20-08-2023 06:15,24.1,89,0
20-08-2023 06:30,24.1,89,0
20-08-2023 06:45,24.2,89,0
20-08-2023 07:00,24.1,89,0
20-08-2023 07:15,23.7,90,0
20-08-2023 07:30,23.9,90,0
20-08-2023 07:45,23.2,92,1
20-08-2023 08:00,23,93,1.5
20-08-2023 08:15,23,93,2
20-08-2023 08:30,22.9,93,2.5
20-08-2023 08:45,23.1,93,1
20-08-2023 09:00,22.9,93,3
20-08-2023 09:15,23.1,93,3.5
20-08-2023 09:30,23.6,93,3.5
20-08-2023 09:45,24.1,91,3.5
20-08-2023 10:00,24.5,90,3.5
20-08-2023 10:15,24.6,89,3.5
20-08-2023 10:30,24.9,89,3.5
20-08-2023 10:45,24.6,89,3.5
20-08-2023 11:00,24.4,90,4
20-08-2023 11:15,24.1,92,4
20-08-2023 11:30,23.7,92,5
20-08-2023 12:15,24.5,91,5.5
20-08-2023 12:30,25.5,90,5.5
20-08-2023 12:45,25.6,88,5.5
20-08-2023 13:00,25.7,86,5.5
20-08-2023 13:15,25.8,87,5.5
20-08-2023 13:30,27.3,82,5.5
20-08-2023 13:45,27.6,81,5.5
20-08-2023 14:00,26.5,81,5.5
20-08-2023 14:15,26.3,84,5.5
20-08-2023 14:30,26.4,84,5.5
20-08-2023 14:45,26,84,5.5
20-08-2023 15:00,26.2,83,5.5
20-08-2023 15:15,26.3,82,5.5
20-08-2023 15:30,26.2,84,5.5
20-08-2023 15:45,25.8,86,5.5
20-08-2023 16:00,25.4,87,5.5
20-08-2023 16:15,25.5,87,5.5
20-08-2023 16:30,25.6,84,5.5
20-08-2023 16:45,25.2,87,5.5
20-08-2023 17:00,25.2,88,5.5
20-08-2023 17:15,25.1,87,5.5
20-08-2023 17:30,25.2,87,5.5
20-08-2023 17:45,24.8,88,5.5
20-08-2023 18:00,24,90,5.5
20-08-2023 18:15,23.7,91,5.5
20-08-2023 18:30,23.7,91,5.5
20-08-2023 18:45,23.7,91,5.5
20-08-2023 19:00,23.7,90,5.5
20-08-2023 19:15,23.7,89,5.5
20-08-2023 19:30,23.6,89,5.5
20-08-2023 20:15,23.3,89,5.5
20-08-2023 20:30,23.1,90,5.5
20-08-2023 20:45,23,90,5.5
20-08-2023 21:00,23.1,90,5.5
20-08-2023 21:15,23.2,90,5.5
20-08-2023 21:30,23.4,89,5.5
20-08-2023 21:45,23.6,89,5.5
20-08-2023 22:00,23.5,89,5.5
20-08-2023 22:15,23.7,89,5.5
20-08-2023 22:30,23.6,89,5.5
20-08-2023 22:45,23.7,89,5.5
20-08-2023 23:00,23.8,88,5.5
20-08-2023 23:15,23.5,88,5.5
20-08-2023 23:30,23.3,89,5.5
20-08-2023 23:45,23.2,89,5.5
21-08-2023 00:00,23,89,5.5
21-08-2023 00:15,23,89,5.5
21-08-2023 00:30,22.9,90,5.5
21-08-2023 00:45,22.9,90,5.5
21-08-2023 01:00,23.2,90,5.5
21-08-2023 01:15,23.3,89,5.5
21-08-2023 01:30,23.4,89,5.5
21-08-2023 01:45,23.2,89,5.5
21-08-2023 02:00,23.2,90,5.5
21-08-2023 02:15,22.8,90,5.5
21-08-2023 02:30,22.4,91,5.5
21-08-2023 02:45,22.3,91,5.5
21-08-2023 03:00,22.5,91,5.5
21-08-2023 03:30,22.4,92,5.5
21-08-2023 03:45,22.8,91,5.5
21-08-2023 04:00,22.5,91,5.5
21-08-2023 04:15,22.2,92,5.5
21-08-2023 04:30,21.8,92,5.5
21-08-2023 04:45,21.8,92,5.5
21-08-2023 05:00,21.9,93,5.5
21-08-2023 05:15,22,93,5.5
21-08-2023 05:30,22.1,93,5.5
21-08-2023 05:45,22,93,5.5
21-08-2023 06:00,21.9,93,5.5
21-08-2023 06:15,21.9,93,5.5
21-08-2023 06:30,21.7,93,5.5
21-08-2023 06:45,22.1,93,5.5
21-08-2023 07:00,22.6,93,5.5
21-08-2023 07:15,23.1,92,5.5
21-08-2023 07:30,23.6,91,5.5
21-08-2023 07:45,24.2,90,5.5
21-08-2023 08:00,24.6,89,5.5
21-08-2023 08:15,24.8,87,5.5
21-08-2023 08:30,25,87,5.5
21-08-2023 08:45,25.2,86,0
21-08-2023 09:00,25.5,84,0
21-08-2023 09:15,26.3,81,0
21-08-2023 09:30,26.4,80,0
21-08-2023 09:45,26.3,80,0
21-08-2023 10:00,26.1,79,0
21-08-2023 10:15,26.3,80,0
21-08-2023 10:30,26.3,80,0
21-08-2023 10:45,26.4,78,0
21-08-2023 11:00,25.5,86,0
21-08-2023 11:15,26.8,84,0
21-08-2023 11:30,27.5,74,0
21-08-2023 11:45,27.7,74,0
21-08-2023 12:00,27.6,74,0
21-08-2023 12:15,26.6,79,0
21-08-2023 12:30,26.7,81,0
21-08-2023 12:45,27.7,79,0
21-08-2023 13:00,28.3,73,0
21-08-2023 13:15,29.2,71,0
21-08-2023 13:30,29.4,69,0
21-08-2023 13:45,29.5,70,0
21-08-2023 14:00,29.4,72,0
21-08-2023 14:15,28.4,72,0
21-08-2023 14:30,28.6,71,0
21-08-2023 14:45,28.5,70,0
21-08-2023 15:00,29.3,70,0
21-08-2023 15:15,29,68,0
21-08-2023 15:30,29,67,0
21-08-2023 15:45,28.3,71,0
21-08-2023 16:00,27.6,73,0
21-08-2023 16:15,27.4,75,0
21-08-2023 16:30,27.9,73,0
21-08-2023 16:45,28.5,70,0
21-08-2023 17:00,27.7,73,0
21-08-2023 17:15,27.7,75,0
21-08-2023 17:30,27.9,73,0
21-08-2023 17:45,27.2,75,0
21-08-2023 18:00,27,76,0
21-08-2023 18:15,26.1,82,0
21-08-2023 18:30,25.3,85,0
21-08-2023 18:45,25,85,0
21-08-2023 19:00,24.8,84,0
21-08-2023 19:15,24.6,86,0
21-08-2023 19:30,24.4,87,0
21-08-2023 20:15,24.2,87,0
21-08-2023 20:30,24,88,0
21-08-2023 20:45,23.9,88,0
21-08-2023 21:00,23.8,88,0
21-08-2023 21:15,23.7,89,0
21-08-2023 21:30,23.7,89,0
21-08-2023 21:45,23.5,89,0
21-08-2023 22:00,23.1,90,0
21-08-2023 22:15,23,90,0
21-08-2023 22:30,22.8,91,0
21-08-2023 22:45,22.6,91,0
21-08-2023 23:00,22.6,91,0
21-08-2023 23:15,22.6,91,0
21-08-2023 23:30,22.6,91,0
22-08-2023 00:00,22.7,91,0
22-08-2023 00:30,22.6,91,0
22-08-2023 00:45,22.4,91,0
22-08-2023 01:00,22,92,0
22-08-2023 01:15,21.9,92,0
22-08-2023 01:30,21.8,92,0
22-08-2023 01:45,21.7,92,0
22-08-2023 02:00,21.7,92,0
22-08-2023 02:15,21.8,92,0
22-08-2023 02:30,22.1,92,0
22-08-2023 02:45,22.2,92,0
22-08-2023 03:00,22.2,92,0
22-08-2023 03:15,22.4,92,0
22-08-2023 03:30,22.7,92,0
22-08-2023 03:45,22.8,91,0
22-08-2023 04:00,22.8,91,0
22-08-2023 04:15,22.7,92,0
22-08-2023 04:30,22.8,91,0
22-08-2023 04:45,22.8,91,0
22-08-2023 05:00,22.6,91,0
22-08-2023 05:15,22.6,92,0
22-08-2023 05:30,22.6,91,0
22-08-2023 05:45,22.6,91,0
22-08-2023 06:00,22.7,91,0
22-08-2023 06:15,22.7,91,0
22-08-2023 06:30,22.8,91,0
22-08-2023 06:45,22.9,91,0
22-08-2023 07:00,23,91,0
22-08-2023 07:15,23.3,91,0
22-08-2023 07:30,23.5,90,0
22-08-2023 07:45,23.8,91,0
22-08-2023 08:00,24.2,90,0
22-08-2023 08:15,24.5,89,0
22-08-2023 08:30,25.1,88,0
22-08-2023 08:45,25.6,87,0
22-08-2023 09:00,25.4,87,0
22-08-2023 09:15,25.7,87,0
22-08-2023 09:30,26.2,86,0
22-08-2023 09:45,26.1,86,0
22-08-2023 10:00,26.8,85,0
22-08-2023 10:15,27,79,0
22-08-2023 10:30,27.3,75,0
22-08-2023 10:45,27.5,75,0
22-08-2023 11:00,28.3,74,0
22-08-2023 11:15,28.9,73,0
22-08-2023 11:30,27.8,75,0
22-08-2023 11:45,26.7,82,0
22-08-2023 12:00,26.7,84,0
22-08-2023 12:15,26.4,83,0
22-08-2023 12:30,26.7,84,0
22-08-2023 12:45,26.8,82,0
22-08-2023 13:00,24.9,89,0.5
22-08-2023 13:15,24.4,92,0.5
22-08-2023 13:30,24.8,89,0.5
22-08-2023 13:45,25.6,87,0.5
22-08-2023 14:00,25.8,87,0.5
22-08-2023 14:15,25.8,86,0.5
22-08-2023 14:30,25.9,87,0.5
22-08-2023 14:45,25.3,88,0.5
22-08-2023 15:00,24.5,91,0.5
22-08-2023 15:15,24.6,90,0.5
22-08-2023 15:30,24.4,91,0.5
22-08-2023 15:45,25.1,89,0.5
22-08-2023 16:00,25.2,89,0.5
22-08-2023 16:15,25,89,0.5
22-08-2023 16:30,24.9,89,0.5
22-08-2023 16:45,24.7,89,0.5
22-08-2023 17:00,24.7,89,0.5
22-08-2023 17:15,24.1,90,0.5
22-08-2023 17:30,23.4,92,0.5
22-08-2023 17:45,23.1,92,0.5
22-08-2023 18:00,23.1,92,0.5
22-08-2023 18:15,23.1,92,0.5
22-08-2023 18:30,23.1,91,0.5
22-08-2023 18:45,23.1,91,0.5
22-08-2023 19:00,23,90,0.5
22-08-2023 19:15,22.8,91,0.5
22-08-2023 19:30,22.8,91,0.5
22-08-2023 19:45,22.8,92,0.5
22-08-2023 20:00,22.6,93,0.5
22-08-2023 20:15,22.6,93,0.5
22-08-2023 20:30,22.8,92,0.5
22-08-2023 20:45,23,91,0.5
22-08-2023 21:00,23,91,0.5
22-08-2023 21:15,23,91,0.5
22-08-2023 21:30,23,91,0.5
22-08-2023 21:45,23.2,91,0.5
22-08-2023 22:15,23.1,91,0.5
22-08-2023 22:30,23.2,92,0.5
22-08-2023 22:45,23.1,92,0.5
22-08-2023 23:00,23.2,92,0.5
22-08-2023 23:15,23.2,92,0.5
22-08-2023 23:30,23.2,92,0.5
22-08-2023 23:45,23.2,92,0.5
23-08-2023 00:00,23.2,92,0.5
23-08-2023 00:15,23.2,92,0.5
23-08-2023 00:30,23.2,92,0.5
23-08-2023 00:45,23.2,92,0.5
23-08-2023 01:00,23.2,92,0.5
23-08-2023 01:15,23.2,92,0.5
23-08-2023 01:30,23.2,92,0.5
23-08-2023 01:45,23.1,92,0.5
23-08-2023 02:00,23.2,92,0.5
23-08-2023 02:15,23.3,91,0.5
23-08-2023 02:30,23.3,91,0.5
23-08-2023 02:45,23.3,91,0.5
23-08-2023 03:00,23.3,91,0.5
23-08-2023 03:15,23.2,91,0.5
23-08-2023 03:30,23.2,91,0.5
23-08-2023 03:45,23.2,91,0.5
23-08-2023 04:00,23.2,91,0.5
23-08-2023 04:15,23.1,91,0.5
23-08-2023 04:30,23,91,0.5
23-08-2023 04:45,22.8,91,0.5
23-08-2023 05:00,22.8,91,0.5
23-08-2023 05:15,22.6,92,0.5
23-08-2023 05:30,22.4,92,0.5
23-08-2023 05:45,22.3,92,0.5
23-08-2023 06:00,22.1,92,0.5
23-08-2023 06:15,22,92,0.5
23-08-2023 06:30,22,92,0.5
23-08-2023 06:45,22.4,92,0.5
23-08-2023 07:00,22.7,92,0.5
23-08-2023 07:15,23.5,90,0.5
23-08-2023 07:30,24.1,89,0.5
23-08-2023 07:45,24.6,88,0.5
23-08-2023 08:00,25.1,87,0.5
23-08-2023 08:15,25.4,85,0.5
23-08-2023 08:30,25.5,84,0.5
23-08-2023 08:45,25.8,82,0
23-08-2023 09:00,26.1,81,0
23-08-2023 09:15,26.1,80,0
23-08-2023 09:30,26.5,81,0
23-08-2023 09:45,26.9,78,0
23-08-2023 10:00,27.4,77,0
23-08-2023 10:15,27.4,75,0
23-08-2023 10:30,27.5,75,0
23-08-2023 10:45,28,72,0
23-08-2023 11:00,27.6,74,0
23-08-2023 11:15,27.9,75,0
23-08-2023 11:30,28.1,75,0
23-08-2023 11:45,28.9,70,0
23-08-2023 12:00,28.8,73,0
23-08-2023 12:15,28,72,0
23-08-2023 12:30,28.7,73,0
23-08-2023 12:45,28.9,72,0
23-08-2023 13:00,29.3,72,0
23-08-2023 13:15,28.9,71,0
23-08-2023 13:30,28.9,71,0
23-08-2023 13:45,28.5,72,0
23-08-2023 14:00,29.2,72,0
23-08-2023 14:15,29.2,72,0
23-08-2023 14:30,29.5,68,0
23-08-2023 14:45,29.8,69,0
23-08-2023 15:00,29.9,69,0
23-08-2023 15:15,29.5,67,0
23-08-2023 15:30,29.8,66,0
23-08-2023 15:45,29.6,67,0
23-08-2023 16:00,27.8,74,0
23-08-2023 16:15,27.9,74,0
23-08-2023 16:30,28,74,0
23-08-2023 16:45,28.1,72,0
23-08-2023 17:00,27.2,74,0
23-08-2023 17:15,27.1,75,0
23-08-2023 17:30,26.7,76,0
23-08-2023 17:45,25.5,83,0
23-08-2023 18:00,25.5,84,0
23-08-2023 18:15,25.7,83,0
23-08-2023 18:30,25.6,83,0
23-08-2023 19:15,25.2,85,0
23-08-2023 19:30,24,89,0
23-08-2023 19:45,23.7,90,0
23-08-2023 20:00,23.6,91,0
23-08-2023 20:15,23.6,91,0
23-08-2023 20:30,23.6,91,0
23-08-2023 20:45,23.5,90,0
23-08-2023 21:00,23.5,90,0
23-08-2023 21:15,23.3,90,0
23-08-2023 21:30,23.1,90,0
23-08-2023 21:45,23.1,90,0
23-08-2023 22:00,23,91,0
23-08-2023 22:15,22.9,90,0
23-08-2023 22:30,23,90,0
23-08-2023 22:45,22.9,90,0
23-08-2023 23:00,22.8,90,0
23-08-2023 23:15,22.7,91,0
23-08-2023 23:30,22.6,91,0
23-08-2023 23:45,22.4,91,0
24-08-2023 00:00,22.3,91,0
24-08-2023 00:30,22.4,91,0
24-08-2023 00:45,22.5,91,0
24-08-2023 01:00,22.5,91,0
24-08-2023 01:15,22.4,91,0
24-08-2023 01:30,22.5,91,0
24-08-2023 01:45,22.4,91,0
24-08-2023 02:00,22.3,91,0
24-08-2023 02:15,22.3,91,0
24-08-2023 02:30,22.4,91,0
24-08-2023 02:45,22.5,91,0
24-08-2023 03:00,22.7,91,0
24-08-2023 03:15,23.1,91,0
24-08-2023 03:30,23.2,90,0
24-08-2023 03:45,23.2,90,0
24-08-2023 04:00,23.4,90,0
24-08-2023 04:15,23.2,90,0
24-08-2023 04:30,22.7,90,0
24-08-2023 04:45,22.7,90,0
24-08-2023 05:00,22.4,91,0
24-08-2023 05:15,22.4,91,0
24-08-2023 05:30,22.6,91,0
24-08-2023 05:45,22.5,91,0
24-08-2023 06:00,22.5,91,0
24-08-2023 06:15,22.1,91,0
24-08-2023 06:30,22.5,91,0
24-08-2023 06:45,22.9,91,0
24-08-2023 07:00,23.2,90,0
24-08-2023 07:15,23.7,90,0
24-08-2023 07:30,24.3,89,0
24-08-2023 07:45,24.7,88,0
24-08-2023 08:00,25.1,88,0
24-08-2023 08:15,25.6,87,0
24-08-2023 08:30,25.6,86,0
24-08-2023 08:45,26.1,82,0
24-08-2023 09:00,26.3,82,0
24-08-2023 09:15,25.4,85,0
24-08-2023 09:30,25.9,87,0
24-08-2023 09:45,26.1,84,0
24-08-2023 10:00,26.8,81,0
24-08-2023 10:15,27.6,77,0
24-08-2023 10:30,28.1,75,0
24-08-2023 10:45,28,74,0
24-08-2023 11:00,28.3,73,0
24-08-2023 11:15,27.8,74,0
24-08-2023 11:30,24.3,90,0.5
24-08-2023 11:45,25.7,89,0.5
24-08-2023 12:00,27,82,0.5
24-08-2023 12:15,27.3,77,0.5
24-08-2023 12:30,27.8,73,0.5
24-08-2023 12:45,28,73,0.5
24-08-2023 13:00,28.4,72,0.5
24-08-2023 13:15,28.9,70,0.5
24-08-2023 13:30,27.6,73,0.5
24-08-2023 13:45,27.9,74,0.5
24-08-2023 14:00,27.7,75,0.5
24-08-2023 14:15,28,74,0.5
24-08-2023 14:30,28.3,72,0.5
24-08-2023 14:45,29,69,0.5
24-08-2023 15:00,29,68,0.5
24-08-2023 15:15,28.9,70,0.5
24-08-2023 15:30,27.2,75,0.5
24-08-2023 15:45,25.4,88,0.5
24-08-2023 16:00,26.9,80,0.5
24-08-2023 16:15,27.7,75,0.5
24-08-2023 16:30,28.5,71,0.5
24-08-2023 17:15,27,76,0.5
24-08-2023 17:30,25,88,0.5
24-08-2023 17:45,26.8,82,0.5
24-08-2023 18:00,26.1,86,0.5
24-08-2023 18:15,24.2,89,1
24-08-2023 18:30,23.6,92,1.5
24-08-2023 18:45,23.7,92,1.5
24-08-2023 19:00,23.8,93,1.5
24-08-2023 19:15,23.8,92,1.5
24-08-2023 19:30,23.6,92,1.5
24-08-2023 19:45,23.6,91,1.5
24-08-2023 20:00,23.7,91,1.5
24-08-2023 20:30,23.6,91,1.5
24-08-2023 20:45,23.6,91,1.5
24-08-2023 21:00,23.5,91,1.5
24-08-2023 21:15,23.7,91,1.5
24-08-2023 21:30,23.9,91,1.5
24-08-2023 21:45,23.9,91,1.5
24-08-2023 22:00,23.6,92,1.5
24-08-2023 22:15,23.7,91,1.5
24-08-2023 22:30,23.5,91,1.5
24-08-2023 22:45,23.5,92,1.5
24-08-2023 23:00,23.5,92,1.5
24-08-2023 23:15,23.5,92,1.5
24-08-2023 23:30,23.5,92,1.5
24-08-2023 23:45,23.5,92,1.5
25-08-2023 00:00,23.6,92,1.5
25-08-2023 00:15,23.6,92,1.5
25-08-2023 00:30,23.5,92,1.5
25-08-2023 00:45,23.6,92,1.5
25-08-2023 01:00,23.6,92,1.5
25-08-2023 01:15,23.3,92,1.5
25-08-2023 01:30,23.1,92,1.5
25-08-2023 01:45,23,92,1.5
25-08-2023 02:00,22.8,92,1.5
25-08-2023 02:15,23,92,1.5
25-08-2023 02:30,23,92,1.5
25-08-2023 02:45,23,92,1.5
25-08-2023 03:00,23.1,92,1.5
25-08-2023 03:15,23.1,91,1.5
25-08-2023 03:30,23.3,91,1.5
25-08-2023 03:45,23.3,91,1.5
25-08-2023 04:00,23.4,91,1.5
25-08-2023 04:15,23.3,91,1.5
25-08-2023 04:30,23.2,91,1.5
25-08-2023 04:45,23.3,92,1.5
25-08-2023 05:00,23.3,92,1.5
25-08-2023 05:15,23.1,92,1.5
25-08-2023 05:30,23.2,92,1.5
25-08-2023 05:45,23.2,92,1.5
25-08-2023 06:00,23.2,92,1.5
25-08-2023 06:15,23.3,92,1.5
25-08-2023 06:30,23.4,91,1.5
25-08-2023 06:45,23.6,91,1.5
25-08-2023 07:00,23.8,91,1.5
25-08-2023 07:15,24.1,90,1.5
25-08-2023 07:30,24.4,90,1.5
25-08-2023 07:45,24.6,89,1.5
25-08-2023 08:00,24.9,88,1.5
25-08-2023 08:15,25.2,88,1.5
25-08-2023 08:30,25.7,87,1.5
25-08-2023 08:45,25.9,87,0
25-08-2023 09:00,26.1,87,0
25-08-2023 09:15,26.5,86,0
25-08-2023 09:30,26.5,86,0
25-08-2023 09:45,24.4,91,0.5
25-08-2023 10:00,25.2,90,0.5
25-08-2023 10:15,25.2,90,0.5
25-08-2023 10:30,25.2,90,0.5
25-08-2023 10:45,25.8,89,0.5
25-08-2023 11:00,26.4,88,0.5
25-08-2023 11:15,25,91,0.5
25-08-2023 11:30,25.4,90,0.5
25-08-2023 11:45,27,89,0.5
25-08-2023 12:00,27.5,82,0.5
25-08-2023 12:15,27.7,81,0.5
25-08-2023 12:30,27.9,77,0.5
25-08-2023 12:45,27.9,79,0.5
25-08-2023 13:00,28.6,79,0.5
25-08-2023 13:15,26.9,83,0.5
25-08-2023 13:30,25.1,91,1
25-08-2023 13:45,25.6,90,1
25-08-2023 14:00,25.1,91,1
25-08-2023 14:15,26.7,89,1
25-08-2023 14:30,27,85,1
25-08-2023 14:45,25.4,90,1
25-08-2023 15:00,27.7,86,1
25-08-2023 15:15,27.4,75,1
25-08-2023 15:30,27.5,79,1
25-08-2023 15:45,27.6,78,1
25-08-2023 16:00,27.5,79,1
25-08-2023 16:15,26.9,81,1
25-08-2023 16:30,27.8,75,1
25-08-2023 17:15,27.4,76,1
25-08-2023 17:30,26.9,78,1
25-08-2023 17:45,26.4,81,1
25-08-2023 18:00,26.1,84,1
25-08-2023 18:15,24.8,88,1
25-08-2023 18:30,24,92,1
25-08-2023 18:45,23.8,92,1.5
25-08-2023 19:00,23.8,93,1.5
25-08-2023 19:15,23.8,93,1.5
25-08-2023 19:30,23.8,93,1.5
25-08-2023 19:45,24,91,1.5
25-08-2023 20:00,24,90,1.5
25-08-2023 20:30,24,90,1.5
25-08-2023 20:45,23.7,91,1.5
25-08-2023 21:00,23.6,92,1.5
25-08-2023 21:15,23.7,91,1.5
25-08-2023 21:30,23.7,92,1.5
25-08-2023 21:45,23.7,92,1.5
25-08-2023 22:00,23.7,92,1.5
25-08-2023 22:15,23.7,91,1.5
25-08-2023 22:30,23.6,91,1.5
25-08-2023 22:45,23.5,91,1.5
25-08-2023 23:00,23.6,91,1.5
25-08-2023 23:15,23.5,91,1.5
25-08-2023 23:30,23.3,92,1.5
25-08-2023 23:45,23.1,92,1.5
26-08-2023 00:00,23.2,92,1.5
26-08-2023 00:15,23.3,92,1.5
26-08-2023 00:30,23.3,92,1.5
26-08-2023 00:45,23.4,92,1.5
26-08-2023 01:00,23.4,92,1.5
26-08-2023 01:15,23.5,92,1.5
26-08-2023 01:30,23.5,92,1.5
26-08-2023 01:45,23.6,92,1.5
26-08-2023 02:00,23.6,92,1.5
26-08-2023 02:15,23.6,92,1.5
26-08-2023 02:30,23.2,92,1.5
26-08-2023 02:45,23.2,92,1.5
26-08-2023 03:00,23.2,92,1.5
26-08-2023 03:15,23.3,92,1.5
26-08-2023 03:30,23.3,92,1.5
26-08-2023 04:15,22.9,92,1.5
26-08-2023 04:30,23,93,1.5
26-08-2023 04:45,23.2,93,1.5
26-08-2023 05:00,23.2,93,1.5
26-08-2023 05:15,23.1,92,1.5
26-08-2023 05:30,23.3,92,1.5
26-08-2023 05:45,23.1,92,2
26-08-2023 06:00,22.8,93,2
26-08-2023 06:15,22.8,93,2
26-08-2023 06:30,23,93,2
26-08-2023 06:45,23.1,92,2
26-08-2023 07:00,23.2,92,2
26-08-2023 07:15,23.7,91,2
26-08-2023 07:30,24,91,2
26-08-2023 07:45,24.5,90,2
26-08-2023 08:00,24.7,90,2
26-08-2023 08:15,25,90,2
26-08-2023 08:30,24.3,91,2
26-08-2023 08:45,25.2,90,0
26-08-2023 09:00,25.9,88,0
26-08-2023 09:15,26,86,0
26-08-2023 09:30,26.7,86,0
26-08-2023 09:45,27.2,80,0
26-08-2023 10:00,27.4,77,0
26-08-2023 10:15,27.6,77,0
26-08-2023 10:30,28,75,0
26-08-2023 10:45,28,74,0
26-08-2023 11:00,28.1,72,0
26-08-2023 11:15,27.8,74,0
26-08-2023 11:30,28,76,0
26-08-2023 11:45,28.6,72,0
26-08-2023 12:00,29.5,71,0
26-08-2023 12:15,29.7,71,0
26-08-2023 12:30,29.1,73,0
26-08-2023 12:45,29.1,70,0
26-08-2023 13:00,28.5,71,0
26-08-2023 13:15,27.2,79,0
26-08-2023 13:30,27,82,0
26-08-2023 13:45,27.1,81,0
26-08-2023 14:00,24.4,92,4.5
26-08-2023 14:15,25,92,5
26-08-2023 14:30,26.7,88,5
26-08-2023 14:45,28.3,84,5
26-08-2023 15:00,26.9,83,5
26-08-2023 15:15,26.7,85,5
26-08-2023 15:30,26.4,87,5
26-08-2023 15:45,25.4,90,5
26-08-2023 16:00,26.8,87,5
26-08-2023 16:15,26.9,83,5
26-08-2023 16:30,26.6,87,5
26-08-2023 16:45,26.2,86,5
26-08-2023 17:00,25.1,89,6
26-08-2023 17:15,23.7,93,10.5
26-08-2023 17:30,23.3,93,13.5
26-08-2023 17:45,23.6,93,13.5
26-08-2023 18:00,23.8,93,13.5
26-08-2023 18:15,23.7,93,13.5
26-08-2023 18:30,23.7,93,13.5
26-08-2023 18:45,23.5,93,14
26-08-2023 19:00,23.5,93,14
26-08-2023 19:15,23.6,93,14
26-08-2023 19:30,23.7,93,14
26-08-2023 19:45,23.7,92,14
26-08-2023 20:00,23.6,92,14
26-08-2023 20:30,23.7,91,14
26-08-2023 20:45,23.7,91,14
26-08-2023 21:00,23.7,91,14
26-08-2023 21:15,23.6,91,14
26-08-2023 21:30,23.6,91,14
26-08-2023 21:45,23.7,91,14
26-08-2023 22:00,23.8,91,14
26-08-2023 22:15,23.8,91,14
26-08-2023 22:30,23.8,91,14
26-08-2023 22:45,23.9,92,14
26-08-2023 23:00,23.7,91,14
26-08-2023 23:15,23.7,91,14
26-08-2023 23:30,23.7,91,14
26-08-2023 23:45,23.6,92,14
27-08-2023 00:00,23.4,92,14
27-08-2023 00:30,23.2,93,14
27-08-2023 00:45,23.3,93,14
27-08-2023 01:00,23.4,93,14
27-08-2023 01:15,23.5,92,14
27-08-2023 01:30,23.3,92,14
27-08-2023 01:45,23.3,92,14
27-08-2023 02:00,23.3,92,14
27-08-2023 02:30,23.4,92,14
27-08-2023 02:45,23.4,91,14
27-08-2023 03:00,23.3,91,14
27-08-2023 03:15,23.2,91,14
27-08-2023 03:30,23.3,91,14
27-08-2023 03:45,23.2,91,14
27-08-2023 04:00,23.1,91,14
27-08-2023 04:15,23.2,92,14
27-08-2023 04:30,23.1,92,14
27-08-2023 04:45,23.2,92,14
27-08-2023 05:00,23,92,15
27-08-2023 05:15,22.7,93,16
27-08-2023 05:30,22.6,93,17
27-08-2023 05:45,22.6,93,17.5
27-08-2023 06:00,22.6,93,17.5
27-08-2023 06:15,22.7,93,17.5
27-08-2023 06:30,22.8,93,17.5
27-08-2023 06:45,22.9,93,17.5
27-08-2023 07:00,23.1,93,17.5
27-08-2023 07:15,23.4,94,17.5
27-08-2023 07:30,23.6,93,17.5
27-08-2023 07:45,23.7,93,17.5
27-08-2023 08:00,23.7,93,17.5
27-08-2023 08:15,23.4,93,18
27-08-2023 08:30,23.7,93,18
27-08-2023 08:45,24.9,92,0
27-08-2023 09:00,25.7,89,0
27-08-2023 09:15,26,85,0
27-08-2023 09:30,26.6,85,0
27-08-2023 09:45,26.6,81,0
27-08-2023 10:00,26.4,79,0
27-08-2023 10:15,27.1,78,0
27-08-2023 10:30,26.9,77,0
27-08-2023 10:45,27.1,79,0
27-08-2023 11:00,27.2,79,0
27-08-2023 11:15,26.1,80,0
27-08-2023 11:30,24.2,91,0
27-08-2023 11:45,24.2,92,0
27-08-2023 12:00,25.5,90,0
27-08-2023 12:15,26.7,85,0
27-08-2023 12:30,27.1,81,0
27-08-2023 12:45,26.9,80,0
27-08-2023 13:00,26.1,84,0
27-08-2023 13:15,27.2,86,0
27-08-2023 13:30,26.9,82,0
27-08-2023 13:45,26.7,82,0
27-08-2023 14:00,27.6,79,0
27-08-2023 14:15,28.2,75,0
27-08-2023 14:30,27.7,74,0
27-08-2023 14:45,27.5,75,0
27-08-2023 15:00,27,77,0
27-08-2023 15:15,26.4,83,0
27-08-2023 15:30,27.8,77,0
27-08-2023 15:45,28.3,74,0
27-08-2023 16:00,28.1,75,0
27-08-2023 16:15,27.9,73,0
27-08-2023 16:30,26.7,80,0
27-08-2023 16:45,27.2,84,0
27-08-2023 17:00,27.6,78,0
27-08-2023 17:15,26.5,83,0
27-08-2023 17:30,26.2,84,0
27-08-2023 17:45,25.8,87,0
27-08-2023 18:00,25.2,87,0
27-08-2023 18:15,23.8,91,0.5
27-08-2023 18:30,23.6,91,0.5
27-08-2023 18:45,23.6,91,0.5
27-08-2023 19:00,23.7,90,0.5
27-08-2023 19:15,23.6,90,0.5
27-08-2023 19:30,23.7,90,0.5
27-08-2023 19:45,23.5,90,0.5
27-08-2023 20:00,23.5,90,0.5
27-08-2023 20:15,23.4,91,0.5
27-08-2023 20:30,23.6,90,0.5
27-08-2023 20:45,23.5,90,0.5
27-08-2023 21:00,23.5,91,0.5
27-08-2023 21:15,23.5,91,0.5
27-08-2023 21:30,23.5,91,0.5
27-08-2023 21:45,23.3,91,0.5
27-08-2023 22:00,23.2,92,0.5
27-08-2023 22:15,23,92,0.5
27-08-2023 22:30,22.8,92,0.5
27-08-2023 23:00,22.6,93,0.5
27-08-2023 23:15,22.6,93,0.5
27-08-2023 23:30,22.6,93,0.5
27-08-2023 23:45,22.6,93,0.5
28-08-2023 00:00,22.6,93,0.5
28-08-2023 00:15,22.7,93,0.5
28-08-2023 00:30,22.9,93,0.5
28-08-2023 00:45,22.8,92,0.5
28-08-2023 01:00,22.6,93,0.5
28-08-2023 01:15,22.6,93,0.5
28-08-2023 01:30,22.6,93,0.5
28-08-2023 01:45,22.5,93,0.5
28-08-2023 02:00,22.6,92,0.5
28-08-2023 02:15,22.5,92,0.5
28-08-2023 02:30,22.4,92,0.5
28-08-2023 02:45,22.4,92,0.5
28-08-2023 03:00,22.5,91,0.5
28-08-2023 03:15,22.4,91,0.5
28-08-2023 03:30,22.4,91,0.5
28-08-2023 04:00,22,91,0.5
28-08-2023 04:15,21.8,92,0.5
28-08-2023 04:45,22.1,92,0.5
28-08-2023 05:00,22.3,92,0.5
28-08-2023 05:15,22.4,92,0.5
28-08-2023 05:30,22.6,91,0.5
28-08-2023 05:45,22.8,91,0.5
28-08-2023 06:00,22.9,91,0.5
28-08-2023 06:15,22.9,91,0.5
28-08-2023 06:30,22.9,92,0.5
28-08-2023 06:45,23,92,0.5
28-08-2023 07:00,23.2,92,0.5
28-08-2023 07:30,24,91,0.5
28-08-2023 07:45,24.2,89,0.5
28-08-2023 08:00,24.7,89,0.5
28-08-2023 08:15,24.7,87,0.5
28-08-2023 08:30,25.1,87,0.5
28-08-2023 08:45,25.7,86,0
28-08-2023 09:00,25.8,86,0
28-08-2023 09:15,26.6,86,0
28-08-2023 09:30,25.9,85,0
28-08-2023 09:45,26.1,86,0
28-08-2023 10:00,26.2,85,0
28-08-2023 10:15,26.8,85,0
28-08-2023 10:30,27.2,80,0
28-08-2023 10:45,28,76,0
28-08-2023 11:00,28,74,0
28-08-2023 11:15,28.5,76,0
28-08-2023 11:30,27.8,74,0
28-08-2023 11:45,28,72,0
28-08-2023 12:00,28.6,70,0
28-08-2023 12:15,28.9,70,0
28-08-2023 12:30,28.9,73,0
28-08-2023 12:45,28.7,72,0
28-08-2023 13:00,28.7,69,0
28-08-2023 13:15,29.1,68,0
28-08-2023 13:30,29.2,68,0
28-08-2023 13:45,29.6,69,0
28-08-2023 14:00,29.3,68,0
28-08-2023 14:15,29.6,68,0
28-08-2023 14:30,29.5,67,0
28-08-2023 14:45,29.8,67,0
28-08-2023 15:00,29.6,67,0
28-08-2023 15:15,29.6,65,0
28-08-2023 15:45,28.9,69,0
28-08-2023 16:00,28.5,71,0
28-08-2023 16:15,26.6,79,0
28-08-2023 16:30,25.9,81,0
28-08-2023 17:15,26.5,81,0
28-08-2023 17:30,26.4,81,0
28-08-2023 17:45,27,78,0
28-08-2023 18:00,26.6,78,0
28-08-2023 18:15,26.3,79,0
28-08-2023 18:30,25.9,81,0
28-08-2023 18:45,25.3,85,0
28-08-2023 19:00,24.8,87,0
28-08-2023 19:15,24.6,87,0
28-08-2023 19:30,24.2,88,0
28-08-2023 19:45,24.1,88,0
28-08-2023 20:00,24,89,0
28-08-2023 20:15,23.9,89,0
28-08-2023 20:30,23.8,89,0
28-08-2023 20:45,23.9,89,0
28-08-2023 21:00,23.9,89,0
28-08-2023 21:15,23.7,89,0
28-08-2023 21:30,23.5,90,0
28-08-2023 21:45,23.5,90,0
28-08-2023 22:00,23.3,90,0
28-08-2023 22:15,23.1,90,0
28-08-2023 22:30,22.8,90,0
28-08-2023 22:45,22.8,91,0
28-08-2023 23:00,22.9,91,0
28-08-2023 23:15,23,91,0
28-08-2023 23:30,23.2,91,0
28-08-2023 23:45,23.2,91,0
29-08-2023 00:00,23.1,91,0
29-08-2023 00:15,22.9,91,0
29-08-2023 00:30,22.7,92,0
29-08-2023 00:45,22.5,92,0
29-08-2023 01:00,22.3,92,0
29-08-2023 01:15,22.4,92,0
29-08-2023 01:30,22.3,92,0
29-08-2023 01:45,22.3,92,0
29-08-2023 02:00,22,92,0
29-08-2023 02:15,21.8,92,0
29-08-2023 02:30,21.7,92,0
29-08-2023 02:45,21.7,92,0
29-08-2023 03:00,21.9,92,0
29-08-2023 03:15,22.1,92,0
29-08-2023 03:30,22.2,92,0
29-08-2023 03:45,22.3,92,0
29-08-2023 04:00,22.4,92,0
29-08-2023 04:15,22.3,92,0
29-08-2023 04:30,22.2,92,0
29-08-2023 04:45,22.1,92,0
29-08-2023 05:00,22.2,92,0
29-08-2023 05:15,22.2,92,0
29-08-2023 05:30,22.1,92,0
29-08-2023 05:45,22.1,92,0
29-08-2023 06:00,22.1,92,0
29-08-2023 06:15,22.1,92,0
29-08-2023 06:30,22.3,92,0
29-08-2023 06:45,22.5,91,0
29-08-2023 07:00,23,91,0
29-08-2023 07:15,23.2,90,0
29-08-2023 07:30,23.8,90,0
29-08-2023 08:15,25.3,86,0
29-08-2023 08:30,25.8,86,0
29-08-2023 08:45,25.5,86,0
29-08-2023 09:00,25.9,84,0
29-08-2023 09:15,26.1,81,0
29-08-2023 09:30,26,84,0
29-08-2023 09:45,27,74,0
29-08-2023 10:00,27,74,0
29-08-2023 10:15,27.1,72,0
29-08-2023 10:30,28,72,0
29-08-2023 10:45,28.1,69,0
29-08-2023 11:00,29,66,0
29-08-2023 11:15,29.7,68,0
29-08-2023 11:30,29.3,66,0
29-08-2023 11:45,29.4,63,0
29-08-2023 12:00,29.5,65,0
29-08-2023 12:15,30,66,0
29-08-2023 12:30,30.1,63,0
29-08-2023 12:45,30.2,62,0
29-08-2023 13:00,30.2,61,0
29-08-2023 13:15,30.7,62,0
29-08-2023 13:30,30.2,60,0
29-08-2023 13:45,30.9,60,0
29-08-2023 14:00,30.8,59,0
29-08-2023 14:15,31,59,0
29-08-2023 14:30,31.3,56,0
29-08-2023 14:45,31.1,59,0
29-08-2023 15:00,31.1,60,0
29-08-2023 15:15,31,63,0
29-08-2023 15:30,30.7,59,0
29-08-2023 15:45,30.8,61,0
29-08-2023 16:00,30.4,61,0
29-08-2023 16:15,30.2,62,0
29-08-2023 16:45,30.6,62,0
29-08-2023 17:00,30,64,0
29-08-2023 17:15,29.8,65,0
29-08-2023 17:30,29.2,66,0
29-08-2023 17:45,28.8,69,0
29-08-2023 18:00,28.2,71,0
29-08-2023 18:15,27.7,73,0
29-08-2023 18:30,27.3,75,0
29-08-2023 18:45,26.9,77,0
29-08-2023 19:00,26.4,80,0
29-08-2023 19:15,26,84,0
29-08-2023 19:30,25.6,86,0
29-08-2023 19:45,25.3,87,0
29-08-2023 20:00,25.2,87,0
29-08-2023 20:15,24.8,87,0
29-08-2023 20:30,24.7,78,0
29-08-2023 20:45,24.6,76,0
29-08-2023 21:00,24.5,81,0
29-08-2023 21:15,24.2,54,0
29-08-2023 21:30,23.9,87,0
29-08-2023 21:45,23.7,86,0
29-08-2023 22:00,23.6,68,0
29-08-2023 22:15,23.5,90,0
29-08-2023 22:30,23.4,90,0
29-08-2023 22:45,23.3,82,0
29-08-2023 23:00,23.2,79,0
29-08-2023 23:15,23,82,0
29-08-2023 23:30,23,81,0
29-08-2023 23:45,23.1,59,0
30-08-2023 00:00,22.9,87,0
30-08-2023 00:15,22.7,92,0
30-08-2023 00:30,22.6,92,0
30-08-2023 00:45,22.5,92,0
30-08-2023 01:00,22.5,92,0
30-08-2023 01:30,22.4,71,0
30-08-2023 01:45,22.4,85,0
30-08-2023 02:00,22.3,91,0
30-08-2023 02:15,22.1,89,0
30-08-2023 02:30,21.7,80,0
30-08-2023 02:45,21.7,89,0
30-08-2023 03:00,21.6,90,0
30-08-2023 03:15,21.6,91,0
30-08-2023 03:30,21.3,92,0
30-08-2023 03:45,21.1,93,0
30-08-2023 04:00,21.1,93,0
30-08-2023 04:15,21,93,0
30-08-2023 04:30,21,93,0
30-08-2023 04:45,21,93,0
30-08-2023 05:00,20.8,93,0
30-08-2023 05:15,20.6,92,0
30-08-2023 05:30,20.6,69,0
30-08-2023 05:45,20.5,87,0
30-08-2023 06:00,20.4,91,0
30-08-2023 06:15,20.2,91,0
30-08-2023 06:30,20.2,92,0
30-08-2023 06:45,20.2,81,0
30-08-2023 07:00,20.7,78,0
30-08-2023 07:15,21.6,84,0
30-08-2023 07:30,22.4,87,0
30-08-2023 07:45,23,83,0
30-08-2023 08:00,24.3,83,0
30-08-2023 08:15,24.6,82,0
30-08-2023 08:30,25.1,81,0
30-08-2023 08:45,25.7,82,0
30-08-2023 09:00,26.2,82,0
30-08-2023 09:15,26.7,78,0
30-08-2023 09:30,27.2,74,0
30-08-2023 09:45,28.2,73,0
30-08-2023 10:00,28.1,70,0
30-08-2023 10:15,28.7,70,0
30-08-2023 10:30,29.3,67,0
30-08-2023 10:45,29.3,61,0
30-08-2023 11:00,29.7,49,0
30-08-2023 11:15,30.3,48,0
30-08-2023 11:30,30.9,48,0
30-08-2023 11:45,31.2,41,0
30-08-2023 12:00,30.2,44,0
30-08-2023 12:15,30.8,40,0
30-08-2023 12:30,30.4,44,0
30-08-2023 12:45,31.1,44,0
30-08-2023 13:00,31.2,43,0
30-08-2023 13:15,31.6,43,0
30-08-2023 13:30,31.2,45,0
30-08-2023 13:45,31.7,46,0
30-08-2023 14:00,31.9,45,0
30-08-2023 14:15,32,43,0
30-08-2023 14:30,32.5,40,0
30-08-2023 14:45,32,41,0
30-08-2023 15:00,32.4,39,0
30-08-2023 15:15,32.3,39,0
30-08-2023 15:30,32.6,40,0
30-08-2023 15:45,32.8,41,0
30-08-2023 16:00,32.1,41,0
30-08-2023 16:15,32.5,42,0
30-08-2023 16:30,31.5,44,0
30-08-2023 16:45,31.5,44,0
30-08-2023 17:00,31.2,46,0
30-08-2023 17:15,30.9,47,0
30-08-2023 17:30,30.3,47,0
30-08-2023 17:45,30,49,0
30-08-2023 18:00,30,50,0
30-08-2023 18:15,29,53,0
30-08-2023 18:30,28.3,56,0
30-08-2023 18:45,27.7,59,0
30-08-2023 19:00,27.2,61,0
30-08-2023 19:15,26.9,64,0
30-08-2023 19:30,26.4,63,0
30-08-2023 19:45,26.3,65,0
30-08-2023 20:00,26,67,0
30-08-2023 20:15,25.8,62,0
30-08-2023 20:30,25.7,69,0
30-08-2023 20:45,25.5,69,0
30-08-2023 21:00,25.3,71,0
30-08-2023 21:15,25.2,69,0
30-08-2023 21:30,25.1,70,0
30-08-2023 21:45,24.9,68,0
30-08-2023 22:00,24.7,66,0
30-08-2023 22:15,24.6,61,0
30-08-2023 22:30,24.6,63,0
30-08-2023 22:45,24.4,66,0
30-08-2023 23:00,24.3,65,0
30-08-2023 23:15,24.1,65,0
30-08-2023 23:30,23.8,61,0
30-08-2023 23:45,23.9,62,0
31-08-2023 00:00,23.8,63,0
31-08-2023 00:15,23.7,65,0
31-08-2023 00:30,23.3,64,0
31-08-2023 00:45,22.9,61,0
31-08-2023 01:00,22.7,69,0
31-08-2023 01:30,22.6,65,0
31-08-2023 01:45,22.5,63,0
31-08-2023 02:00,22.4,66,0
31-08-2023 02:15,22.4,64,0
31-08-2023 02:30,22.2,67,0
31-08-2023 02:45,22,65,0
31-08-2023 03:00,22,64,0
31-08-2023 03:15,22,62,0
31-08-2023 03:30,21.8,60,0
31-08-2023 03:45,21.8,67,0
31-08-2023 04:00,21.6,73,0
31-08-2023 04:15,21.7,74,0
31-08-2023 04:30,21.7,77,0
31-08-2023 04:45,21.7,77,0
31-08-2023 05:00,21.9,77,0
31-08-2023 05:15,21.6,75,0
31-08-2023 05:30,21.8,76,0
31-08-2023 05:45,21.8,74,0
31-08-2023 06:00,21.7,75,0
31-08-2023 06:15,21.8,75,0
31-08-2023 06:30,21.8,74,0
31-08-2023 06:45,21.6,75,0
31-08-2023 07:00,21.9,74,0
31-08-2023 07:30,23.1,75,0
31-08-2023 07:45,23.9,72,0
31-08-2023 08:00,24.6,73,0
31-08-2023 08:15,25.3,73,0
31-08-2023 08:30,26,69,0
31-08-2023 08:45,26.3,66,0
31-08-2023 09:00,26.2,68,0
31-08-2023 09:15,27.1,66,0
31-08-2023 09:30,27.6,61,0
31-08-2023 09:45,29.1,58,0
31-08-2023 10:00,29.2,57,0
31-08-2023 10:15,29.7,61,0
31-08-2023 10:30,30.3,60,0
31-08-2023 10:45,30.8,56,0
31-08-2023 11:00,31.5,55,0
31-08-2023 11:15,31.4,56,0
31-08-2023 11:45,31.7,56,0
31-08-2023 12:00,32.4,57,0
31-08-2023 12:15,33,50,0
31-08-2023 12:30,33.2,48,0
31-08-2023 12:45,32.5,50,0
31-08-2023 13:00,33.5,46,0
31-08-2023 13:15,34.6,44,0
31-08-2023 13:45,34.5,43,0
31-08-2023 14:00,35.3,42,0
31-08-2023 14:15,34.2,42,0
31-08-2023 14:30,34.6,44,0
31-08-2023 14:45,34.5,46,0
31-08-2023 15:00,35.2,42,0
31-08-2023 15:15,34.7,45,0
31-08-2023 15:30,34.7,44,0
31-08-2023 15:45,34.2,46,0
31-08-2023 16:00,34.6,47,0
31-08-2023 16:30,33.1,54,0
31-08-2023 16:45,32.8,55,0
31-08-2023 17:00,32,57,0
31-08-2023 17:15,31.8,59,0
31-08-2023 17:30,31.5,59,0
31-08-2023 17:45,31,57,0
31-08-2023 18:00,30.4,57,0
31-08-2023 18:15,30.1,60,0
31-08-2023 18:30,29.3,63,0
31-08-2023 18:45,28.6,65,0
31-08-2023 19:00,28.1,58,0
31-08-2023 19:15,27.8,68,0
31-08-2023 19:30,27.5,62,0
31-08-2023 20:15,27,67,0
31-08-2023 20:30,26.5,76,0
31-08-2023 20:45,26.4,76,0
31-08-2023 21:00,26.1,72,0
31-08-2023 21:15,25.8,70,0
31-08-2023 21:30,25.9,69,0
31-08-2023 21:45,25.9,77,0
31-08-2023 22:00,25.6,79,0
31-08-2023 22:15,25.4,84,0
31-08-2023 22:30,25.2,87,0
31-08-2023 22:45,25.3,88,0
31-08-2023 23:00,25.6,88,0
31-08-2023 23:15,25.3,88,0
31-08-2023 23:30,25.1,88,0
31-08-2023 23:45,24.9,89,0
01-09-2023 00:00,24.8,89,0
01-09-2023 00:15,24.8,91,0
01-09-2023 00:30,24.8,91,0
01-09-2023 00:45,24.7,91,0
01-09-2023 01:00,24.5,91,0
01-09-2023 01:15,24.6,91,0
01-09-2023 01:30,24.7,91,0
01-09-2023 01:45,24.5,91,0
01-09-2023 02:00,24.5,92,0
01-09-2023 02:15,24.5,91,0
01-09-2023 02:30,24.2,91,0
01-09-2023 02:45,24.2,91,0
01-09-2023 03:00,24.1,92,0
01-09-2023 03:15,24,92,0
01-09-2023 03:30,24,92,0
01-09-2023 03:45,24.1,92,0
01-09-2023 04:00,24.1,91,0
01-09-2023 04:15,24.1,92,0
01-09-2023 04:30,24.2,91,0
01-09-2023 04:45,24.3,91,0
01-09-2023 05:00,24.2,91,0
01-09-2023 05:15,24,91,0
01-09-2023 05:30,23.5,92,0
01-09-2023 06:15,23.2,93,0
01-09-2023 06:30,23.2,93,0
01-09-2023 06:45,23.5,93,0
01-09-2023 07:00,23.9,92,0
01-09-2023 07:15,24,92,0
01-09-2023 07:30,24.9,92,0
01-09-2023 07:45,25.3,90,0
01-09-2023 08:00,25.7,89,0
01-09-2023 08:15,26.4,87,0
01-09-2023 08:30,26.8,87,0
01-09-2023 08:45,27.2,84,0
01-09-2023 09:00,27.7,82,0
01-09-2023 09:15,28.7,75,0
01-09-2023 09:30,29.3,74,0
01-09-2023 09:45,30,71,0
01-09-2023 10:00,30.1,68,0
01-09-2023 10:15,30.4,65,0
01-09-2023 10:30,31.3,64,0
01-09-2023 10:45,32.1,60,0
01-09-2023 11:00,32.1,57,0
01-09-2023 11:15,32.5,58,0
01-09-2023 11:30,33,54,0
01-09-2023 11:45,33.1,53,0
01-09-2023 12:00,32.5,54,0
01-09-2023 12:30,33.9,51,0
01-09-2023 12:45,33.7,50,0
01-09-2023 13:00,34.7,50,0
01-09-2023 13:15,34.5,48,0
01-09-2023 13:30,34.9,46,0
01-09-2023 13:45,34.4,47,0
01-09-2023 14:00,34.3,47,0
01-09-2023 14:15,33.7,50,0
01-09-2023 14:30,32.9,55,0
01-09-2023 14:45,33.5,54,0
01-09-2023 15:00,33.7,53,0
01-09-2023 15:15,34.3,51,0
01-09-2023 15:30,34.5,51,0
01-09-2023 15:45,33.8,52,0
01-09-2023 16:00,33.7,51,0
01-09-2023 16:30,30.9,71,0
01-09-2023 16:45,30.6,71,0
01-09-2023 17:00,30.2,72,0
01-09-2023 17:15,30.1,73,0
01-09-2023 17:30,29.9,69,0
01-09-2023 17:45,29.4,66,0
01-09-2023 18:00,28.4,68,0
01-09-2023 18:15,28,70,0
01-09-2023 18:30,27.8,71,0
01-09-2023 18:45,27.7,71,0
01-09-2023 19:00,27.1,74,0
01-09-2023 19:15,26.8,76,0
01-09-2023 19:30,26.5,79,0
01-09-2023 19:45,26.2,82,0
01-09-2023 20:00,26.2,83,0
01-09-2023 20:15,26.2,85,0
01-09-2023 20:30,26.2,86,0
01-09-2023 20:45,26.2,87,0
01-09-2023 21:00,26.2,87,0
01-09-2023 21:15,26.2,87,0
01-09-2023 21:30,26,88,0
01-09-2023 21:45,26,88,0
01-09-2023 22:00,25.9,88,0
01-09-2023 22:15,26.1,89,0
01-09-2023 22:30,26.3,88,0
01-09-2023 22:45,26.4,88,0
01-09-2023 23:00,26.3,88,0
01-09-2023 23:15,26.2,89,0
01-09-2023 23:30,26.1,89,0
01-09-2023 23:45,25.9,90,0
02-09-2023 00:00,25.8,90,0
02-09-2023 00:15,25.6,90,0
02-09-2023 00:30,25.6,90,0
02-09-2023 00:45,25.6,89,0
02-09-2023 01:00,25.6,88,0
02-09-2023 01:30,25.4,88,0
02-09-2023 01:45,25.3,88,0
02-09-2023 02:00,25.3,88,0
02-09-2023 02:15,25.1,89,0
02-09-2023 02:30,25,89,0
02-09-2023 02:45,25,89,0
02-09-2023 03:00,25.2,89,0
02-09-2023 03:15,25,89,0
02-09-2023 03:30,25,89,0
02-09-2023 03:45,25.1,89,0
02-09-2023 04:00,25.1,89,0
02-09-2023 04:15,24.9,90,0
02-09-2023 04:30,24.7,90,0
02-09-2023 04:45,24.7,90,0
02-09-2023 05:00,24.7,90,0
02-09-2023 05:15,24.8,90,0
02-09-2023 05:30,24.9,90,0
02-09-2023 05:45,24.7,90,0
02-09-2023 06:00,24.5,91,0
02-09-2023 06:15,24.5,91,0
02-09-2023 06:30,24.6,91,0
02-09-2023 06:45,24.8,91,0
02-09-2023 07:00,25,91,0
02-09-2023 07:15,25.1,90,0
02-09-2023 07:30,25,89,0
02-09-2023 07:45,24.9,89,0
02-09-2023 08:00,25.1,88,0
02-09-2023 08:15,25.5,88,0
02-09-2023 08:30,25.5,88,0
02-09-2023 08:45,25.8,89,0
02-09-2023 09:00,25.8,88,0
02-09-2023 09:15,25.9,88,0
02-09-2023 09:30,26.2,88,0
02-09-2023 09:45,26,87,0
02-09-2023 10:00,26.3,87,0
02-09-2023 10:15,26,86,0
02-09-2023 10:30,26.4,83,0
02-09-2023 11:15,25.5,87,0
02-09-2023 11:30,25,89,1
02-09-2023 11:45,24.3,91,3.5
02-09-2023 12:00,24.7,92,4
02-09-2023 12:15,25.1,91,4
02-09-2023 12:30,25.6,91,4
02-09-2023 12:45,26.2,90,4
02-09-2023 13:00,26.5,88,4
02-09-2023 13:15,26.4,87,4
02-09-2023 13:30,26.6,86,4
02-09-2023 13:45,26.8,87,4
02-09-2023 14:00,26.8,85,4
02-09-2023 14:30,27.4,81,4
02-09-2023 14:45,28,80,4
02-09-2023 15:00,28.1,78,4
02-09-2023 15:15,27.8,82,4
02-09-2023 15:30,27.2,84,4
02-09-2023 15:45,26.9,86,4
02-09-2023 16:00,26.4,87,4
02-09-2023 16:15,26.3,87,4
02-09-2023 16:30,26.8,87,4
02-09-2023 16:45,26.8,84,4
02-09-2023 17:00,26.7,84,4
02-09-2023 17:15,26.8,84,4
02-09-2023 17:30,26.7,85,4
02-09-2023 17:45,26.4,85,4
02-09-2023 18:00,26,87,4
02-09-2023 18:15,25.6,88,4
02-09-2023 18:30,25.7,88,4
02-09-2023 18:45,25.3,88,4
02-09-2023 19:00,24.8,88,4
02-09-2023 19:15,24.5,89,4
02-09-2023 19:30,24.4,89,4
02-09-2023 19:45,24.3,89,4
02-09-2023 20:00,24,90,4
02-09-2023 20:15,23.9,90,4
02-09-2023 20:45,24,90,4
02-09-2023 21:00,24.1,90,4
02-09-2023 21:15,24.2,90,4
02-09-2023 21:30,24.2,90,4
02-09-2023 21:45,24,90,4
02-09-2023 22:00,24,90,4
02-09-2023 22:15,24,90,4
02-09-2023 22:30,24.1,90,4
02-09-2023 22:45,24.1,90,4
02-09-2023 23:00,24,91,4
02-09-2023 23:15,23.9,91,4
02-09-2023 23:30,23.9,90,4
02-09-2023 23:45,24,90,4
03-09-2023 00:00,24,90,4
03-09-2023 00:15,23.9,90,4
03-09-2023 00:30,23.8,91,4
03-09-2023 00:45,23.9,91,4
03-09-2023 01:00,23.8,91,4
03-09-2023 01:15,23.8,91,4
03-09-2023 01:30,23.5,91,4
03-09-2023 01:45,23.5,91,4
03-09-2023 02:00,23.4,92,4
03-09-2023 02:15,23.4,92,4
03-09-2023 02:30,23.5,92,4
03-09-2023 02:45,23.4,92,4
03-09-2023 03:00,23.3,92,4
03-09-2023 03:15,23.3,91,4
03-09-2023 03:30,23.6,90,4
03-09-2023 03:45,23.7,89,4
03-09-2023 04:00,23.6,89,4
03-09-2023 04:15,23.6,89,4
03-09-2023 04:30,23.6,89,4
03-09-2023 04:45,23.5,90,4
03-09-2023 05:00,23.4,90,4
03-09-2023 05:15,23.2,91,4
03-09-2023 05:30,23.1,91,4
03-09-2023 05:45,23.4,90,4
03-09-2023 06:00,23.3,90,4
03-09-2023 06:15,23.4,90,4
03-09-2023 06:30,23.2,91,4
03-09-2023 06:45,23.3,91,4
03-09-2023 07:00,23.5,91,4
03-09-2023 07:15,23.9,90,4
03-09-2023 07:30,24.4,89,4
03-09-2023 07:45,25,88,4
03-09-2023 08:00,25.4,87,4
03-09-2023 08:15,25.5,86,4
03-09-2023 08:30,26.1,83,4
03-09-2023 08:45,26.2,81,0
03-09-2023 09:00,26.5,80,0
03-09-2023 09:30,28,73,0
03-09-2023 09:45,28.1,72,0
03-09-2023 10:00,28.5,71,0
03-09-2023 10:15,29.1,70,0
03-09-2023 10:30,29.4,70,0
03-09-2023 10:45,29.8,67,0
03-09-2023 11:00,30,68,0
03-09-2023 11:15,30,65,0
03-09-2023 11:30,29.2,72,0
03-09-2023 11:45,29.1,73,0
03-09-2023 12:00,28.9,72,0
03-09-2023 12:15,29.5,71,0
03-09-2023 12:30,29.7,70,0
03-09-2023 13:15,29.7,71,0
03-09-2023 13:30,30.5,66,0
03-09-2023 13:45,30.8,66,0
03-09-2023 14:00,31.5,66,0
03-09-2023 14:15,31.3,67,0
03-09-2023 14:30,30.6,68,0
03-09-2023 14:45,30.9,68,0
03-09-2023 15:00,30.7,69,0
03-09-2023 15:15,30.4,70,0
03-09-2023 15:30,30.2,70,0
03-09-2023 15:45,30.3,71,0
03-09-2023 16:00,29.4,73,0
03-09-2023 16:15,28.6,75,0
03-09-2023 16:30,27.7,79,0
03-09-2023 16:45,27,81,0
03-09-2023 17:00,26.6,83,0
03-09-2023 17:15,26.5,83,0
03-09-2023 17:30,26.4,83,0
03-09-2023 17:45,26.3,84,0
03-09-2023 18:00,26.2,84,0
03-09-2023 18:15,25.9,86,0
03-09-2023 18:30,25.6,88,0
03-09-2023 18:45,25.3,88,0
03-09-2023 19:00,25.1,88,0
03-09-2023 19:15,25.1,88,0
03-09-2023 19:30,24.7,88,0
03-09-2023 19:45,24.4,87,0
03-09-2023 20:00,24.2,88,0
03-09-2023 20:15,24.3,87,0
03-09-2023 20:30,24.1,85,0
03-09-2023 20:45,23.9,85,0
03-09-2023 21:00,23.8,86,0
03-09-2023 21:15,23.7,86,0
03-09-2023 21:30,23.8,85,0
03-09-2023 21:45,23.7,85,0
03-09-2023 22:00,23.8,85,0
03-09-2023 22:15,23.6,86,0
03-09-2023 22:30,23.4,87,0
03-09-2023 22:45,23.1,88,0
03-09-2023 23:00,23.1,89,0
03-09-2023 23:15,23,89,0
03-09-2023 23:30,22.9,89,0
03-09-2023 23:45,22.8,89,0
04-09-2023 00:00,22.9,89,0
04-09-2023 00:15,22.9,89,0
04-09-2023 00:30,23,89,0
04-09-2023 00:45,23,90,0
04-09-2023 01:00,22.9,90,0
04-09-2023 01:30,23.2,89,0
04-09-2023 01:45,23.4,89,0
04-09-2023 02:00,23.5,88,0
04-09-2023 02:15,23.7,88,0
04-09-2023 02:30,23.6,87,0
04-09-2023 02:45,23.4,88,0
04-09-2023 03:00,23.3,88,0
04-09-2023 03:15,23.6,86,0
04-09-2023 03:30,23.6,85,0
04-09-2023 03:45,23.6,86,0
04-09-2023 04:00,23.3,86,0
04-09-2023 04:15,23.3,86,0
04-09-2023 04:30,23.3,86,0
04-09-2023 04:45,23.1,87,0
04-09-2023 05:00,23.1,87,0
04-09-2023 05:15,22.7,88,0
04-09-2023 05:30,22.6,88,0
04-09-2023 05:45,22.6,89,0
04-09-2023 06:00,22.8,89,0
04-09-2023 06:15,23,89,0
04-09-2023 06:30,22.9,89,0
04-09-2023 06:45,23.1,89,0
04-09-2023 07:00,23.7,88,0
04-09-2023 07:15,24,87,0
04-09-2023 07:30,24.2,87,0
04-09-2023 07:45,24.7,86,0
04-09-2023 08:00,25,84,0
04-09-2023 08:15,24.9,82,0
04-09-2023 08:30,25.3,81,0
04-09-2023 08:45,25.9,77,0
04-09-2023 09:00,26.7,74,0
04-09-2023 09:15,27.1,73,0
04-09-2023 09:30,27.4,70,0
04-09-2023 09:45,27.7,71,0
04-09-2023 10:00,27.9,69,0
04-09-2023 10:15,28.1,68,0
04-09-2023 10:30,28.2,70,0
04-09-2023 10:45,27.9,70,0
04-09-2023 11:00,28.2,69,0
04-09-2023 11:15,28.4,67,0
04-09-2023 11:30,28.7,67,0
04-09-2023 11:45,29.1,67,0
04-09-2023 12:00,29.5,68,0
04-09-2023 12:15,28.9,70,0
04-09-2023 12:30,28.9,70,0
04-09-2023 12:45,29.2,69,0
04-09-2023 13:00,29,69,0
04-09-2023 13:15,30,67,0
04-09-2023 13:30,29.4,66,0
04-09-2023 13:45,29.4,66,0
04-09-2023 14:00,29.3,67,0
04-09-2023 14:15,29.2,65,0
04-09-2023 14:30,29.2,67,0
04-09-2023 14:45,29.2,65,0
04-09-2023 15:00,29.2,65,0
04-09-2023 15:15,29.5,64,0
04-09-2023 15:30,29.5,62,0
04-09-2023 15:45,29.6,60,0
04-09-2023 16:00,30.2,59,0
04-09-2023 16:15,29.6,61,0
04-09-2023 16:30,29.6,60,0
04-09-2023 16:45,29.3,61,0
04-09-2023 17:00,29.2,61,0
04-09-2023 17:15,29.2,62,0
04-09-2023 17:30,28.7,65,0
04-09-2023 17:45,28.4,68,0
04-09-2023 18:00,27.6,71,0
04-09-2023 18:15,27.1,74,0
04-09-2023 18:30,26.8,76,0
04-09-2023 18:45,26.3,76,0
04-09-2023 19:00,25.8,79,0
04-09-2023 19:15,25.6,81,0
04-09-2023 19:45,25.2,85,0
04-09-2023 20:00,24.9,86,0
04-09-2023 20:15,24.7,87,0
04-09-2023 20:30,24.5,88,0
04-09-2023 20:45,24.7,87,0
04-09-2023 21:00,24.5,88,0
04-09-2023 21:15,24.4,88,0
04-09-2023 21:30,24.9,87,0
04-09-2023 21:45,24.7,87,0
04-09-2023 22:00,24.6,88,0
04-09-2023 22:15,24.4,88,0
04-09-2023 22:30,24.2,89,0
04-09-2023 22:45,24,89,0
04-09-2023 23:00,23.6,90,0
04-09-2023 23:15,23.5,90,0
04-09-2023 23:30,23.4,90,0
04-09-2023 23:45,23.3,90,0
05-09-2023 00:00,23.2,90,0
05-09-2023 00:30,23.1,89,0
05-09-2023 00:45,22.7,90,0
05-09-2023 01:00,22.5,90,0
05-09-2023 01:15,22.5,90,0
05-09-2023 01:30,22.6,90,0
05-09-2023 01:45,22.6,90,0
05-09-2023 02:00,22.6,90,0
05-09-2023 02:15,22.3,90,0
05-09-2023 02:30,22.2,90,0
05-09-2023 02:45,21.8,90,0
05-09-2023 03:00,21.8,91,0
05-09-2023 03:15,22,90,0
05-09-2023 03:30,21.9,90,0
05-09-2023 03:45,21.8,90,0
05-09-2023 04:00,21.9,91,0
05-09-2023 04:15,21.7,90,0
05-09-2023 04:30,21.7,91,0
05-09-2023 04:45,21.8,91,0
05-09-2023 05:00,21.8,91,0
05-09-2023 05:15,21.8,91,0
05-09-2023 05:30,21.8,90,0
05-09-2023 05:45,22,89,0
05-09-2023 06:00,21.9,89,0
05-09-2023 06:15,21.8,89,0
05-09-2023 06:30,21.6,90,0
05-09-2023 06:45,21.4,90,0
05-09-2023 07:00,21.6,91,0
05-09-2023 07:15,22.6,90,0
05-09-2023 07:30,23.5,88,0
05-09-2023 07:45,23.8,87,0
05-09-2023 08:00,24.2,86,0
05-09-2023 08:15,24.6,84,0
05-09-2023 08:30,25.1,82,0
05-09-2023 08:45,25.6,80,0
05-09-2023 09:00,26.2,75,0
05-09-2023 09:15,26.2,74,0
05-09-2023 09:30,26.4,73,0
05-09-2023 09:45,27.1,72,0
05-09-2023 10:15,28.2,68,0
05-09-2023 10:30,28.6,66,0
05-09-2023 10:45,29.1,65,0
05-09-2023 11:00,28.9,63,0
05-09-2023 11:15,29.4,60,0
05-09-2023 11:30,29.5,60,0
05-09-2023 11:45,30.2,58,0
05-09-2023 12:00,30.2,61,0
05-09-2023 12:15,30.4,57,0
05-09-2023 12:30,31,56,0
05-09-2023 12:45,31.1,56,0
05-09-2023 13:00,30.7,57,0
05-09-2023 13:15,30.9,56,0
05-09-2023 13:30,31.6,54,0
05-09-2023 13:45,31.8,55,0
05-09-2023 14:00,31.4,54,0
05-09-2023 14:15,31.5,57,0
05-09-2023 14:30,31.9,53,0
05-09-2023 14:45,31.6,53,0
05-09-2023 15:00,32.3,53,0
05-09-2023 15:15,31.2,56,0
05-09-2023 15:30,31.6,54,0
05-09-2023 15:45,32.1,52,0
05-09-2023 16:00,31.9,55,0
05-09-2023 16:15,32,55,0
05-09-2023 16:30,31,59,0
05-09-2023 16:45,30.4,61,0
05-09-2023 17:00,31,58,0
05-09-2023 17:15,30.8,60,0
05-09-2023 17:30,29.7,62,0
05-09-2023 17:45,29.8,63,0
05-09-2023 18:00,29.1,66,0
05-09-2023 18:15,28.5,68,0
05-09-2023 18:30,27.8,71,0
05-09-2023 18:45,26.9,76,0
05-09-2023 19:00,26.5,81,0
05-09-2023 19:15,26.2,82,0
05-09-2023 19:30,25.9,84,0
05-09-2023 19:45,25.9,86,0
05-09-2023 20:00,25.6,87,0
05-09-2023 20:15,25.5,87,0
05-09-2023 20:30,25.4,87,0
05-09-2023 20:45,25.3,87,0
05-09-2023 21:00,25.3,87,0
05-09-2023 21:15,25.1,88,0
05-09-2023 21:30,25,88,0
05-09-2023 21:45,25,88,0
05-09-2023 22:00,24.8,88,0
05-09-2023 22:15,24.7,88,0
05-09-2023 22:30,24.6,88,0
05-09-2023 22:45,24.2,88,0
05-09-2023 23:00,23.8,89,0
05-09-2023 23:15,23.9,89,0
05-09-2023 23:30,23.8,89,0
05-09-2023 23:45,23.7,89,0
06-09-2023 00:00,24,87,0
06-09-2023 00:30,23.2,89,0
06-09-2023 00:45,22.9,90,0
06-09-2023 01:00,22.7,90,0
06-09-2023 01:15,22.7,90,0
06-09-2023 01:30,22.9,90,0
06-09-2023 01:45,22.7,90,0
06-09-2023 02:00,22.6,90,0
06-09-2023 02:15,22.7,89,0
06-09-2023 02:30,22.6,89,0
06-09-2023 02:45,22.6,90,0
06-09-2023 03:00,22.4,90,0
06-09-2023 03:15,22.2,90,0
06-09-2023 03:30,22,90,0
06-09-2023 03:45,22.1,91,0
06-09-2023 04:00,22.1,91,0
06-09-2023 04:15,22.1,91,0
06-09-2023 04:30,22.5,90,0
06-09-2023 04:45,22.4,90,0
06-09-2023 05:00,22.3,90,0
06-09-2023 05:15,22.6,90,0
06-09-2023 05:30,22.4,89,0
06-09-2023 05:45,22.4,90,0
06-09-2023 06:00,22.7,90,0
06-09-2023 06:15,22.7,89,0
06-09-2023 06:30,22.7,89,0
06-09-2023 06:45,22.9,89,0
06-09-2023 07:00,22.9,88,0
06-09-2023 07:15,23.3,89,0
06-09-2023 07:30,23.7,88,0
06-09-2023 07:45,24.3,87,0
06-09-2023 08:00,25.2,87,0
06-09-2023 08:15,25.4,85,0
06-09-2023 08:30,25.9,83,0
06-09-2023 08:45,26.8,75,0
06-09-2023 09:00,27.2,74,0
06-09-2023 09:15,27.5,73,0
06-09-2023 09:30,27.8,72,0
06-09-2023 10:15,28.1,70,0
06-09-2023 10:45,28.5,68,0
06-09-2023 11:00,29.2,66,0
06-09-2023 11:15,28.8,67,0
06-09-2023 11:30,29.4,66,0
06-09-2023 11:45,29.7,69,0
06-09-2023 12:00,29.9,65,0
06-09-2023 12:15,29.6,65,0
06-09-2023 12:30,30.7,64,0
06-09-2023 12:45,30.6,63,0
06-09-2023 13:00,30.8,62,0
06-09-2023 13:15,30.5,64,0
06-09-2023 13:30,30.3,64,0
06-09-2023 13:45,30.7,61,0
06-09-2023 14:00,30.7,60,0
06-09-2023 14:15,31.4,58,0
06-09-2023 14:30,30.3,61,0
06-09-2023 14:45,30.2,63,0
06-09-2023 15:00,31,62,0
06-09-2023 15:15,31.1,58,0
06-09-2023 15:30,31,60,0
06-09-2023 15:45,31.2,64,0
06-09-2023 16:00,31.4,63,0
06-09-2023 16:15,30.8,64,0
06-09-2023 16:30,30.7,63,0
06-09-2023 16:45,30.1,66,0
06-09-2023 17:00,29.6,68,0
06-09-2023 17:15,29.2,69,0
06-09-2023 17:30,28.8,70,0
06-09-2023 17:45,28.7,70,0
06-09-2023 18:00,28.1,73,0
06-09-2023 18:15,27.6,73,0
06-09-2023 18:30,27.1,75,0
06-09-2023 18:45,26.5,76,0
06-09-2023 19:00,26.3,76,0
06-09-2023 19:15,25.9,77,0
06-09-2023 19:30,25.4,80,0
06-09-2023 19:45,25.6,76,0
06-09-2023 20:00,25.8,74,0
06-09-2023 20:15,25.3,75,0
06-09-2023 20:30,25,78,0
06-09-2023 20:45,25.3,76,0
06-09-2023 21:00,25.2,79,0
06-09-2023 21:15,25,82,0
06-09-2023 21:30,24.9,83,0
06-09-2023 21:45,24.6,85,0
06-09-2023 22:00,24.9,84,0
06-09-2023 22:15,25.1,82,0
06-09-2023 22:30,25.1,82,0
06-09-2023 22:45,25,81,0
06-09-2023 23:00,24.8,83,0
06-09-2023 23:15,24.4,86,0
06-09-2023 23:30,24.2,87,0
06-09-2023 23:45,24.2,86,0
07-09-2023 00:00,24.3,86,0
07-09-2023 00:30,24.2,88,0
07-09-2023 00:45,24.2,88,0
07-09-2023 01:00,24.2,87,0
07-09-2023 01:15,24.2,86,0
07-09-2023 01:30,24.2,87,0
07-09-2023 01:45,24,87,0
07-09-2023 02:00,24.1,88,0
07-09-2023 02:15,24.1,88,0
07-09-2023 02:30,24.1,88,0
07-09-2023 02:45,24.2,88,0
07-09-2023 03:00,24.4,88,0
07-09-2023 03:15,24.7,87,0
07-09-2023 03:30,24.6,87,0
07-09-2023 03:45,24.7,87,0
07-09-2023 04:00,24.6,87,0
07-09-2023 04:15,24.6,87,0
07-09-2023 04:30,24.6,86,0
07-09-2023 04:45,24.5,87,0
07-09-2023 05:00,24.5,88,0
07-09-2023 05:15,24.7,87,0
07-09-2023 05:30,24.5,87,0
07-09-2023 05:45,24.4,87,0
07-09-2023 06:00,24.3,87,0
07-09-2023 06:15,24.1,87,0
07-09-2023 06:30,24,88,0
07-09-2023 06:45,24,88,0
07-09-2023 07:00,24.3,88,0
07-09-2023 07:15,24.4,87,0
07-09-2023 07:30,24.7,85,0
07-09-2023 07:45,24.6,85,0
07-09-2023 08:00,24.7,87,0
07-09-2023 08:15,25,84,0
07-09-2023 08:30,25.2,80,0
07-09-2023 08:45,25.5,81,0
07-09-2023 09:00,26,79,0
07-09-2023 09:15,25.9,79,0
07-09-2023 09:30,25.3,85,0
07-09-2023 09:45,25.3,84,0
07-09-2023 10:00,24.9,84,0
07-09-2023 10:15,24.9,85,0
07-09-2023 10:30,25.2,85,0
07-09-2023 10:45,25.1,84,0
07-09-2023 11:00,25.5,84,0
07-09-2023 11:15,26.2,78,0
07-09-2023 11:30,25.8,79,0
07-09-2023 11:45,25.8,80,0
07-09-2023 12:00,25.2,85,0
07-09-2023 12:15,25.3,87,0
07-09-2023 12:30,25.3,86,0
07-09-2023 12:45,24.6,88,0
07-09-2023 13:00,24.4,88,0
07-09-2023 13:15,24.5,88,0
07-09-2023 13:30,24.7,88,0
07-09-2023 13:45,24.5,88,0
07-09-2023 14:00,24.2,88,0
07-09-2023 14:15,24.1,87,0
07-09-2023 14:30,23.3,89,0
07-09-2023 14:45,23.2,90,0
07-09-2023 15:00,23.2,91,0.5
07-09-2023 15:15,23.1,92,0.5
07-09-2023 15:30,23.1,92,1
07-09-2023 15:45,23.1,92,1
07-09-2023 16:00,23,92,1.5
07-09-2023 16:15,23,92,2
07-09-2023 16:30,23.2,92,2.5
07-09-2023 16:45,23.4,92,2.5
07-09-2023 17:00,23.6,92,2.5
07-09-2023 17:15,23.3,92,2.5
07-09-2023 17:30,23.1,92,2.5
07-09-2023 17:45,22.9,92,2.5
07-09-2023 18:00,22.4,92,2.5
07-09-2023 18:15,22.4,92,2.5
07-09-2023 18:30,22.1,93,2.5
07-09-2023 18:45,22.2,93,2.5
07-09-2023 19:00,22.3,93,2.5
07-09-2023 19:15,22.3,93,2.5
07-09-2023 19:30,22.4,92,2.5
07-09-2023 19:45,22.5,92,2.5
07-09-2023 20:00,22.4,93,2.5
07-09-2023 20:15,22.4,93,2.5
07-09-2023 20:30,22.5,93,2.5
07-09-2023 20:45,22.4,92,2.5
07-09-2023 21:00,22.5,91,2.5
07-09-2023 21:15,22.5,91,2.5
07-09-2023 21:30,22.6,91,2.5
07-09-2023 21:45,22.7,91,2.5
07-09-2023 22:00,22.9,91,2.5
07-09-2023 22:15,23,91,2.5
07-09-2023 22:30,23.2,91,2.5
07-09-2023 22:45,23.3,91,2.5
07-09-2023 23:00,23.5,91,2.5
07-09-2023 23:15,23.7,91,2.5
07-09-2023 23:30,23.8,91,2.5
07-09-2023 23:45,23.9,91,2.5
08-09-2023 00:00,23.7,91,2.5
08-09-2023 00:30,23.4,93,2.5
08-09-2023 00:45,23.6,93,2.5
08-09-2023 01:00,23.6,93,2.5
08-09-2023 01:15,23.6,92,3
08-09-2023 01:30,23.4,92,3.5
08-09-2023 01:45,23.2,93,4.5
08-09-2023 02:00,23.3,93,6
08-09-2023 02:15,23.3,93,6.5
08-09-2023 02:30,23.3,93,6.5
08-09-2023 02:45,23.4,93,6.5
08-09-2023 03:00,23.4,93,6.5
08-09-2023 03:15,23.5,93,7
08-09-2023 03:30,23.5,93,7
08-09-2023 03:45,23.5,93,7.5
08-09-2023 04:00,23.5,93,7.5
08-09-2023 04:15,23.5,93,7.5
08-09-2023 04:30,23.6,93,8
08-09-2023 04:45,23.5,93,8.5
08-09-2023 05:00,23.4,93,9
08-09-2023 05:15,23.1,93,9.5
08-09-2023 05:30,23.1,93,10
08-09-2023 05:45,23.2,93,10
08-09-2023 06:00,23.2,93,10.5
08-09-2023 06:15,23.3,93,10.5
08-09-2023 06:30,23.1,93,12.5
08-09-2023 06:45,22.7,93,13
08-09-2023 07:00,22.7,93,14.5
08-09-2023 07:15,22.5,93,16
08-09-2023 07:30,22.4,93,17.5
08-09-2023 07:45,22.4,93,19
08-09-2023 08:00,22.4,94,20.5
08-09-2023 08:15,22.5,94,23
08-09-2023 08:30,22.6,94,25.5
08-09-2023 08:45,22.7,94,1
08-09-2023 09:00,22.9,94,2
08-09-2023 09:15,22.9,93,3
08-09-2023 09:30,23.1,93,3.5
08-09-2023 10:15,23.5,92,5.5
08-09-2023 10:30,24.1,91,5.5
08-09-2023 10:45,24.5,90,5.5
08-09-2023 11:00,24.9,90,5.5
08-09-2023 11:15,24.9,89,5.5
08-09-2023 11:30,25,89,5.5
08-09-2023 11:45,25.3,88,5.5
08-09-2023 12:00,25.5,89,5.5
08-09-2023 12:15,25.5,88,5.5
08-09-2023 12:30,25.5,88,5.5
08-09-2023 12:45,24.9,91,5.5
08-09-2023 13:00,24.3,92,6
08-09-2023 13:15,24.2,92,7
08-09-2023 13:30,23.9,93,9
08-09-2023 13:45,23.7,93,10.5
08-09-2023 14:00,23.2,93,13
08-09-2023 14:15,23,93,14.5
08-09-2023 14:30,22.9,93,16.5
08-09-2023 14:45,22.9,94,19.5
08-09-2023 15:00,23.2,94,20
08-09-2023 15:15,23.4,94,20.5
08-09-2023 15:30,23.1,93,20.5
08-09-2023 15:45,22.7,93,22
08-09-2023 16:00,22.3,93,23.5
08-09-2023 16:15,22.6,93,23.5
08-09-2023 16:30,22.9,93,23.5
08-09-2023 16:45,23.1,93,24
08-09-2023 17:00,23.2,93,24
08-09-2023 17:15,23.2,93,24
08-09-2023 17:30,23.4,93,24
08-09-2023 17:45,23.6,92,24
08-09-2023 18:00,23.5,92,24
08-09-2023 18:15,23.6,91,24
08-09-2023 18:30,23.5,91,24
08-09-2023 18:45,23.6,91,24
08-09-2023 19:00,23.6,91,24
08-09-2023 19:15,23.6,91,24
08-09-2023 19:30,23.6,91,24
08-09-2023 19:45,23.6,91,24
08-09-2023 20:00,23.6,92,24
08-09-2023 20:15,23.5,91,24
08-09-2023 20:30,23.6,91,24
08-09-2023 20:45,23.4,91,24
08-09-2023 21:00,23.3,91,24
08-09-2023 21:15,23.3,91,24
08-09-2023 21:30,23.6,90,24
08-09-2023 21:45,23.3,91,24
08-09-2023 22:00,23.3,91,24
08-09-2023 22:15,23.3,91,24
08-09-2023 22:30,23.5,90,24
08-09-2023 22:45,23.6,90,24
08-09-2023 23:00,23.6,91,24
08-09-2023 23:15,23.7,91,24
08-09-2023 23:30,24,90,24
08-09-2023 23:45,24.2,90,24
09-09-2023 00:00,24.3,69,24
09-09-2023 00:30,24.1,69,24
09-09-2023 00:45,24.1,69,24
09-09-2023 01:00,24.3,69,24
09-09-2023 01:15,24.4,70,24
09-09-2023 01:30,24.5,72,24
09-09-2023 01:45,24.5,74,24
09-09-2023 02:00,24.4,76,24
09-09-2023 02:15,24.6,75,24
09-09-2023 02:30,24.7,74,24
09-09-2023 02:45,24.6,74,24
09-09-2023 03:00,24.3,76,24
09-09-2023 03:15,24.2,77,24
09-09-2023 03:30,24,78,24
09-09-2023 03:45,23.6,77,24
09-09-2023 04:00,23.6,78,24
09-09-2023 04:15,23.7,78,24
09-09-2023 04:30,23.7,78,24
09-09-2023 04:45,24,77,24
09-09-2023 05:00,23.9,77,24
09-09-2023 05:15,24,78,24
09-09-2023 05:30,24,75,24
09-09-2023 05:45,24.1,74,24
09-09-2023 06:00,24.1,75,24
09-09-2023 06:15,24.1,76,24
09-09-2023 06:30,24.3,78,24
09-09-2023 06:45,24.4,80,24
09-09-2023 07:00,24.4,79,24
09-09-2023 07:15,24.6,79,24
09-09-2023 07:30,24.8,80,24
09-09-2023 07:45,24.9,81,24
09-09-2023 08:00,25.1,81,24
09-09-2023 08:15,25.3,79,24
09-09-2023 08:30,25.1,79,24
09-09-2023 08:45,25.1,81,0
09-09-2023 09:00,25.3,82,0
09-09-2023 09:15,25.8,79,0
09-09-2023 09:30,25.9,80,0
09-09-2023 10:15,24.6,82,0
09-09-2023 10:30,25.1,81,0
09-09-2023 10:45,25.3,79,0
09-09-2023 11:00,25.6,79,0
09-09-2023 11:15,25.5,80,0
09-09-2023 11:30,25.6,81,0
09-09-2023 11:45,25,80,0
09-09-2023 12:00,24.2,83,0
09-09-2023 12:15,25.3,80,0
09-09-2023 12:30,25.4,80,0
09-09-2023 12:45,25.5,79,0
09-09-2023 13:00,26.1,75,0
09-09-2023 13:15,26.9,71,0
09-09-2023 13:30,27.1,63,0
09-09-2023 13:45,26.6,67,0
09-09-2023 14:00,26.4,70,0
09-09-2023 14:15,26.3,73,0
09-09-2023 14:30,27.1,73,0
09-09-2023 14:45,27.1,71,0
09-09-2023 15:00,27.5,67,0
09-09-2023 15:15,27.8,67,0
09-09-2023 15:30,27.6,72,0
09-09-2023 15:45,27.1,73,0
09-09-2023 16:00,25.6,78,0
09-09-2023 16:15,25.4,79,0
09-09-2023 16:30,25.4,80,0
09-09-2023 17:00,25.7,78,0
09-09-2023 17:15,25.4,77,0
09-09-2023 17:45,24.9,79,0
09-09-2023 18:00,24.8,79,0
09-09-2023 18:15,24.9,80,0
09-09-2023 18:30,24.9,80,0
09-09-2023 18:45,24.9,79,0
09-09-2023 19:00,25,79,0
09-09-2023 19:15,25.1,79,0
09-09-2023 19:30,24.9,79,0
09-09-2023 19:45,24.8,79,0
09-09-2023 20:00,24.8,79,0
09-09-2023 20:15,24.7,80,0
09-09-2023 20:30,24.8,80,0
09-09-2023 20:45,24.8,79,0
09-09-2023 21:00,24.8,79,0
09-09-2023 21:15,24.7,79,0
09-09-2023 21:30,24.6,79,0
09-09-2023 21:45,24.8,79,0
09-09-2023 22:00,24.7,80,0
09-09-2023 22:15,24.6,80,0
09-09-2023 22:30,24.6,80,0
09-09-2023 22:45,24.5,80,0
09-09-2023 23:00,24.5,80,0
09-09-2023 23:15,24.7,79,0
09-09-2023 23:30,24.7,79,0
09-09-2023 23:45,24.6,79,0
10-09-2023 00:30,24.7,79,0
10-09-2023 00:45,24.4,79,0
10-09-2023 01:00,24.3,79,0
10-09-2023 01:15,24.3,80,0
10-09-2023 01:30,24.3,80,0
10-09-2023 01:45,24.7,79,0
10-09-2023 02:00,24.6,79,0
10-09-2023 02:15,24.7,79,0
10-09-2023 02:30,24.7,79,0
10-09-2023 02:45,24.8,79,0
10-09-2023 03:00,24.8,79,0
10-09-2023 03:15,24.9,78,0
10-09-2023 03:30,24.8,78,0
10-09-2023 03:45,24.6,79,0
10-09-2023 04:00,24.5,79,0
10-09-2023 04:15,24.6,79,0
10-09-2023 04:30,24.4,79,0
10-09-2023 04:45,24.4,79,0
10-09-2023 05:00,24.5,79,0
10-09-2023 05:15,24.2,80,0
10-09-2023 05:30,24,80,0
10-09-2023 05:45,24,80,0
10-09-2023 06:00,24.3,80,0
10-09-2023 06:15,24.1,80,0
10-09-2023 06:30,24.2,81,0
10-09-2023 06:45,24.4,80,0
10-09-2023 07:00,24.5,80,0
10-09-2023 07:15,24.7,80,0
10-09-2023 07:30,24.8,79,0
10-09-2023 07:45,25.1,78,0
10-09-2023 08:00,25.4,68,0
10-09-2023 08:15,25.4,79,0
10-09-2023 08:30,25.5,80,0
10-09-2023 08:45,25.6,79,0
10-09-2023 09:00,25.6,76,0
10-09-2023 09:15,25.8,82,0
10-09-2023 09:30,25.8,86,0
10-09-2023 09:45,26.6,80,0
10-09-2023 10:00,27.1,40,0
10-09-2023 10:15,27.2,79,0
10-09-2023 10:30,27.3,76,0
10-09-2023 10:45,27.6,75,0
10-09-2023 11:00,27.9,76,0
10-09-2023 11:15,28.2,75,0
10-09-2023 11:30,28.1,76,0
10-09-2023 11:45,27.7,76,0
10-09-2023 12:00,28.2,74,0
10-09-2023 12:15,28.4,73,0
10-09-2023 12:30,28.4,74,0
10-09-2023 12:45,29,74,0
10-09-2023 13:00,29,74,0
10-09-2023 13:15,29.1,72,0
10-09-2023 13:30,29.2,72,0
10-09-2023 13:45,29.4,72,0
10-09-2023 14:00,29.4,71,0
10-09-2023 14:15,29.3,72,0
10-09-2023 14:30,29.2,72,0
10-09-2023 14:45,28.8,73,0
10-09-2023 15:00,29,71,0
10-09-2023 15:30,29.8,70,0
10-09-2023 15:45,29.1,72,0
10-09-2023 16:00,28.9,73,0
10-09-2023 16:15,28.6,73,0
10-09-2023 16:30,28.6,74,0
10-09-2023 16:45,28,75,0
10-09-2023 17:00,27.7,75,0
10-09-2023 17:15,27.5,74,0
10-09-2023 17:30,27.5,74,0
10-09-2023 17:45,27,75,0
10-09-2023 18:00,26.6,79,0
10-09-2023 18:15,26.3,82,0
10-09-2023 18:30,25.9,83,0
10-09-2023 18:45,25.6,85,0
10-09-2023 19:00,25.4,84,0
10-09-2023 19:15,25.3,85,0
10-09-2023 19:30,25,86,0
10-09-2023 19:45,24.9,87,0
10-09-2023 20:00,24.9,87,0
10-09-2023 20:15,24.6,87,0
10-09-2023 20:30,24.8,87,0
10-09-2023 20:45,24.7,88,0
10-09-2023 21:00,24.4,88,0
10-09-2023 21:15,24.1,89,0
10-09-2023 21:30,23.9,90,0
10-09-2023 21:45,23.8,90,0
10-09-2023 22:00,23.8,90,0
10-09-2023 22:15,23.7,90,0
10-09-2023 22:30,23.7,90,0
10-09-2023 22:45,23.6,90,0
10-09-2023 23:00,23.5,90,0
10-09-2023 23:15,23.8,90,0
10-09-2023 23:30,24,90,0
10-09-2023 23:45,23.8,90,0
11-09-2023 00:00,23.6,91,0
11-09-2023 00:30,23.8,91,0
11-09-2023 00:45,24.1,90,0
11-09-2023 01:00,24.2,90,0
11-09-2023 01:15,24.1,90,0
11-09-2023 01:30,24,90,0
11-09-2023 01:45,23.8,90,0
11-09-2023 02:00,23.6,91,0
11-09-2023 02:15,23.4,91,0
11-09-2023 02:30,23.2,91,0
11-09-2023 02:45,23.2,91,0
11-09-2023 03:00,23,92,0
11-09-2023 03:15,22.9,92,0
11-09-2023 03:30,22.8,92,0
11-09-2023 03:45,23.1,92,0
11-09-2023 04:00,23.5,91,0
11-09-2023 04:15,24,90,0
11-09-2023 04:30,24.1,90,0
11-09-2023 04:45,24.1,90,0
11-09-2023 05:00,24.1,90,0
11-09-2023 05:15,23.8,90,0
11-09-2023 05:30,23.9,90,0
11-09-2023 05:45,23.9,89,0
11-09-2023 06:00,24.1,89,0
11-09-2023 06:15,24.2,89,0
11-09-2023 06:30,23.9,90,0
11-09-2023 06:45,24.1,90,0
11-09-2023 07:00,24.2,90,0
11-09-2023 07:15,24.5,89,0
11-09-2023 07:30,24.9,89,0
11-09-2023 07:45,25.2,88,0
11-09-2023 08:00,25.6,87,0
11-09-2023 08:15,25.9,87,0
11-09-2023 08:30,26.3,85,0
11-09-2023 08:45,26.9,82,0
11-09-2023 09:00,27.1,80,0
11-09-2023 09:15,27.4,78,0
11-09-2023 09:30,27.7,77,0
11-09-2023 10:00,28.1,76,0
11-09-2023 10:15,28.3,75,0
11-09-2023 10:30,28.2,75,0
11-09-2023 10:45,28.6,74,0
11-09-2023 11:00,28.3,73,0
11-09-2023 11:15,28.6,73,0
11-09-2023 11:30,29.5,71,0
11-09-2023 11:45,29.5,71,0
11-09-2023 12:00,29.3,69,0
11-09-2023 12:15,29.6,69,0
11-09-2023 12:30,30.1,71,0
11-09-2023 12:45,30.3,68,0
11-09-2023 13:00,30.8,69,0
11-09-2023 13:15,30.7,67,0
11-09-2023 13:30,30.8,69,0
11-09-2023 13:45,30.7,68,0
11-09-2023 14:00,30.1,71,0
11-09-2023 14:15,30.6,67,0
11-09-2023 14:30,30.7,69,0
11-09-2023 14:45,30.9,67,0
11-09-2023 15:00,30.3,68,0
11-09-2023 15:15,30.6,67,0
11-09-2023 15:30,30.5,68,0
11-09-2023 15:45,30.7,68,0
11-09-2023 16:00,29.7,66,0
11-09-2023 16:15,28.8,70,0
11-09-2023 16:30,28.3,72,0
11-09-2023 17:15,27.8,74,0
11-09-2023 17:30,27.8,74,0
11-09-2023 17:45,28,75,0
11-09-2023 18:00,27.6,77,0
11-09-2023 18:15,27,80,0
11-09-2023 18:30,26.6,79,0
11-09-2023 18:45,26,82,0
11-09-2023 19:00,25.7,85,0
11-09-2023 19:15,25.5,85,0
11-09-2023 19:30,25.4,87,0
11-09-2023 19:45,25.2,87,0
11-09-2023 20:00,25,87,0
11-09-2023 20:15,25,87,0
11-09-2023 20:30,24.9,87,0
11-09-2023 20:45,24.7,87,0
11-09-2023 21:00,24.4,88,0
11-09-2023 21:15,24.2,88,0
11-09-2023 21:30,24.2,89,0
11-09-2023 21:45,24.3,88,0
11-09-2023 22:00,24.6,87,0
11-09-2023 22:15,24.5,88,0
11-09-2023 22:30,24.3,88,0
11-09-2023 22:45,24.1,88,0
11-09-2023 23:00,24.1,88,0
11-09-2023 23:15,23.8,88,0
11-09-2023 23:30,23.8,88,0
11-09-2023 23:45,23.7,88,0
12-09-2023 00:00,23.7,88,0
12-09-2023 00:30,23.6,88,0
12-09-2023 00:45,23.7,88,0
12-09-2023 01:00,23.7,88,0
12-09-2023 01:15,23.6,88,0
12-09-2023 01:30,23.5,88,0
12-09-2023 01:45,23.2,89,0
12-09-2023 02:00,23.4,88,0
12-09-2023 02:15,23.6,88,0
12-09-2023 02:30,23.5,88,0
12-09-2023 02:45,23.6,88,0
12-09-2023 03:00,23.5,88,0
12-09-2023 03:15,23.4,89,0
12-09-2023 03:30,23,90,0
12-09-2023 03:45,22.9,90,0
12-09-2023 04:00,23,89,0
12-09-2023 04:15,22.7,90,0
12-09-2023 04:30,22.9,90,0
12-09-2023 04:45,22.8,90,0
12-09-2023 05:00,22.9,89,0
12-09-2023 05:15,22.9,89,0
12-09-2023 05:30,22.8,89,0
12-09-2023 05:45,22.6,90,0
12-09-2023 06:00,22.5,90,0
12-09-2023 06:15,22.5,90,0
12-09-2023 06:30,22.6,90,0
12-09-2023 06:45,22.9,91,0
12-09-2023 07:00,23.3,90,0
12-09-2023 07:15,23.6,89,0
12-09-2023 07:30,24.3,88,0
12-09-2023 07:45,24.8,87,0
12-09-2023 08:00,25.1,85,0
12-09-2023 08:15,25.3,82,0
12-09-2023 08:30,25.6,80,0
12-09-2023 08:45,26.2,79,0
12-09-2023 09:00,26.4,78,0
12-09-2023 09:15,26.7,77,0
12-09-2023 09:30,26.3,78,0
12-09-2023 09:45,27,77,0
12-09-2023 10:00,27.3,75,0
12-09-2023 10:15,26.8,81,0
12-09-2023 10:30,27.3,73,0
12-09-2023 10:45,28,71,0
12-09-2023 11:00,28.4,68,0
12-09-2023 11:15,28.6,68,0
12-09-2023 11:30,28.8,67,0
12-09-2023 11:45,29.1,68,0
12-09-2023 12:00,28.9,67,0
12-09-2023 12:15,29.2,66,0
12-09-2023 12:30,29.2,68,0
12-09-2023 13:15,27.9,72,0
12-09-2023 13:45,28.3,70,0
12-09-2023 14:00,29.3,69,0
12-09-2023 14:15,29.9,68,0
12-09-2023 14:30,30.1,65,0
12-09-2023 14:45,29.2,66,0
12-09-2023 15:00,29.2,68,0
12-09-2023 15:15,29.3,66,0
12-09-2023 15:30,29.2,67,0
12-09-2023 15:45,28.8,67,0
12-09-2023 16:00,28.9,68,0
12-09-2023 16:15,28.4,69,0
12-09-2023 16:30,28.2,70,0
12-09-2023 16:45,27.9,73,0
12-09-2023 17:00,27.7,71,0
12-09-2023 17:15,27.3,71,0
12-09-2023 17:30,26.6,73,0
12-09-2023 17:45,27.1,72,0
12-09-2023 18:00,26.9,72,0
12-09-2023 18:15,26.2,75,0
12-09-2023 18:30,25.8,78,0
12-09-2023 18:45,25.6,80,0
12-09-2023 19:00,25.1,84,0
12-09-2023 19:15,24.9,86,0
12-09-2023 19:30,24.8,86,0
12-09-2023 19:45,24.3,87,0
12-09-2023 20:00,23.9,88,0
12-09-2023 20:15,23.8,89,0
12-09-2023 20:30,23.7,89,0
12-09-2023 20:45,23.5,89,0
12-09-2023 21:00,23.4,90,0
12-09-2023 21:15,23.4,90,0
12-09-2023 21:30,23.3,90,0
12-09-2023 21:45,23.1,90,0
12-09-2023 22:00,22.9,90,0
12-09-2023 22:15,22.8,91,0
12-09-2023 22:30,23.2,90,0
12-09-2023 22:45,23.4,89,0
12-09-2023 23:00,23,89,0
12-09-2023 23:15,22.9,90,0
12-09-2023 23:30,22.9,90,0
12-09-2023 23:45,22.8,90,0
13-09-2023 00:00,22.7,90,0
13-09-2023 00:15,22.8,91,0
13-09-2023 00:30,23.2,90,0
13-09-2023 00:45,23.4,90,0
13-09-2023 01:00,23.4,90,0
13-09-2023 01:15,23.5,89,0
13-09-2023 01:30,23.4,89,0
13-09-2023 01:45,23.4,88,0
13-09-2023 02:00,23.5,88,0
13-09-2023 02:15,23.2,89,0
13-09-2023 02:30,23.2,89,0
13-09-2023 02:45,23.3,89,0
13-09-2023 03:00,23.2,89,0
13-09-2023 03:15,23,90,0
13-09-2023 03:30,23.1,90,0
13-09-2023 03:45,22.9,90,0
13-09-2023 04:15,22.9,90,0
13-09-2023 04:30,22.7,91,0
13-09-2023 04:45,23,90,0
13-09-2023 05:00,23,90,0
13-09-2023 05:15,23.2,89,0
13-09-2023 05:30,23,90,0
13-09-2023 05:45,22.9,90,0
13-09-2023 06:00,22.9,90,0
13-09-2023 06:15,22.5,90,0
13-09-2023 06:30,22.6,91,0
13-09-2023 06:45,22.6,90,0
13-09-2023 07:00,23,90,0
13-09-2023 07:15,23.6,89,0
13-09-2023 07:30,24.2,88,0
13-09-2023 07:45,24.6,87,0
13-09-2023 08:00,25.2,85,0
13-09-2023 08:15,25.8,84,0
13-09-2023 08:30,26.1,80,0
13-09-2023 08:45,26.1,81,0
13-09-2023 09:00,26.7,80,0
13-09-2023 09:15,26.5,76,0
13-09-2023 09:30,27.1,76,0
13-09-2023 09:45,26.9,75,0
13-09-2023 10:00,27.3,73,0
13-09-2023 10:15,27.1,75,0
13-09-2023 10:30,28.1,72,0
13-09-2023 10:45,28.6,71,0
13-09-2023 11:00,28.6,69,0
13-09-2023 11:15,28.6,68,0
13-09-2023 11:45,29.2,68,0
13-09-2023 12:00,29.3,69,0
13-09-2023 12:15,29.3,68,0
13-09-2023 12:30,29.7,69,0
13-09-2023 12:45,29.3,70,0
13-09-2023 13:00,29.5,67,0
13-09-2023 13:15,29.6,68,0
13-09-2023 13:30,30.4,67,0
13-09-2023 13:45,29.7,67,0
13-09-2023 14:00,30.1,68,0
13-09-2023 14:15,29.6,66,0
13-09-2023 14:30,30.3,64,0
13-09-2023 14:45,30.1,62,0
13-09-2023 15:00,30.2,64,0
13-09-2023 15:15,30.6,65,0
13-09-2023 15:30,29.4,68,0
13-09-2023 15:45,29.6,69,0
13-09-2023 16:00,29.7,68,0
13-09-2023 16:15,29.5,66,0
13-09-2023 16:30,29.8,65,0
13-09-2023 16:45,28.5,69,0
13-09-2023 17:00,28.2,72,0
13-09-2023 17:15,28.8,68,0
13-09-2023 17:30,28.1,70,0
13-09-2023 17:45,27.7,71,0
13-09-2023 18:00,27.3,73,0
13-09-2023 18:15,26.6,77,0
13-09-2023 18:30,26,82,0
13-09-2023 18:45,25.6,84,0
13-09-2023 19:00,25.2,86,0
13-09-2023 19:15,25.2,87,0
13-09-2023 19:30,24.9,88,0
13-09-2023 19:45,24.7,88,0
13-09-2023 20:00,24.5,89,0
13-09-2023 20:15,24.4,89,0
13-09-2023 20:30,24.4,89,0
13-09-2023 20:45,24.4,89,0
13-09-2023 21:00,24.2,89,0
13-09-2023 21:15,24.3,89,0
13-09-2023 21:30,24,89,0
13-09-2023 21:45,23.6,90,0
13-09-2023 22:00,23.5,90,0
13-09-2023 22:15,23.4,91,0
13-09-2023 22:30,23.4,91,0
13-09-2023 22:45,23.4,91,0
13-09-2023 23:00,23.4,91,0
13-09-2023 23:15,23.2,91,0
13-09-2023 23:30,23.1,91,0
13-09-2023 23:45,23.2,91,0
14-09-2023 00:00,23.1,91,0
14-09-2023 00:30,22.9,91,0
14-09-2023 00:45,22.8,91,0
14-09-2023 01:00,22.8,91,0
14-09-2023 01:15,23,91,0
14-09-2023 01:30,23.1,91,0
14-09-2023 01:45,22.9,91,0
14-09-2023 02:00,22.8,91,0
14-09-2023 02:15,22.8,91,0
14-09-2023 02:30,22.8,91,0
14-09-2023 02:45,22.6,91,0
14-09-2023 03:00,22,91,0
14-09-2023 03:15,22,92,0
14-09-2023 03:30,22.3,92,0
14-09-2023 03:45,22.3,92,0
14-09-2023 04:00,22.1,92,0
14-09-2023 04:15,22.1,92,0
14-09-2023 04:45,22.1,92,0
14-09-2023 05:00,22.3,92,0
14-09-2023 05:15,22.4,92,0
14-09-2023 05:30,22.4,91,0
14-09-2023 05:45,22,92,0
14-09-2023 06:00,21.8,92,0
14-09-2023 06:15,21.3,92,0
14-09-2023 06:30,21.5,93,0
14-09-2023 06:45,21.5,93,0
14-09-2023 07:00,21.8,93,0
14-09-2023 07:15,22.6,93,0
14-09-2023 07:30,23.6,91,0
14-09-2023 07:45,24.4,90,0
14-09-2023 08:00,25.1,89,0
14-09-2023 08:15,25.4,87,0
14-09-2023 08:30,25.8,87,0
14-09-2023 08:45,26.5,85,0
14-09-2023 09:00,26.8,80,0
14-09-2023 09:15,26.7,77,0
14-09-2023 09:30,27,75,0
14-09-2023 09:45,28.1,71,0
14-09-2023 10:15,28.5,69,0
14-09-2023 10:30,27.7,72,0
14-09-2023 10:45,28.8,73,0
14-09-2023 11:00,28.9,69,0
14-09-2023 11:15,29.2,69,0
14-09-2023 11:30,29.1,69,0
14-09-2023 11:45,29.1,69,0
14-09-2023 12:00,28.8,69,0
14-09-2023 12:15,29.6,70,0
14-09-2023 12:30,29.3,67,0
14-09-2023 12:45,30,67,0
14-09-2023 13:00,30.1,65,0
14-09-2023 13:30,30.4,66,0
14-09-2023 13:45,30.6,64,0
14-09-2023 14:00,30.4,64,0
14-09-2023 14:15,29.8,68,0
14-09-2023 14:30,29.2,68,0
14-09-2023 14:45,29.9,66,0
14-09-2023 15:00,30.2,62,0
14-09-2023 15:15,29.6,66,0
14-09-2023 15:30,29.8,66,0
14-09-2023 15:45,29.5,67,0
14-09-2023 16:00,28.9,67,0
14-09-2023 16:15,29.8,65,0
14-09-2023 16:30,29.4,66,0
14-09-2023 17:15,27.5,72,0
14-09-2023 17:30,26.6,76,0
14-09-2023 17:45,26.2,79,0
14-09-2023 18:00,25.8,80,0
14-09-2023 18:15,25.6,82,0
14-09-2023 18:30,25.1,85,0
14-09-2023 18:45,25.1,83,0
14-09-2023 19:00,25,83,0
14-09-2023 19:15,24.9,83,0
14-09-2023 19:30,24.5,86,0
14-09-2023 19:45,24.2,87,0
14-09-2023 20:00,24.2,87,0
14-09-2023 20:30,24,87,0
14-09-2023 20:45,24.2,86,0
14-09-2023 21:00,24.1,86,0
14-09-2023 21:15,24.2,86,0
14-09-2023 21:30,23.6,88,0
14-09-2023 21:45,23.2,88,0
14-09-2023 22:00,23.1,89,0
14-09-2023 22:15,22.9,89,0
14-09-2023 22:30,22.7,89,0
14-09-2023 22:45,22.7,89,0
14-09-2023 23:00,22.7,89,0
14-09-2023 23:15,22.5,89,0
14-09-2023 23:30,22.5,42,0
15-09-2023 00:00,22.5,70,0
15-09-2023 00:30,22.3,64,0
15-09-2023 00:45,22.1,82,0
15-09-2023 01:00,22,87,0
15-09-2023 01:15,21.9,73,0
15-09-2023 01:30,21.9,84,0
15-09-2023 01:45,21.7,88,0
15-09-2023 02:00,21.7,88,0
15-09-2023 02:15,21.7,83,0
15-09-2023 02:30,21.6,84,0
15-09-2023 02:45,21.5,84,0
15-09-2023 03:00,21.6,84,0
15-09-2023 03:15,21.7,84,0
15-09-2023 03:30,21.7,85,0
15-09-2023 03:45,21.6,84,0
15-09-2023 04:00,21.6,84,0
15-09-2023 04:15,21.7,85,0
15-09-2023 04:45,21.8,84,0
15-09-2023 05:00,21.3,79,0
15-09-2023 05:15,21.1,81,0
15-09-2023 05:30,21.1,81,0
15-09-2023 05:45,21.2,81,0
15-09-2023 06:00,21.1,85,0
15-09-2023 06:15,21.1,82,0
15-09-2023 06:30,21.1,83,0
15-09-2023 06:45,21.1,66,0
15-09-2023 07:00,21.4,88,0
15-09-2023 07:15,21.9,87,0
15-09-2023 07:30,22.8,86,0
15-09-2023 07:45,23.7,83,0
15-09-2023 08:00,24.4,77,0
15-09-2023 08:15,25.2,73,0
15-09-2023 08:30,25.6,69,0
15-09-2023 08:45,26.3,60,0
15-09-2023 09:00,27,59,0
15-09-2023 09:15,27.1,57,0
15-09-2023 09:30,27.1,56,0
15-09-2023 09:45,27.5,55,0
15-09-2023 10:00,27.4,57,0
15-09-2023 10:15,27.7,56,0
15-09-2023 10:30,28,57,0
15-09-2023 10:45,28.2,56,0
15-09-2023 11:00,28,56,0
15-09-2023 11:15,28.4,56,0
15-09-2023 11:30,27.4,57,0
15-09-2023 11:45,28.3,54,0
15-09-2023 12:00,28.1,56,0
15-09-2023 12:15,28.2,55,0
15-09-2023 12:30,28.6,55,0
15-09-2023 12:45,29.1,53,0
15-09-2023 13:00,28.4,52,0
15-09-2023 13:15,28.3,54,0
15-09-2023 13:30,28.2,55,0
15-09-2023 13:45,27.9,57,0
15-09-2023 14:00,26.7,58,0
15-09-2023 14:15,26.2,60,0
15-09-2023 14:30,26.5,55,0
15-09-2023 14:45,26.4,55,0
15-09-2023 15:00,26.1,58,0
15-09-2023 15:15,26.4,58,0
15-09-2023 15:30,26.5,58,0
15-09-2023 15:45,26.8,57,0
15-09-2023 16:00,27.2,56,0
15-09-2023 16:15,27,58,0
15-09-2023 16:30,27,58,0
15-09-2023 16:45,27.1,58,0
15-09-2023 17:00,26.8,58,0
15-09-2023 17:15,26.6,59,0
15-09-2023 17:30,26.5,61,0
15-09-2023 17:45,26.3,61,0
15-09-2023 18:00,26.2,61,0
15-09-2023 18:15,26,59,0
15-09-2023 18:30,25.8,58,0
15-09-2023 18:45,25.4,51,0
15-09-2023 19:00,25.2,53,0
15-09-2023 19:15,25,57,0
15-09-2023 19:30,24.9,82,0
15-09-2023 19:45,24.7,81,0
15-09-2023 20:00,24.6,65,0
15-09-2023 20:15,24.7,67,0
15-09-2023 20:30,24.7,66,0
15-09-2023 20:45,24.6,67,0
15-09-2023 21:00,24.6,66,0
15-09-2023 21:15,24.5,66,0
15-09-2023 21:30,24.4,66,0
15-09-2023 21:45,24.4,66,0
15-09-2023 22:00,24.6,65,0
15-09-2023 22:15,24.6,65,0
15-09-2023 22:30,24.6,65,0
15-09-2023 22:45,24.5,65,0
15-09-2023 23:00,24.4,65,0
15-09-2023 23:15,24.2,65,0
15-09-2023 23:30,24.1,65,0
15-09-2023 23:45,23.8,66,0
16-09-2023 00:00,23.7,66,0
16-09-2023 00:15,23.7,67,0
16-09-2023 00:30,23.6,67,0
16-09-2023 00:45,23.5,66,0
16-09-2023 01:00,23.4,67,0
16-09-2023 01:15,23.4,67,0
16-09-2023 01:30,23.6,67,0
16-09-2023 01:45,23.7,67,0
16-09-2023 02:00,23.7,66,0
16-09-2023 02:15,23.7,66,0
16-09-2023 02:30,23.7,67,0
16-09-2023 02:45,23.8,66,0
16-09-2023 03:00,23.8,66,0
16-09-2023 03:15,23.7,66,0
16-09-2023 03:30,23.8,66,0
16-09-2023 03:45,23.6,67,0
16-09-2023 04:00,23.6,67,0
16-09-2023 04:15,23.6,68,0
16-09-2023 04:30,23.8,67,0
16-09-2023 04:45,23.7,68,0
16-09-2023 05:00,23.5,68,0
16-09-2023 05:15,23.4,68,0
16-09-2023 05:30,23.4,68,0
16-09-2023 05:45,23.5,68,0
16-09-2023 06:00,23.8,68,0
16-09-2023 06:15,23.6,68,0
16-09-2023 06:30,23.5,68,0
16-09-2023 06:45,23.5,68,0
16-09-2023 07:00,23.7,68,0
16-09-2023 07:15,23.8,68,0
16-09-2023 07:30,23.3,69,0
16-09-2023 07:45,23.2,69,0
16-09-2023 08:00,23.8,69,0
16-09-2023 08:15,24.2,68,0
16-09-2023 08:30,24.7,67,0
16-09-2023 08:45,25.2,66,0
16-09-2023 09:00,25.8,65,0
16-09-2023 09:15,26.1,65,0
16-09-2023 09:30,26.2,65,0
16-09-2023 09:45,25.9,64,0
16-09-2023 10:00,25.7,65,0
16-09-2023 10:15,25.1,67,0
16-09-2023 10:30,24.1,69,0
16-09-2023 11:15,26.2,66,0
16-09-2023 11:30,26.5,66,0
16-09-2023 11:45,26.3,64,0
16-09-2023 12:00,26.2,61,0
16-09-2023 12:15,26.5,60,0
16-09-2023 12:30,26.4,60,0
16-09-2023 12:45,26.6,61,0
16-09-2023 13:00,26.5,62,0
16-09-2023 13:15,26.6,62,0
16-09-2023 13:30,26.8,63,0
16-09-2023 13:45,26.8,61,0
16-09-2023 14:00,27,60,0
16-09-2023 14:15,27.2,57,0
16-09-2023 14:30,27.3,57,0
16-09-2023 14:45,27.7,56,0
16-09-2023 15:00,27.5,56,0
16-09-2023 15:15,25.3,66,0
16-09-2023 15:30,26.2,66,0
16-09-2023 15:45,26.3,65,0
16-09-2023 16:00,26.5,62,0
16-09-2023 16:15,26.3,60,0
16-09-2023 16:30,26.1,58,0
16-09-2023 16:45,26.1,58,0
16-09-2023 17:00,25.9,58,0
16-09-2023 17:15,25.9,60,0
16-09-2023 17:30,25.8,60,0
16-09-2023 17:45,25.7,62,0
16-09-2023 18:00,25.5,63,0
16-09-2023 18:15,25.4,63,0
16-09-2023 18:30,25.1,64,0
16-09-2023 18:45,25,65,0
16-09-2023 19:00,25,66,0
16-09-2023 19:15,25,66,0
16-09-2023 19:30,24.5,67,0
16-09-2023 20:00,24.5,67,0
16-09-2023 20:15,24.6,67,0
16-09-2023 20:45,24.4,67,0
16-09-2023 21:00,24.2,68,0
16-09-2023 21:15,24.1,67,0
16-09-2023 21:30,24.2,68,0
16-09-2023 21:45,24.3,67,0
16-09-2023 22:00,24.4,67,0
16-09-2023 22:15,24.4,68,0
16-09-2023 22:30,24.1,69,0
16-09-2023 22:45,23.8,69,0.5
16-09-2023 23:00,24,69,0.5
16-09-2023 23:15,24.1,69,0.5
16-09-2023 23:30,24.2,68,0.5
16-09-2023 23:45,24.2,68,0.5
17-09-2023 00:00,24.2,68,0.5
17-09-2023 00:15,24.2,69,0.5
17-09-2023 00:30,23.9,69,0.5
17-09-2023 00:45,23.1,70,1
17-09-2023 01:00,22.8,71,1.5
17-09-2023 01:15,22.7,71,2
17-09-2023 01:30,22.8,71,2
17-09-2023 01:45,22.9,71,2
17-09-2023 02:00,23,71,2
17-09-2023 02:15,23.1,70,2
17-09-2023 02:30,23.3,70,2
17-09-2023 02:45,23,70,2
17-09-2023 03:00,22.9,70,2
17-09-2023 03:15,22.3,70,2
17-09-2023 03:30,22.2,70,2
17-09-2023 03:45,22.2,70,2
17-09-2023 04:00,22.4,70,2
17-09-2023 04:15,22.5,70,2
17-09-2023 04:30,22.5,70,2
17-09-2023 04:45,22.4,70,2
17-09-2023 05:00,22.8,71,2
17-09-2023 05:15,22.7,70,2
17-09-2023 05:30,22.8,71,2
17-09-2023 05:45,23.1,70,2
17-09-2023 06:00,23.3,69,2
17-09-2023 06:15,23.4,70,2
17-09-2023 06:30,23,70,2
17-09-2023 06:45,22.7,71,2
17-09-2023 07:00,22.4,71,3
17-09-2023 07:15,22.3,72,4
17-09-2023 07:30,22.4,72,5.5
17-09-2023 07:45,22.5,71,6
17-09-2023 08:00,22.7,72,6
17-09-2023 08:15,22.8,72,6
17-09-2023 08:30,23.1,71,6
17-09-2023 08:45,23.5,71,0
17-09-2023 09:00,24.1,70,0
17-09-2023 09:15,24.7,69,0
17-09-2023 09:30,25.2,69,0
17-09-2023 09:45,25.5,67,0
17-09-2023 10:00,25.5,67,0
17-09-2023 10:15,26.1,67,0
17-09-2023 10:30,26.4,64,0
17-09-2023 11:00,27,64,0
17-09-2023 11:15,26.9,66,0
17-09-2023 11:45,27.8,58,0
17-09-2023 12:00,27.8,58,0
17-09-2023 12:15,27.5,58,0
17-09-2023 12:30,27,59,0
17-09-2023 12:45,27.1,58,0
17-09-2023 13:00,27.4,59,0
17-09-2023 13:15,26.6,62,0
17-09-2023 13:30,25.3,68,0
17-09-2023 13:45,27.2,62,0
17-09-2023 14:00,27.6,58,0
17-09-2023 14:15,26.1,65,0
17-09-2023 14:30,27.9,57,0
17-09-2023 14:45,28.2,57,0
17-09-2023 15:00,27.8,57,0
17-09-2023 15:15,28.4,55,0
17-09-2023 15:30,27.4,57,0
17-09-2023 15:45,27.5,59,0
17-09-2023 16:00,27.6,58,0
17-09-2023 16:15,28,58,0
17-09-2023 16:30,27.3,59,0
17-09-2023 16:45,27.5,58,0
17-09-2023 17:00,27.1,59,0
17-09-2023 17:15,26.5,60,0
17-09-2023 17:30,24.6,68,0.5
17-09-2023 17:45,24.4,69,0.5
17-09-2023 18:00,24.5,68,0.5
17-09-2023 18:15,24.4,68,0.5
17-09-2023 18:45,24.2,68,0.5
17-09-2023 19:00,24.2,69,0.5
17-09-2023 19:15,24.1,68,0.5
17-09-2023 19:30,24.1,68,0.5
17-09-2023 19:45,24,68,0.5
17-09-2023 20:00,23.8,68,0.5
17-09-2023 20:15,23.4,69,0.5
17-09-2023 20:30,23.4,69,0.5
17-09-2023 20:45,23.5,69,0.5
17-09-2023 21:00,23.4,69,0.5
17-09-2023 21:15,23.2,69,0.5
17-09-2023 21:30,22.9,69,0.5
17-09-2023 21:45,23,70,0.5
17-09-2023 22:00,22.7,70,0.5
17-09-2023 22:15,22.3,70,0.5
17-09-2023 22:30,22.3,70,0.5
17-09-2023 22:45,22.3,71,0.5
17-09-2023 23:00,22.2,71,0.5
17-09-2023 23:15,22.2,71,0.5
17-09-2023 23:30,22.1,71,0.5
17-09-2023 23:45,22.6,71,0.5
18-09-2023 00:00,22.9,70,0.5
18-09-2023 00:30,23.1,70,0.5
18-09-2023 00:45,23.1,70,0.5
18-09-2023 01:00,23.1,70,0.5
18-09-2023 01:15,23,71,0.5
18-09-2023 01:30,23.1,71,0.5
18-09-2023 01:45,23.4,70,0.5
18-09-2023 02:00,23.4,70,0.5
18-09-2023 02:15,23.2,70,0.5
18-09-2023 02:30,23.2,70,0.5
18-09-2023 02:45,23.2,70,0.5
18-09-2023 03:00,23.1,70,0.5
18-09-2023 03:15,23.3,70,0.5
18-09-2023 03:30,23.3,70,0.5
18-09-2023 03:45,23.3,70,0.5
18-09-2023 04:00,23.1,70,0.5
18-09-2023 04:15,23,70,0.5
18-09-2023 04:30,22.8,70,0.5
18-09-2023 04:45,22.8,70,0.5
18-09-2023 05:00,22.7,71,0.5
18-09-2023 05:15,22.7,71,1
18-09-2023 05:30,22.7,71,1
18-09-2023 05:45,22.7,71,1
18-09-2023 06:00,22.5,72,1
18-09-2023 06:15,22.7,72,1
18-09-2023 06:30,22.7,72,1
18-09-2023 06:45,22.6,72,1
18-09-2023 07:00,22.7,72,1
18-09-2023 07:15,23.2,71,1
18-09-2023 07:30,23.7,71,1
18-09-2023 07:45,24.4,71,1
18-09-2023 08:00,24.8,70,1
18-09-2023 08:15,25.3,69,1
18-09-2023 08:30,26.1,67,1
18-09-2023 08:45,26,67,0
18-09-2023 09:00,25.8,67,0
18-09-2023 09:15,26.2,66,0
18-09-2023 09:30,27,62,0
18-09-2023 09:45,27.6,61,0
18-09-2023 10:00,26.9,61,0
18-09-2023 10:15,27.6,57,0
18-09-2023 10:30,27.9,57,0
18-09-2023 10:45,28.4,55,0
18-09-2023 11:00,29.2,54,0
18-09-2023 11:15,28.8,55,0
18-09-2023 11:30,28.2,54,0
18-09-2023 11:45,28.7,55,0
18-09-2023 12:00,29.4,53,0
18-09-2023 12:15,28.3,54,0
18-09-2023 12:30,25.5,67,0.5
18-09-2023 12:45,26.3,69,0.5
18-09-2023 13:00,28,63,0.5
18-09-2023 13:15,27.9,60,0.5
18-09-2023 13:30,28.8,55,0.5
18-09-2023 13:45,28.4,55,0.5
18-09-2023 14:00,28.3,56,0.5
18-09-2023 14:15,28.5,55,0.5
18-09-2023 14:30,27.5,57,0.5
18-09-2023 14:45,23.5,70,7
18-09-2023 15:00,23.9,70,10
18-09-2023 15:15,24.8,70,10
18-09-2023 15:30,26.4,68,10
18-09-2023 15:45,27.4,62,10
18-09-2023 16:00,27,62,10
18-09-2023 16:15,26.9,63,10
18-09-2023 16:30,26.7,61,10
18-09-2023 16:45,25.8,67,10.5
18-09-2023 17:00,27,64,10.5
18-09-2023 17:15,26.1,66,10.5
18-09-2023 17:30,25.8,67,10.5
18-09-2023 17:45,25.9,66,10.5
18-09-2023 18:00,25.6,66,10.5
18-09-2023 18:15,25.2,67,10.5
18-09-2023 18:30,25.1,67,10.5
18-09-2023 18:45,25,68,10.5
18-09-2023 19:00,24.7,68,10.5
18-09-2023 19:15,24.4,68,10.5
18-09-2023 19:30,24.1,69,10.5
18-09-2023 19:45,24,69,10.5
18-09-2023 20:00,23.9,69,10.5
18-09-2023 20:15,24,69,10.5
18-09-2023 20:30,24,69,10.5
18-09-2023 20:45,24.1,69,10.5
18-09-2023 21:00,23.8,69,10.5
18-09-2023 21:15,23.6,69,10.5
18-09-2023 21:30,23.5,69,10.5
18-09-2023 21:45,23.4,69,10.5
18-09-2023 22:00,23.4,70,10.5
18-09-2023 22:15,23.4,70,10.5
18-09-2023 22:30,23.3,70,10.5
18-09-2023 22:45,23.3,69,10.5
18-09-2023 23:00,23.2,70,10.5
18-09-2023 23:15,23.1,70,10.5
18-09-2023 23:30,23.2,70,10.5
18-09-2023 23:45,23.3,70,10.5
19-09-2023 00:00,23.5,70,10.5
19-09-2023 00:15,23.5,70,10.5
19-09-2023 00:30,23.4,70,10.5
19-09-2023 00:45,23.4,70,10.5
19-09-2023 01:00,23.4,70,10.5
19-09-2023 01:15,23.2,70,10.5
19-09-2023 01:30,23.2,70,10.5
19-09-2023 01:45,23,71,10.5
19-09-2023 02:00,23,71,10.5
19-09-2023 02:15,23,71,10.5
19-09-2023 02:30,23,71,10.5
19-09-2023 02:45,22.9,71,10.5
19-09-2023 03:00,22.8,71,10.5
19-09-2023 03:15,22.8,71,10.5
19-09-2023 03:30,22.9,71,10.5
19-09-2023 03:45,23.1,71,10.5
19-09-2023 04:00,23.1,71,11
19-09-2023 04:15,23.2,72,11
19-09-2023 04:30,23.2,71,11
19-09-2023 05:00,23.2,71,11
19-09-2023 05:15,23.1,72,11
19-09-2023 05:45,22.9,72,11
19-09-2023 06:00,22.8,71,11
19-09-2023 06:15,22.6,71,11
19-09-2023 06:30,22.7,72,11
19-09-2023 06:45,22.7,72,11
19-09-2023 07:00,23.2,72,11
19-09-2023 07:15,23.6,72,11
19-09-2023 07:30,24.6,71,11
19-09-2023 07:45,24.6,70,11
19-09-2023 08:00,25.4,69,11
19-09-2023 08:15,25.4,67,11
19-09-2023 08:30,25.2,68,11
19-09-2023 08:45,24.2,70,0
19-09-2023 09:00,24.4,70,0
19-09-2023 09:15,25.5,69,0
19-09-2023 09:30,26.3,67,0
19-09-2023 09:45,25.7,68,0
19-09-2023 10:00,27,67,0
19-09-2023 10:15,27.4,63,0
19-09-2023 10:30,27.9,64,0
19-09-2023 10:45,27.7,58,0
19-09-2023 11:00,27.3,61,0
19-09-2023 11:15,27.3,63,0
19-09-2023 11:30,28.5,60,0
19-09-2023 11:45,28.7,58,0
19-09-2023 12:00,28.9,56,0
19-09-2023 12:15,29.2,56,0
19-09-2023 12:30,28.5,57,0
19-09-2023 12:45,28.6,58,0
19-09-2023 13:00,29.3,55,0
19-09-2023 13:15,29.8,55,0
19-09-2023 13:30,30,54,0
19-09-2023 13:45,28.8,55,0
19-09-2023 14:00,28.4,56,0
19-09-2023 14:15,27,60,0
19-09-2023 14:30,27.3,61,0
19-09-2023 14:45,25.8,67,0.5
19-09-2023 15:00,24.8,70,1.5
19-09-2023 15:15,25.9,69,2
19-09-2023 15:30,27.5,65,2
19-09-2023 15:45,27.1,65,2
19-09-2023 16:00,27.4,63,2
19-09-2023 16:15,27.2,62,2
19-09-2023 16:30,27.4,62,2
19-09-2023 16:45,28,60,2
19-09-2023 17:00,27.7,58,2
19-09-2023 17:15,28,58,2
19-09-2023 17:30,28.5,57,2
19-09-2023 17:45,27.9,57,2
19-09-2023 18:00,26.9,59,2
19-09-2023 18:15,26.2,64,2
19-09-2023 18:30,25.8,66,2
19-09-2023 18:45,25.5,68,2
19-09-2023 19:00,25.4,67,2
19-09-2023 19:15,25.2,68,2
19-09-2023 19:30,24.6,68,2
19-09-2023 19:45,24.3,69,2
19-09-2023 20:00,24.2,69,2
19-09-2023 20:15,24.2,69,2
19-09-2023 20:30,24.1,69,2
19-09-2023 20:45,23.9,69,2
19-09-2023 21:00,23.9,70,2
19-09-2023 21:15,24,70,2
19-09-2023 21:30,24.1,70,2
19-09-2023 21:45,24,70,2
19-09-2023 22:00,23.9,70,2
19-09-2023 22:15,24.1,70,2
19-09-2023 22:30,24.1,71,2
19-09-2023 22:45,24.1,70,2
19-09-2023 23:00,24,70,2
19-09-2023 23:15,23.9,70,2
19-09-2023 23:30,24,71,2
19-09-2023 23:45,24,70,2
20-09-2023 00:00,23.8,70,2
20-09-2023 00:15,23.5,71,2
20-09-2023 00:30,23.5,71,2
20-09-2023 00:45,23.3,71,2
20-09-2023 01:00,23.3,71,2
20-09-2023 01:15,23.4,71,2
20-09-2023 01:30,23.6,71,2
20-09-2023 01:45,23.7,71,2
20-09-2023 02:00,23.6,71,2
20-09-2023 02:15,23.4,71,2
20-09-2023 02:30,23.4,71,2
20-09-2023 02:45,23.2,71,2
20-09-2023 03:00,23.1,71,2
20-09-2023 03:15,23.1,71,2
20-09-2023 03:30,23.1,72,2
20-09-2023 03:45,23.2,72,2
20-09-2023 04:00,23.3,71,2
20-09-2023 04:15,23.3,71,2
20-09-2023 04:45,23.4,72,2
20-09-2023 05:00,23.4,72,2
20-09-2023 05:15,23.5,71,2
20-09-2023 05:30,23.5,71,2
20-09-2023 05:45,23.5,71,2
20-09-2023 06:00,23.5,71,2
20-09-2023 06:15,23.6,72,2
20-09-2023 06:30,23.6,72,2
20-09-2023 06:45,23.7,71,2
20-09-2023 07:00,23.9,71,2
20-09-2023 07:15,24.4,71,2
20-09-2023 07:30,24.3,71,2
20-09-2023 07:45,24.7,70,2
20-09-2023 08:00,24.7,70,2
20-09-2023 08:15,24.7,70,2
20-09-2023 08:30,24.9,70,2
20-09-2023 08:45,25.1,70,0
20-09-2023 09:00,24.9,70,0
20-09-2023 09:15,25.4,70,0
20-09-2023 09:30,26.8,68,0
20-09-2023 09:45,27.8,66,0
20-09-2023 10:00,28.2,63,0
20-09-2023 10:15,28,62,0
20-09-2023 10:30,27.5,62,0
20-09-2023 10:45,27.4,65,0
20-09-2023 11:00,28.6,60,0
20-09-2023 11:15,29.1,58,0
20-09-2023 11:30,29.2,60,0
20-09-2023 11:45,29,60,0
20-09-2023 12:00,29.7,57,0
20-09-2023 12:15,29.5,57,0
20-09-2023 12:30,29.6,58,0
20-09-2023 12:45,29.5,58,0
20-09-2023 13:00,29.7,57,0
20-09-2023 13:15,30.4,55,0
20-09-2023 13:30,30.6,51,0
20-09-2023 13:45,30.1,54,0
20-09-2023 14:00,29.8,55,0
20-09-2023 14:15,29.4,58,0
20-09-2023 14:30,25.9,69,1.5
20-09-2023 14:45,26,71,2
20-09-2023 15:00,26.6,69,2
20-09-2023 15:15,29.1,67,2
20-09-2023 15:30,29.7,56,2
20-09-2023 15:45,28.4,66,2
20-09-2023 16:00,28.5,67,2
20-09-2023 16:15,27.9,63,2
20-09-2023 16:30,27.3,67,2
20-09-2023 16:45,29,63,2
20-09-2023 17:00,28.1,62,2
20-09-2023 17:15,26,68,2
20-09-2023 17:30,25.8,71,2
20-09-2023 17:45,25.7,70,2
20-09-2023 18:00,26.1,69,2
20-09-2023 18:15,26.1,69,2
20-09-2023 18:30,25.8,69,2
20-09-2023 18:45,25.5,69,2
20-09-2023 19:00,25.2,70,2
20-09-2023 19:15,25,70,2
20-09-2023 19:30,25,71,2
20-09-2023 19:45,24.7,71,2
20-09-2023 20:00,24.6,71,2
20-09-2023 20:15,24.5,72,2
20-09-2023 20:30,24.4,71,2
20-09-2023 20:45,24.5,71,2
20-09-2023 21:00,24.6,70,2
20-09-2023 21:15,24.7,71,2
20-09-2023 21:30,24.6,71,2
20-09-2023 21:45,24.5,71,2
20-09-2023 22:00,24.4,71,2
20-09-2023 22:15,24.5,71,2
20-09-2023 22:30,24.5,71,2
20-09-2023 22:45,24.3,72,2
20-09-2023 23:00,24.2,71,2
20-09-2023 23:15,24.2,71,2
20-09-2023 23:30,24.2,71,2
20-09-2023 23:45,24.2,71,2
21-09-2023 00:00,24.2,70,2
21-09-2023 00:15,24.2,71,2
21-09-2023 00:30,24.2,71,2
21-09-2023 00:45,24.2,71,2
21-09-2023 01:00,24.1,71,2
21-09-2023 01:15,24.1,71,2
21-09-2023 01:30,24.1,70,2
21-09-2023 01:45,24.1,71,2
21-09-2023 02:00,24,70,2
21-09-2023 02:15,23.8,70,2
21-09-2023 02:30,23.8,71,2
21-09-2023 02:45,23.7,71,2
21-09-2023 03:00,23.5,71,2
21-09-2023 03:15,23.6,71,2
21-09-2023 03:30,23.7,71,2
21-09-2023 03:45,23.8,71,2
21-09-2023 04:00,23.9,71,2
21-09-2023 04:15,24,71,2
21-09-2023 04:45,24.1,71,2
21-09-2023 05:00,24.1,72,2
21-09-2023 05:15,24.1,72,2
21-09-2023 05:30,24.1,72,2
21-09-2023 05:45,24.2,72,2.5
21-09-2023 06:00,24.1,72,3
21-09-2023 06:15,24,72,3.5
21-09-2023 06:30,24,71,3.5
21-09-2023 06:45,24.1,72,3.5
21-09-2023 07:00,24.1,72,3.5
21-09-2023 07:15,24.2,72,4
21-09-2023 07:30,24.3,72,4
21-09-2023 07:45,24.7,72,4
21-09-2023 08:00,24.8,72,4
21-09-2023 08:15,25,71,4
21-09-2023 08:30,25.3,71,4
21-09-2023 08:45,25.7,70,0
21-09-2023 09:00,26.1,68,0
21-09-2023 09:15,26.8,68,0
21-09-2023 09:30,27.6,66,0
21-09-2023 09:45,28,63,0
21-09-2023 10:00,28.2,59,0
21-09-2023 10:15,28.4,59,0
21-09-2023 10:30,28.9,57,0
21-09-2023 10:45,29,56,0
21-09-2023 11:00,29.2,56,0
21-09-2023 11:15,29.1,57,0
21-09-2023 11:30,29.7,57,0
21-09-2023 11:45,30.2,55,0
21-09-2023 12:00,30,54,0
21-09-2023 12:15,30.7,55,0
21-09-2023 12:30,31.6,53,0
21-09-2023 12:45,31.1,50,0
21-09-2023 13:00,31.7,49,0
21-09-2023 13:15,31.9,51,0
21-09-2023 13:30,31.5,50,0
21-09-2023 13:45,31.7,52,0
21-09-2023 14:00,32,50,0
21-09-2023 14:15,31.9,50,0
21-09-2023 14:30,32.3,49,0
21-09-2023 14:45,32.1,50,0
21-09-2023 15:00,32.1,50,0
21-09-2023 15:15,32.2,49,0
21-09-2023 15:30,32,51,0
21-09-2023 15:45,31.7,51,0
21-09-2023 16:00,31.5,51,0
21-09-2023 16:15,31.3,50,0
21-09-2023 16:30,31.2,52,0
21-09-2023 16:45,29.4,57,0
21-09-2023 17:00,28.4,59,0
21-09-2023 17:15,28.1,60,0
21-09-2023 17:30,27.5,63,0
21-09-2023 17:45,26.7,62,0
21-09-2023 18:15,26.1,66,0
21-09-2023 18:30,25.8,67,0
21-09-2023 18:45,25.8,68,0
21-09-2023 19:00,25.8,68,0
21-09-2023 19:15,25.7,68,0
21-09-2023 19:30,25.6,68,0
21-09-2023 19:45,25.4,69,0
21-09-2023 20:00,25.2,68,0
21-09-2023 20:15,25.2,68,0
21-09-2023 20:30,25.2,69,0
21-09-2023 20:45,25.2,69,0
21-09-2023 21:00,25.2,69,0
21-09-2023 21:15,25.2,69,0
21-09-2023 21:30,25.1,69,0
21-09-2023 21:45,24.9,70,0
21-09-2023 22:00,24.7,70,0
21-09-2023 22:15,24.5,70,0
21-09-2023 22:30,24.4,69,0
21-09-2023 22:45,24.3,69,0.5
21-09-2023 23:00,24.2,69,0.5
21-09-2023 23:15,24.3,70,0.5
21-09-2023 23:30,24.4,69,0.5
21-09-2023 23:45,24.5,69,0.5
22-09-2023 00:00,24.6,69,0.5
22-09-2023 00:30,24.7,70,0.5
22-09-2023 00:45,24.7,69,0.5
22-09-2023 01:00,24.5,69,1
22-09-2023 01:15,24.5,70,1
22-09-2023 01:30,24.3,70,1.5
22-09-2023 01:45,24.2,70,1.5
22-09-2023 02:00,24.3,70,2
22-09-2023 02:15,24.3,70,2.5
22-09-2023 02:30,24.2,71,2.5
22-09-2023 02:45,24.2,71,3
22-09-2023 03:00,24.1,70,3
22-09-2023 03:15,24,71,3.5
22-09-2023 03:30,23.9,71,3.5
22-09-2023 03:45,23.9,71,3.5
22-09-2023 04:00,23.9,71,3.5
22-09-2023 04:15,23.9,71,4
22-09-2023 04:30,23.8,71,4
22-09-2023 04:45,23.7,71,4
22-09-2023 05:00,23.7,71,4
22-09-2023 05:15,23.8,71,4
22-09-2023 05:30,23.9,71,4
22-09-2023 06:00,24.1,70,4
22-09-2023 06:15,24.1,71,4
22-09-2023 06:45,24,71,4
22-09-2023 07:00,24.2,71,4
22-09-2023 07:15,24.3,71,4
22-09-2023 07:30,24.4,72,4
22-09-2023 07:45,24.5,71,4
22-09-2023 08:00,24.6,71,4
22-09-2023 08:15,24.8,71,4
22-09-2023 08:30,24.8,71,4
22-09-2023 08:45,24.8,71,0
22-09-2023 09:00,25,70,0
22-09-2023 09:15,25.5,70,0
22-09-2023 09:30,25.6,69,0
22-09-2023 09:45,26,68,0
22-09-2023 10:00,26.1,67,0
22-09-2023 10:15,26.4,67,0
22-09-2023 10:30,26.4,67,0
22-09-2023 10:45,26.6,66,0
22-09-2023 11:00,27.3,66,0
22-09-2023 11:15,27.4,66,0
22-09-2023 11:30,27.6,64,0
22-09-2023 11:45,27.6,65,0
22-09-2023 12:00,28.1,63,0
22-09-2023 12:15,28.6,61,0
22-09-2023 12:30,28.3,61,0
22-09-2023 12:45,28.9,59,0
22-09-2023 13:00,28.6,58,0
22-09-2023 13:15,28.9,59,0
22-09-2023 13:30,29.2,56,0
22-09-2023 13:45,30.2,54,0
22-09-2023 14:00,30.3,53,0
22-09-2023 14:15,30.1,53,0
22-09-2023 14:45,29.2,56,0
22-09-2023 15:00,26.2,68,1
22-09-2023 15:15,26.1,72,1.5
22-09-2023 15:30,25.8,72,2.5
22-09-2023 15:45,25.2,72,3
22-09-2023 16:00,24.3,70,4
22-09-2023 16:15,24.1,76,5
22-09-2023 16:45,24.7,77,5
22-09-2023 17:00,24.6,77,5.5
22-09-2023 17:15,24.6,77,6
22-09-2023 17:30,24.6,78,6
22-09-2023 17:45,24.6,79,6
22-09-2023 18:00,24.5,77,6
22-09-2023 18:15,24.4,77,6
22-09-2023 18:30,24.3,77,6.5
22-09-2023 18:45,24.3,78,6.5
22-09-2023 19:00,24.1,77,7
22-09-2023 19:15,24,78,7
22-09-2023 19:30,24,78,7
22-09-2023 19:45,24,78,7
22-09-2023 20:00,24,78,7.5
22-09-2023 20:15,24.1,78,7.5
22-09-2023 20:30,24,79,8
22-09-2023 20:45,24.1,79,8
22-09-2023 21:00,24.1,78,8.5
22-09-2023 21:15,23.9,79,9
22-09-2023 21:30,23.9,79,9.5
22-09-2023 21:45,24,79,9.5
22-09-2023 22:00,23.9,79,10
22-09-2023 22:15,23.9,78,10
22-09-2023 22:30,23.8,79,10
22-09-2023 22:45,23.8,78,10
22-09-2023 23:00,23.8,79,10
22-09-2023 23:15,23.8,78,10
22-09-2023 23:30,23.9,79,10
22-09-2023 23:45,23.8,80,10
23-09-2023 00:00,23.8,79,10
23-09-2023 00:15,23.8,79,10
23-09-2023 00:30,23.7,80,10
23-09-2023 00:45,23.7,80,10
23-09-2023 01:00,23.6,79,10
23-09-2023 01:15,23.6,79,10
23-09-2023 01:30,23.6,80,10
23-09-2023 01:45,23.6,80,10
23-09-2023 02:00,23.5,80,10
23-09-2023 02:15,23.5,81,10
23-09-2023 02:30,23.5,80,10
23-09-2023 02:45,23.4,80,10
23-09-2023 03:00,23.4,79,10
23-09-2023 03:15,23.4,79,10
23-09-2023 03:30,23.4,79,10
23-09-2023 03:45,23.5,80,10
23-09-2023 04:00,23.4,80,10
23-09-2023 04:15,23.4,79,10
23-09-2023 04:30,23.4,80,10
23-09-2023 04:45,23.3,80,10
23-09-2023 05:00,23.3,81,10
23-09-2023 05:15,23.3,81,10
23-09-2023 05:30,23.2,80,10
23-09-2023 05:45,23.2,79,10
23-09-2023 06:00,23.2,79,10
23-09-2023 06:15,23.3,80,10
23-09-2023 06:30,23.3,80,10
23-09-2023 06:45,23.3,79,10
23-09-2023 07:00,23.3,79,10
23-09-2023 07:15,23.5,79,10
23-09-2023 07:30,23.6,79,10
23-09-2023 07:45,23.7,79,10
23-09-2023 08:00,24,79,10
23-09-2023 08:15,24.3,78,10
23-09-2023 08:30,25,77,10
23-09-2023 08:45,25.6,79,0
23-09-2023 09:00,26,75,0
23-09-2023 09:15,26.7,65,0
23-09-2023 09:30,27.3,64,0
23-09-2023 09:45,27.3,66,0
23-09-2023 10:00,27.7,66,0
23-09-2023 10:15,28.1,62,0
23-09-2023 10:30,28.9,64,0
23-09-2023 10:45,28.7,56,0
23-09-2023 11:00,28.7,59,0
23-09-2023 11:15,28.4,58,0
23-09-2023 11:30,28.4,58,0
23-09-2023 11:45,28.5,58,0
23-09-2023 12:00,28.9,57,0
23-09-2023 12:15,28.9,56,0
23-09-2023 12:30,29.3,57,0
23-09-2023 12:45,29.2,56,0
23-09-2023 13:00,29.4,54,0
23-09-2023 13:15,29.5,53,0
23-09-2023 13:30,29.4,53,0
23-09-2023 13:45,29.9,54,0
23-09-2023 14:00,30,53,0
23-09-2023 14:15,29.9,52,0
23-09-2023 14:30,29.5,53,0
23-09-2023 14:45,28.8,56,0
23-09-2023 15:00,28.6,57,0
23-09-2023 15:15,28.2,57,0
23-09-2023 15:30,26.8,65,0
23-09-2023 15:45,25.9,71,0
23-09-2023 16:00,25,74,0
23-09-2023 16:15,24.6,75,0
23-09-2023 16:30,24.3,80,1
23-09-2023 16:45,24,78,1.5
23-09-2023 17:00,23.8,72,2
23-09-2023 17:15,23.7,71,2.5
23-09-2023 17:30,23.8,70,4.5
23-09-2023 17:45,23.8,70,5.5
23-09-2023 18:15,23.9,70,7.5
23-09-2023 18:45,23.6,70,9
23-09-2023 19:00,23.4,71,10
23-09-2023 19:15,23.4,70,11.5
23-09-2023 19:30,23.4,70,13
23-09-2023 19:45,23.4,71,13.5
23-09-2023 20:00,23.4,70,14.5
23-09-2023 20:15,23.4,70,15
23-09-2023 20:30,23.4,70,15.5
23-09-2023 20:45,23.5,70,16
23-09-2023 21:00,23.5,70,16.5
23-09-2023 21:30,23.4,71,17
23-09-2023 21:45,23.3,71,17
23-09-2023 22:00,23.3,71,17
23-09-2023 22:15,23.3,70,17
23-09-2023 22:30,23.4,70,17.5
23-09-2023 22:45,23.4,70,17.5
23-09-2023 23:00,23.4,71,17.5
23-09-2023 23:15,23.3,70,17.5
23-09-2023 23:30,23.2,70,17.5
23-09-2023 23:45,23.2,70,17.5
24-09-2023 00:00,23.1,71,17.5
24-09-2023 00:30,23.2,72,17.5
24-09-2023 00:45,23.1,72,17.5
24-09-2023 01:00,23,73,17.5
24-09-2023 01:15,22.9,72,17.5
24-09-2023 01:30,22.9,73,17.5
24-09-2023 01:45,22.8,72,17.5
24-09-2023 02:00,22.8,72,17.5
24-09-2023 02:15,22.8,72,17.5
24-09-2023 02:30,22.7,72,17.5
24-09-2023 02:45,22.7,73,17.5
24-09-2023 03:00,22.7,72,17.5
24-09-2023 03:15,22.8,72,17.5
24-09-2023 03:30,22.8,72,17.5
24-09-2023 03:45,22.8,72,17.5
24-09-2023 04:00,22.8,72,17.5
24-09-2023 04:15,22.8,73,17.5
24-09-2023 04:30,22.8,72,17.5
24-09-2023 04:45,22.8,74,17.5
24-09-2023 05:00,22.8,74,17.5
24-09-2023 05:15,22.8,73,17.5
24-09-2023 05:30,22.8,74,17.5
24-09-2023 05:45,22.9,74,17.5
24-09-2023 06:00,23,74,17.5
24-09-2023 06:15,23.1,75,17.5
24-09-2023 06:30,23,76,17.5
24-09-2023 06:45,23,75,17.5
24-09-2023 07:00,23.3,79,17.5
24-09-2023 07:15,23.6,78,17.5
24-09-2023 07:30,24,77,17.5
24-09-2023 07:45,24.7,75,17.5
24-09-2023 08:00,25.2,74,17.5
24-09-2023 08:15,25.3,74,17.5
24-09-2023 08:30,25.2,72,17.5
24-09-2023 08:45,25.3,72,0
24-09-2023 09:00,25.4,71,0
24-09-2023 09:15,25.4,73,0
24-09-2023 09:30,25.8,71,0
24-09-2023 09:45,26.1,70,0
24-09-2023 10:15,26.5,70,0
24-09-2023 10:30,26.9,69,0
24-09-2023 10:45,27.3,67,0
24-09-2023 11:00,28,67,0
24-09-2023 11:15,28.5,62,0
24-09-2023 11:30,28.3,60,0
24-09-2023 11:45,28.5,60,0
24-09-2023 12:00,28.8,61,0
24-09-2023 12:15,28.6,55,0
24-09-2023 12:30,28.5,55,0
24-09-2023 12:45,28.8,54,0
24-09-2023 13:00,28.6,54,0
24-09-2023 13:15,28.5,55,0
24-09-2023 13:30,28.8,55,0
24-09-2023 13:45,28.7,55,0
24-09-2023 14:00,28.7,53,0
24-09-2023 14:15,29.2,55,0
24-09-2023 14:30,29.6,52,0
24-09-2023 14:45,29.4,52,0
24-09-2023 15:00,29.2,53,0
24-09-2023 15:15,29.1,53,0
24-09-2023 15:30,28.6,54,0
24-09-2023 15:45,28.1,56,0
24-09-2023 16:00,26.9,60,0
24-09-2023 16:15,26.4,62,0
24-09-2023 16:30,25.7,62,0
24-09-2023 16:45,25.6,63,0
24-09-2023 17:00,25.2,64,0
24-09-2023 17:15,25,65,0
24-09-2023 17:30,24.8,65,0
24-09-2023 17:45,24.8,65,0
24-09-2023 18:00,24.8,66,0
24-09-2023 18:15,24.6,66,0
24-09-2023 18:30,24.5,66,0
24-09-2023 18:45,24.4,67,0
24-09-2023 19:00,24.3,67,0
24-09-2023 19:15,24.2,67,0
24-09-2023 19:30,24.2,68,0
24-09-2023 19:45,24.2,68,0
24-09-2023 20:00,24.1,68,0
24-09-2023 20:15,24.2,68,0
24-09-2023 20:30,24.2,68,0
24-09-2023 20:45,24.1,68,0
24-09-2023 21:00,24.1,69,0
24-09-2023 21:15,24.1,69,0
24-09-2023 21:30,24.1,69,0
24-09-2023 21:45,23.9,69,0
24-09-2023 22:00,23.8,70,0
24-09-2023 22:15,23.8,70,0
24-09-2023 22:30,23.5,71,0
24-09-2023 22:45,23.5,69,0
24-09-2023 23:00,23.5,69,0.5
24-09-2023 23:15,23.4,69,0.5
24-09-2023 23:30,23.4,69,0.5
24-09-2023 23:45,23.5,70,0.5
25-09-2023 00:00,23.5,70,0.5
25-09-2023 00:30,23.6,69,0.5
25-09-2023 00:45,23.6,69,0.5
25-09-2023 01:00,23.6,70,0.5
25-09-2023 01:15,23.5,70,0.5
25-09-2023 01:30,23.5,70,1
25-09-2023 01:45,23.5,70,1
25-09-2023 02:00,23.5,70,1
25-09-2023 02:15,23.6,70,1
25-09-2023 02:30,23.5,70,1
25-09-2023 02:45,23.4,70,1
25-09-2023 03:00,23.4,70,1
25-09-2023 03:15,23.4,70,1
25-09-2023 03:30,23.3,71,1
25-09-2023 03:45,23.3,71,1
25-09-2023 04:00,23.3,70,1
25-09-2023 04:15,23.3,70,1
25-09-2023 04:30,23.3,70,1
25-09-2023 04:45,23.3,70,1
25-09-2023 05:00,23.3,70,1
25-09-2023 05:15,23.3,70,1
25-09-2023 05:30,23.2,70,1
25-09-2023 05:45,23.2,70,1
25-09-2023 06:00,23.2,70,1
25-09-2023 06:15,23.3,71,1
25-09-2023 06:30,23.4,70,1
25-09-2023 06:45,23.5,71,1
25-09-2023 07:00,23.6,70,1
25-09-2023 07:15,24,71,1
25-09-2023 07:30,24.2,70,1
25-09-2023 07:45,24.8,69,1
25-09-2023 08:00,25.6,68,1
25-09-2023 08:15,25.9,66,1
25-09-2023 08:30,26.6,65,1
25-09-2023 08:45,26.7,64,0
25-09-2023 09:00,26.8,61,0
25-09-2023 09:15,27.2,62,0
25-09-2023 09:30,27.7,61,0
25-09-2023 09:45,28.1,58,0
25-09-2023 10:00,28.6,55,0
25-09-2023 10:15,29.2,54,0
25-09-2023 10:30,28.8,55,0
25-09-2023 10:45,29.1,54,0
25-09-2023 11:00,29.1,53,0
25-09-2023 11:15,29.3,53,0
25-09-2023 11:30,30.5,51,0
25-09-2023 11:45,29.9,52,0
25-09-2023 12:00,30.3,51,0
25-09-2023 12:15,30.5,51,0
25-09-2023 12:30,29.5,51,0
25-09-2023 12:45,29.9,51,0
25-09-2023 13:00,31.2,51,0
25-09-2023 13:15,30.2,50,0
25-09-2023 13:30,30.3,51,0
25-09-2023 13:45,31,49,0
25-09-2023 14:00,30.2,51,0
25-09-2023 14:15,29.5,53,0
25-09-2023 14:30,29.9,55,0
25-09-2023 14:45,31.2,51,0
25-09-2023 15:00,31.6,49,0
25-09-2023 15:15,30.3,53,0
25-09-2023 15:30,30,53,0
25-09-2023 15:45,30,52,0
25-09-2023 16:00,29.8,51,0
25-09-2023 16:15,25.1,65,5
25-09-2023 16:30,24.6,68,13
25-09-2023 16:45,25,68,15.5
25-09-2023 17:00,25.3,69,15.5
25-09-2023 17:15,25.1,68,16
25-09-2023 17:30,25.1,69,16.5
25-09-2023 17:45,25,69,17.5
25-09-2023 18:00,25.1,68,17.5
25-09-2023 18:15,25.3,68,17.5
25-09-2023 18:30,25.3,67,17.5
25-09-2023 18:45,25.1,67,17.5
25-09-2023 19:00,25.1,67,17.5
25-09-2023 19:15,24.7,67,17.5
25-09-2023 19:30,24.9,67,17.5
25-09-2023 19:45,25,67,17.5
25-09-2023 20:00,24.9,67,17.5
25-09-2023 20:15,24.8,67,17.5
25-09-2023 20:30,24.7,67,17.5
25-09-2023 20:45,24.5,67,17.5
25-09-2023 21:00,24.5,68,17.5
25-09-2023 21:15,24.3,67,17.5
25-09-2023 21:30,24.3,68,17.5
25-09-2023 21:45,24,68,17.5
25-09-2023 22:15,23.7,68,17.5
25-09-2023 22:30,23.6,69,17.5
25-09-2023 22:45,23.5,69,17.5
25-09-2023 23:00,23.6,69,17.5
25-09-2023 23:15,23.5,69,17.5
25-09-2023 23:30,23.7,69,17.5
25-09-2023 23:45,23.6,69,17.5
26-09-2023 00:00,23.3,69,17.5
26-09-2023 00:15,23.2,69,17.5
26-09-2023 00:30,23.1,70,17.5
26-09-2023 00:45,23,70,17.5
26-09-2023 01:00,23,70,17.5
26-09-2023 01:15,22.9,70,17.5
26-09-2023 01:30,23,70,17.5
26-09-2023 01:45,22.9,70,17.5
26-09-2023 02:00,22.9,70,17.5
26-09-2023 02:15,23,70,17.5
26-09-2023 02:30,23,70,17.5
26-09-2023 02:45,22.8,70,17.5
26-09-2023 03:00,23.1,70,17.5
26-09-2023 03:15,23.2,71,17.5
26-09-2023 03:30,23.3,70,17.5
26-09-2023 03:45,23.3,70,17.5
26-09-2023 04:00,23.3,70,17.5
26-09-2023 04:15,23.3,70,17.5
26-09-2023 04:30,23.4,70,17.5
26-09-2023 05:15,23.5,70,17.5
26-09-2023 05:30,23.5,71,17.5
26-09-2023 05:45,23.6,70,17.5
26-09-2023 06:00,23.5,70,17.5
26-09-2023 06:15,23.5,70,17.5
26-09-2023 06:30,23.4,70,17.5
26-09-2023 06:45,23.4,70,17.5
26-09-2023 07:00,23.6,70,17.5
26-09-2023 07:15,23.7,70,17.5
26-09-2023 07:30,24,70,17.5
26-09-2023 07:45,24.2,69,17.5
26-09-2023 08:00,24.3,69,17.5
26-09-2023 08:30,25.4,67,17.5
26-09-2023 08:45,26.1,66,0
26-09-2023 09:00,27.3,66,0
26-09-2023 09:15,28.2,64,0
26-09-2023 09:30,28.8,59,0
26-09-2023 09:45,29.7,55,0
26-09-2023 10:00,29.8,52,0
26-09-2023 10:15,29.5,53,0
26-09-2023 10:30,30.5,51,0
26-09-2023 10:45,31,51,0
26-09-2023 11:00,31,49,0
26-09-2023 11:15,30.4,51,0
26-09-2023 11:30,31,49,0
26-09-2023 11:45,31.9,47,0
26-09-2023 12:15,31.5,46,0
26-09-2023 12:30,32,47,0
26-09-2023 12:45,31.4,46,0
26-09-2023 13:00,32.8,45,0
26-09-2023 13:15,33.2,42,0
26-09-2023 13:30,32.1,45,0
26-09-2023 13:45,32.4,43,0
26-09-2023 14:00,31.9,41,0
26-09-2023 14:15,28.8,49,0
26-09-2023 14:30,28.1,52,0
26-09-2023 14:45,28,51,0
26-09-2023 15:00,26.3,63,0
26-09-2023 15:15,27.9,63,0
26-09-2023 15:30,28.3,55,0
26-09-2023 15:45,28,55,0
26-09-2023 16:00,27.6,54,0
26-09-2023 16:15,27.5,56,0
26-09-2023 16:45,29.6,51,0
26-09-2023 17:00,29.4,52,0
26-09-2023 17:15,29.1,51,0
26-09-2023 17:30,28.3,56,0
26-09-2023 17:45,27.5,60,0
26-09-2023 18:00,27.3,61,0
26-09-2023 18:15,27,62,0
26-09-2023 18:30,26.4,64,0
26-09-2023 18:45,26.2,64,0
26-09-2023 19:00,25.7,66,0.5
26-09-2023 19:15,25.2,66,1.5
26-09-2023 19:30,24.7,67,4.5
26-09-2023 19:45,23.2,67,7.5
26-09-2023 20:00,22.9,67,12.5
26-09-2023 20:15,22.4,67,16
26-09-2023 20:30,22.5,93,17.5
26-09-2023 20:45,22.6,67,18.5
26-09-2023 21:00,22.9,67,20
26-09-2023 21:15,22.9,67,21
26-09-2023 21:30,22.8,67,21.5
26-09-2023 21:45,22.8,67,21.5
26-09-2023 22:00,22.8,67,22
26-09-2023 22:15,22.6,67,22.5
26-09-2023 22:30,22.6,67,22.5
26-09-2023 22:45,22.6,67,22.5
26-09-2023 23:00,22.8,67,23
26-09-2023 23:15,22.7,67,23
26-09-2023 23:45,22.7,67,23
27-09-2023 00:00,22.7,67,23
27-09-2023 00:15,22.8,68,23
27-09-2023 00:30,22.8,67,23
27-09-2023 00:45,22.9,68,23
27-09-2023 01:00,22.9,67,23
27-09-2023 01:15,22.9,67,23
27-09-2023 01:30,22.9,67,23
27-09-2023 01:45,22.8,67,23
27-09-2023 02:00,22.8,67,23
27-09-2023 02:15,22.9,67,23
27-09-2023 02:30,22.7,67,23
27-09-2023 02:45,22.8,67,23
27-09-2023 03:00,22.7,67,23
27-09-2023 03:15,22.7,68,23
27-09-2023 03:30,22.8,67,23
27-09-2023 03:45,22.8,67,23
27-09-2023 04:00,22.8,67,23
27-09-2023 04:15,22.9,67,23
27-09-2023 04:30,22.9,67,23
27-09-2023 05:15,22.9,67,23
27-09-2023 05:30,22.9,67,23
27-09-2023 05:45,23,67,23
27-09-2023 06:00,23,67,23
27-09-2023 06:15,22.9,84,23
27-09-2023 06:30,23,83,23
27-09-2023 06:45,23.1,81,23
27-09-2023 07:00,23.2,83,23
27-09-2023 07:15,23.2,83,23
27-09-2023 07:30,23.4,84,23
27-09-2023 07:45,23.4,82,23
27-09-2023 08:00,23.7,82,23
27-09-2023 08:15,23.6,82,23
27-09-2023 08:30,24,83,23
27-09-2023 08:45,24,83,0
27-09-2023 09:00,24.2,83,0
27-09-2023 09:15,24.4,83,0
27-09-2023 09:30,24.6,83,0
27-09-2023 09:45,25,83,0
27-09-2023 10:00,25.7,82,0
27-09-2023 10:15,25.5,81,0
27-09-2023 10:30,25.8,82,0
27-09-2023 10:45,26,81,0
27-09-2023 11:00,26.1,80,0
27-09-2023 11:15,26.3,80,0
27-09-2023 11:30,26,81,0
27-09-2023 11:45,25.9,81,0
27-09-2023 12:00,26.4,80,0
27-09-2023 12:15,26.7,80,0
27-09-2023 12:45,27.5,78,0
27-09-2023 13:00,27.4,80,0
27-09-2023 13:15,28.2,77,0
27-09-2023 13:30,27.1,80,0
27-09-2023 13:45,27.7,79,0
27-09-2023 14:00,27.3,79,0
27-09-2023 14:15,27.5,80,0
27-09-2023 14:30,27.1,80,0
27-09-2023 14:45,27.2,80,0
27-09-2023 15:00,28,79,0
27-09-2023 15:15,28.1,75,0
27-09-2023 15:30,26.5,80,0
27-09-2023 15:45,26.4,81,0
27-09-2023 16:00,26.5,80,0
27-09-2023 16:15,25.8,81,0
27-09-2023 16:30,25.8,81,0
27-09-2023 16:45,25.5,83,0
27-09-2023 17:00,25.5,84,0
27-09-2023 17:15,25.2,84,0
27-09-2023 17:30,25.2,84,0
27-09-2023 17:45,24.8,85,0.5
27-09-2023 18:00,24.4,85,0.5
27-09-2023 18:15,24.4,86,0.5
27-09-2023 18:30,24.4,86,0.5
27-09-2023 19:15,23.7,85,5
27-09-2023 19:30,23.8,86,5
27-09-2023 19:45,24,86,5
27-09-2023 20:00,24,86,5
27-09-2023 20:15,24,86,5
27-09-2023 20:30,24,86,5
27-09-2023 20:45,23.9,86,5
27-09-2023 21:00,24,86,5.5
27-09-2023 21:15,23.8,86,6.5
27-09-2023 21:30,23.7,86,7
27-09-2023 21:45,23.7,85,7
27-09-2023 22:00,23.7,85,7
27-09-2023 22:30,23.8,85,7.5
27-09-2023 22:45,23.9,86,7.5
27-09-2023 23:00,23.8,86,7.5
27-09-2023 23:15,23.6,86,7.5
27-09-2023 23:30,23.6,86,7.5
27-09-2023 23:45,23.8,86,7.5
28-09-2023 00:00,23.9,86,7.5
28-09-2023 00:15,23.9,91,7.5
28-09-2023 00:30,23.8,91,7.5
28-09-2023 00:45,23.7,91,7.5
28-09-2023 01:00,23.6,91,7.5
28-09-2023 01:15,23.4,91,7.5
28-09-2023 01:30,23.5,91,7.5
28-09-2023 01:45,23.4,91,7.5
28-09-2023 02:00,23.1,91,7.5
28-09-2023 02:15,23.1,91,7.5
28-09-2023 02:30,22.9,91,7.5
28-09-2023 02:45,22.9,91,7.5
28-09-2023 03:00,22.7,91,7.5
28-09-2023 03:15,22.5,91,7.5
28-09-2023 03:30,22.6,91,7.5
28-09-2023 03:45,22.4,90,7.5
28-09-2023 04:00,22.4,66,7.5
28-09-2023 04:15,22.5,64,7.5
28-09-2023 04:30,22.4,64,7.5
28-09-2023 04:45,22.3,65,7.5
28-09-2023 05:00,22.4,65,7.5
28-09-2023 05:15,22.3,65,7.5
28-09-2023 05:30,22.5,65,7.5
28-09-2023 05:45,22.5,84,7.5
28-09-2023 06:00,22.8,84,7.5
28-09-2023 06:15,22.7,84,7.5
28-09-2023 06:30,22.8,85,7.5
28-09-2023 06:45,22.9,86,7.5
28-09-2023 07:00,23,86,7.5
28-09-2023 07:15,23.2,86,7.5
28-09-2023 07:30,23.4,86,7.5
28-09-2023 07:45,23.7,86,7.5
28-09-2023 08:00,24.1,85,7.5
28-09-2023 08:15,24.8,84,7.5
28-09-2023 08:30,24.7,84,7.5
28-09-2023 08:45,25.4,84,0.5
28-09-2023 09:00,26.2,82,0.5
28-09-2023 09:15,27.1,80,0.5
28-09-2023 09:30,28.3,79,0.5
28-09-2023 10:15,28.6,77,0.5
28-09-2023 10:30,28.7,76,0.5
28-09-2023 10:45,30.1,71,0.5
28-09-2023 11:00,30.5,63,0.5
28-09-2023 11:15,30.3,63,0.5
28-09-2023 11:30,30.2,60,0.5
28-09-2023 11:45,29.8,66,0.5
28-09-2023 12:00,29.5,60,0.5
28-09-2023 12:15,29.9,65,0.5
28-09-2023 12:30,30,63,0.5
28-09-2023 12:45,30.1,68,0.5
28-09-2023 13:00,30.6,63,0.5
28-09-2023 13:15,30.9,60,0.5
28-09-2023 13:30,29.4,68,0.5
28-09-2023 13:45,26.8,79,1
28-09-2023 14:00,24.9,81,3
28-09-2023 14:15,24.2,83,11.5
28-09-2023 14:30,23.7,83,13
28-09-2023 14:45,23.9,83,13.5
28-09-2023 15:00,24.3,83,13.5
28-09-2023 15:15,25.1,82,13.5
28-09-2023 15:30,25.6,81,13.5
28-09-2023 15:45,25.5,80,13.5
28-09-2023 16:00,25.6,82,13.5
28-09-2023 16:15,24.5,83,16
28-09-2023 16:30,23.3,84,26.5
28-09-2023 16:45,23,85,27.5
28-09-2023 17:00,23.2,86,28
28-09-2023 17:15,23.2,86,28.5
28-09-2023 17:30,23.3,86,29
28-09-2023 17:45,23.2,86,29
28-09-2023 18:00,23.3,86,29.5
28-09-2023 18:15,23.4,85,29.5
28-09-2023 18:30,23.4,86,29.5
28-09-2023 18:45,23.5,86,29.5
28-09-2023 19:00,23.7,86,29.5
28-09-2023 19:15,23.8,86,29.5
28-09-2023 19:30,23.7,86,29.5
28-09-2023 19:45,23.4,86,29.5
28-09-2023 20:00,23.4,86,29.5
28-09-2023 20:15,23.5,85,29.5
28-09-2023 20:30,23.6,85,29.5
28-09-2023 20:45,23.6,85,29.5
28-09-2023 21:00,23.7,85,29.5
28-09-2023 21:15,23.8,84,29.5
28-09-2023 21:30,23.7,85,29.5
28-09-2023 21:45,23.8,84,29.5
28-09-2023 22:00,23.8,84,29.5
28-09-2023 22:15,23.7,85,29.5
28-09-2023 22:30,23.6,86,29.5
28-09-2023 22:45,23.6,85,29.5
28-09-2023 23:00,23.4,86,29.5
28-09-2023 23:15,23.4,86,29.5
28-09-2023 23:30,23.4,87,29.5
28-09-2023 23:45,23.2,87,29.5
29-09-2023 00:00,23.2,87,29.5
29-09-2023 00:15,23.1,93,29.5
29-09-2023 00:30,23.2,93,29.5
29-09-2023 00:45,23,93,29.5
29-09-2023 01:00,22.8,93,29.5
29-09-2023 01:15,22.6,93,29.5
29-09-2023 01:30,22.8,94,29.5
29-09-2023 01:45,22.8,94,29.5
29-09-2023 02:00,22.7,94,29.5
29-09-2023 02:15,22.9,94,29.5
29-09-2023 02:30,22.7,94,29.5
29-09-2023 02:45,22.6,94,29.5
29-09-2023 03:00,22.5,94,29.5
29-09-2023 03:15,22.5,94,29.5
29-09-2023 03:30,22.5,94,29.5
29-09-2023 03:45,22.6,94,29.5
29-09-2023 04:00,22.6,94,29.5
29-09-2023 04:15,22.3,94,29.5
29-09-2023 04:30,22.4,94,29.5
29-09-2023 04:45,22.6,94,29.5
29-09-2023 05:15,22.5,94,29.5
29-09-2023 05:30,22.4,94,29.5
29-09-2023 05:45,22.5,94,29.5
29-09-2023 06:00,22.5,94,29.5
29-09-2023 06:15,22.6,94,29.5
29-09-2023 06:30,22.7,94,29.5
29-09-2023 06:45,22.8,94,29.5
29-09-2023 07:00,23,94,29.5
29-09-2023 07:15,23.2,94,29.5
29-09-2023 07:30,23.4,94,29.5
29-09-2023 07:45,24,94,29.5
29-09-2023 08:00,24.7,93,29.5
29-09-2023 08:15,25.9,91,29.5
29-09-2023 08:30,27.5,74,29.5
29-09-2023 08:45,27.2,80,0
29-09-2023 09:00,27.8,73,0
29-09-2023 09:15,28.5,72,0
29-09-2023 09:30,29.4,66,0
29-09-2023 09:45,29.2,57,0
29-09-2023 10:00,29.4,64,0
29-09-2023 10:15,29.2,68,0
29-09-2023 10:30,29.9,64,0
29-09-2023 10:45,30.6,57,0
29-09-2023 11:00,30.5,28,0
29-09-2023 11:15,30.5,27,0
29-09-2023 11:30,30.4,27,0
29-09-2023 11:45,30.6,27,0
29-09-2023 12:00,31.6,25,0
29-09-2023 12:15,31.8,25,0
29-09-2023 12:30,31.7,24,0
29-09-2023 12:45,32,25,0
29-09-2023 13:00,32.4,24,0
29-09-2023 13:15,31.9,24,0
29-09-2023 13:30,31.8,25,0
29-09-2023 13:45,32.7,23,0
29-09-2023 14:00,33.2,22,0
29-09-2023 14:15,33.3,22,0
29-09-2023 14:30,33.4,20,0
29-09-2023 14:45,33.5,20,0
29-09-2023 15:00,33.7,21,0
29-09-2023 15:15,32.4,22,0
29-09-2023 15:30,31.4,26,0
29-09-2023 15:45,28.6,34,0
29-09-2023 16:00,29.2,33,0
29-09-2023 16:15,29.5,34,0
29-09-2023 16:30,28.3,35,0
29-09-2023 16:45,27.4,35,0
29-09-2023 17:00,25.8,35,0
29-09-2023 17:15,24.1,38,0.5
29-09-2023 17:30,23.3,38,1.5
29-09-2023 17:45,23.1,41,1.5
29-09-2023 18:00,23.1,87,2
29-09-2023 18:15,23.4,90,2
29-09-2023 18:30,23.3,91,2
29-09-2023 18:45,23.4,90,2
29-09-2023 19:00,23.6,91,2.5
29-09-2023 19:15,23.9,91,2.5
29-09-2023 19:30,24.1,91,2.5
29-09-2023 19:45,24.2,91,2.5
29-09-2023 20:00,24.1,91,2.5
29-09-2023 20:15,24.2,91,2.5
29-09-2023 20:30,24.2,90,2.5
29-09-2023 20:45,24.2,89,3
29-09-2023 21:00,24.1,89,3
29-09-2023 21:15,24.1,88,3
29-09-2023 21:30,24.1,88,3
29-09-2023 21:45,24.2,87,3
29-09-2023 22:00,24.3,86,3
29-09-2023 22:15,24.3,84,3
29-09-2023 22:30,24.2,90,3
29-09-2023 22:45,24.2,90,3
29-09-2023 23:00,24.2,90,3
29-09-2023 23:15,24.2,90,3
29-09-2023 23:30,24.2,90,3
29-09-2023 23:45,24.2,90,3
30-09-2023 00:00,24,90,3
30-09-2023 00:30,23.9,88,3
30-09-2023 00:45,23.8,88,3
30-09-2023 01:00,23.8,88,3
30-09-2023 01:15,23.7,88,3
30-09-2023 01:30,23.7,88,3
30-09-2023 01:45,23.7,89,3
30-09-2023 02:00,23.8,89,3
30-09-2023 02:15,24,88,3
30-09-2023 02:30,24.1,87,3
30-09-2023 02:45,24.2,87,3
30-09-2023 03:00,24.2,86,3
30-09-2023 03:15,24.3,87,3
30-09-2023 03:30,24.3,86,3
30-09-2023 03:45,24.3,84,3
30-09-2023 04:00,24.4,84,3
30-09-2023 04:15,24.3,85,3
30-09-2023 04:30,24.2,85,3
30-09-2023 04:45,24.2,84,3
30-09-2023 05:00,24.1,85,3
30-09-2023 05:15,24.2,84,3
30-09-2023 05:30,24.2,85,3
30-09-2023 05:45,24,84,3
30-09-2023 06:00,23.6,85,3
30-09-2023 06:15,23.4,85,3
30-09-2023 06:30,23.3,85,3
30-09-2023 06:45,23.2,85,3
30-09-2023 07:00,23.3,85,3
30-09-2023 07:15,23.6,85,3
30-09-2023 07:30,23.9,85,3
30-09-2023 07:45,24.1,39,3
30-09-2023 08:00,24.4,38,3
30-09-2023 08:15,25.6,39,3
30-09-2023 08:30,26.4,35,3
30-09-2023 08:45,27.1,34,0
30-09-2023 09:00,27.5,32,0
30-09-2023 09:15,26.9,34,0
30-09-2023 09:30,27.2,32,0
30-09-2023 09:45,27.3,29,0
30-09-2023 10:15,28.1,30,0
30-09-2023 10:30,28.8,29,0
30-09-2023 10:45,29.3,30,0
30-09-2023 11:00,29.3,32,0
30-09-2023 11:15,29.7,28,0
30-09-2023 11:30,30.1,28,0
30-09-2023 11:45,30.4,29,0
30-09-2023 12:00,30.2,30,0
30-09-2023 12:15,30.5,29,0
30-09-2023 12:30,31.2,28,0
30-09-2023 12:45,31.4,29,0
30-09-2023 13:00,31.1,30,0
30-09-2023 13:15,31.2,29,0
30-09-2023 13:30,31.6,28,0
30-09-2023 13:45,31.4,27,0
30-09-2023 14:00,31.6,28,0
30-09-2023 14:15,31.3,26,0
30-09-2023 14:30,31.6,27,0
30-09-2023 14:45,31,27,0
30-09-2023 15:00,30.9,28,0
30-09-2023 15:15,31.1,27,0
30-09-2023 15:30,30.9,28,0
30-09-2023 15:45,30.9,27,0
30-09-2023 16:00,31,28,0
30-09-2023 16:15,31.2,28,0
30-09-2023 16:30,30.6,29,0
30-09-2023 16:45,30.9,28,0
30-09-2023 17:00,30,29,0
30-09-2023 17:15,29.8,30,0
30-09-2023 17:30,29.2,31,0
30-09-2023 17:45,28.8,33,0
30-09-2023 18:00,28.5,32,0
30-09-2023 18:15,28.3,35,0
30-09-2023 18:30,27.5,36,0
30-09-2023 18:45,27.5,36,0
30-09-2023 19:00,27.1,34,0
30-09-2023 19:15,26.6,34,0
30-09-2023 19:30,24.1,80,0.5
30-09-2023 19:45,24.1,38,0.5
30-09-2023 20:00,24.3,39,0.5
30-09-2023 20:15,24.2,83,0.5
30-09-2023 20:30,24.3,74,0.5
30-09-2023 20:45,24.3,73,0.5
30-09-2023 21:00,24.5,85,0.5
30-09-2023 21:15,24.7,74,0.5
30-09-2023 21:30,24.7,75,0.5
30-09-2023 21:45,24.8,86,0.5
30-09-2023 22:00,24.6,87,0.5
30-09-2023 22:15,24.8,87,1
30-09-2023 22:30,24.8,87,1
30-09-2023 22:45,25,86,1
30-09-2023 23:00,25.2,86,1
30-09-2023 23:15,24.9,87,1
30-09-2023 23:30,24.7,88,1
30-09-2023 23:45,24.4,88,1
01-10-2023 00:00,24,89,1
01-10-2023 00:30,23.6,92,2.5
01-10-2023 00:45,23.6,92,2.5
01-10-2023 01:00,23.7,92,2.5
01-10-2023 01:15,23.8,92,2.5
01-10-2023 01:30,23.7,92,2.5
01-10-2023 01:45,23.7,93,2.5
01-10-2023 02:00,23.6,92,2.5
01-10-2023 02:15,23.7,92,2.5
01-10-2023 02:30,23.7,93,2.5
01-10-2023 02:45,23.9,92,2.5
01-10-2023 03:00,23.9,92,2.5
01-10-2023 03:15,23.9,92,2.5
01-10-2023 03:30,23.9,92,2.5
01-10-2023 03:45,24,92,2.5
01-10-2023 04:00,24.1,92,2.5
01-10-2023 04:15,24.1,92,2.5
01-10-2023 04:30,24.1,92,2.5
01-10-2023 04:45,24.1,92,2.5
01-10-2023 05:00,24.1,92,2.5
01-10-2023 05:15,24.2,91,2.5
01-10-2023 05:30,24.2,90,2.5
01-10-2023 05:45,24.3,81,2.5
01-10-2023 06:00,24.3,68,2.5
01-10-2023 06:15,24.4,89,2.5
01-10-2023 06:30,24.5,91,2.5
01-10-2023 06:45,24.5,91,2.5
01-10-2023 07:00,24.6,92,2.5
01-10-2023 07:15,24.7,82,2.5
01-10-2023 07:30,24.9,92,2.5
01-10-2023 07:45,25.3,75,2.5
01-10-2023 08:00,25.7,39,2.5
01-10-2023 08:15,26,39,2.5
01-10-2023 08:30,26.2,39,2.5
01-10-2023 08:45,26.3,39,0
01-10-2023 09:00,26.5,39,0
01-10-2023 09:15,27,47,0
01-10-2023 09:30,27.1,44,0
01-10-2023 09:45,27.2,45,0
01-10-2023 10:15,27.6,44,0
01-10-2023 10:30,28,45,0
01-10-2023 10:45,28.3,36,0
01-10-2023 11:00,28.6,34,0
01-10-2023 11:15,28.9,35,0
01-10-2023 11:30,29.3,34,0
01-10-2023 11:45,29.4,30,0
01-10-2023 12:00,29.7,30,0
01-10-2023 12:15,30.2,29,0
01-10-2023 12:30,30.4,28,0
01-10-2023 12:45,30.5,28,0
01-10-2023 13:00,30.6,27,0
01-10-2023 13:15,30.4,23,0
01-10-2023 13:30,30.5,25,0
01-10-2023 13:45,30.7,25,0
01-10-2023 14:00,30.8,23,0
01-10-2023 14:15,31.5,23,0
01-10-2023 14:30,32.1,23,0
01-10-2023 14:45,32.3,22,0
01-10-2023 15:00,31.4,22,0
01-10-2023 15:15,31.2,22,0
01-10-2023 15:30,31.1,23,0
01-10-2023 15:45,30.9,24,0
01-10-2023 16:00,30.3,26,0
01-10-2023 16:15,30,27,0
01-10-2023 16:30,29.4,30,0
01-10-2023 16:45,28.8,34,0
01-10-2023 17:00,28.3,40,0
01-10-2023 17:15,27.8,42,0
01-10-2023 17:30,27.3,44,0
01-10-2023 17:45,27.1,45,0
01-10-2023 18:00,27.1,44,0
01-10-2023 18:15,26.8,48,0
01-10-2023 18:30,26.6,52,0
01-10-2023 18:45,26.5,48,0
01-10-2023 19:00,26.5,48,0
01-10-2023 19:15,26.4,47,0
01-10-2023 19:30,26.3,48,0
01-10-2023 19:45,26.4,48,0
01-10-2023 20:00,26.1,50,0
01-10-2023 20:15,25.8,49,0
01-10-2023 20:30,25.4,50,0.5
01-10-2023 20:45,25.3,57,0.5
01-10-2023 21:00,25.2,60,1
01-10-2023 21:15,25.1,89,1.5
01-10-2023 21:30,24.7,90,1.5
01-10-2023 21:45,24.5,91,2
01-10-2023 22:00,24.1,91,2
01-10-2023 22:15,24,91,2
01-10-2023 22:30,23.8,91,2
01-10-2023 22:45,23.9,91,2
01-10-2023 23:15,23.5,92,2.5
01-10-2023 23:30,23.5,92,2.5
01-10-2023 23:45,23.5,93,3
02-10-2023 00:00,23.5,93,3
02-10-2023 00:30,23.6,93,3
02-10-2023 00:45,23.6,93,3
02-10-2023 01:00,23.7,94,3
02-10-2023 01:15,23.7,94,3.5
02-10-2023 01:30,23.6,94,4
02-10-2023 01:45,23.6,94,4.5
02-10-2023 02:00,23.7,94,4.5
02-10-2023 02:15,23.7,94,4.5
02-10-2023 02:30,23.8,94,4.5
02-10-2023 02:45,23.7,94,4.5
02-10-2023 03:00,23.6,94,4.5
02-10-2023 03:15,23.6,94,4.5
02-10-2023 03:30,23.5,94,4.5
02-10-2023 03:45,23.1,93,4.5
02-10-2023 04:00,22.9,93,4.5
02-10-2023 04:15,22.6,93,4.5
02-10-2023 04:30,22.6,93,4.5
02-10-2023 04:45,22.7,93,4.5
02-10-2023 05:00,23,93,4.5
02-10-2023 05:15,23.1,93,4.5
02-10-2023 05:30,23.2,93,4.5
02-10-2023 05:45,23.2,93,4.5
02-10-2023 06:00,23.2,93,4.5
02-10-2023 06:15,23.2,93,4.5
02-10-2023 06:30,23.2,93,4.5
02-10-2023 06:45,23.3,92,4.5
02-10-2023 07:00,23.4,92,4.5
02-10-2023 07:15,23.7,92,4.5
02-10-2023 07:30,24,91,4.5
02-10-2023 08:15,24.4,90,4.5
02-10-2023 08:30,24.4,89,4.5
02-10-2023 08:45,24.6,88,0
02-10-2023 09:00,24.7,88,0
02-10-2023 09:15,24.9,62,0
02-10-2023 09:30,25,62,0
02-10-2023 09:45,25.1,56,0
02-10-2023 10:00,25.2,52,0
02-10-2023 10:15,25.4,50,0
02-10-2023 10:30,25.5,50,0
02-10-2023 10:45,25.7,38,0
02-10-2023 11:00,26.1,35,0
02-10-2023 11:15,26.3,34,0
02-10-2023 11:30,26.4,34,0
02-10-2023 11:45,26.4,32,0
02-10-2023 12:00,27,31,0
02-10-2023 12:15,27.1,32,0
02-10-2023 12:30,27.3,36,0
02-10-2023 12:45,27.1,31,0
02-10-2023 13:00,26.9,33,0
02-10-2023 13:15,26.8,33,0
02-10-2023 13:30,27,33,0
02-10-2023 13:45,27.1,33,0
02-10-2023 14:00,27.4,33,0
02-10-2023 14:15,27.4,32,0
02-10-2023 14:30,27.4,31,0
02-10-2023 14:45,27.4,31,0
02-10-2023 15:00,27.7,31,0
02-10-2023 15:15,27.6,31,0
02-10-2023 15:30,27.6,30,0
02-10-2023 15:45,27.8,31,0
02-10-2023 16:00,27.5,31,0
02-10-2023 16:15,27.6,31,0
02-10-2023 16:30,27.3,32,0
02-10-2023 16:45,27.1,32,0
02-10-2023 17:00,27,31,0
02-10-2023 17:15,26.8,32,0
02-10-2023 17:30,26.6,34,0
02-10-2023 17:45,26.3,32,0
02-10-2023 18:00,26.1,32,0
02-10-2023 18:15,25.9,33,0
02-10-2023 18:30,25.7,34,0
02-10-2023 18:45,25.5,35,0
02-10-2023 19:00,25.4,35,0
02-10-2023 19:15,25.2,35,0
02-10-2023 19:30,25.2,35,0
02-10-2023 19:45,25.2,35,0
02-10-2023 20:00,25,35,0
02-10-2023 20:15,25,35,0
02-10-2023 20:30,24.8,36,0
02-10-2023 20:45,24.7,36,0
02-10-2023 21:00,24.7,36,0
02-10-2023 21:15,24.7,36,0
02-10-2023 21:30,24.6,36,0
02-10-2023 21:45,24.4,37,0
02-10-2023 22:00,24.2,38,0
02-10-2023 22:15,24,38,0
02-10-2023 22:30,23.9,39,0
02-10-2023 22:45,24,38,0
02-10-2023 23:00,23.9,38,0
02-10-2023 23:15,23.7,39,0
02-10-2023 23:30,23.5,39,0
02-10-2023 23:45,23.4,41,0
03-10-2023 00:00,23.1,47,0
03-10-2023 00:15,23,54,0
03-10-2023 00:30,22.9,48,0
03-10-2023 00:45,22.7,89,0
03-10-2023 01:00,22.5,92,0
03-10-2023 01:15,22.5,92,0
03-10-2023 01:30,22.5,91,0
03-10-2023 01:45,22.7,91,0
03-10-2023 02:00,22.7,91,0
03-10-2023 02:15,22.8,90,0
03-10-2023 02:30,22.8,90,0
03-10-2023 02:45,22.8,90,0
03-10-2023 03:00,22.7,90,0
03-10-2023 03:15,22.8,90,0
03-10-2023 03:30,22.9,90,0
03-10-2023 03:45,23,90,0
03-10-2023 04:00,23,90,0
03-10-2023 04:15,23,90,0
03-10-2023 04:30,23,90,0
03-10-2023 05:15,22.9,90,0
03-10-2023 05:45,22.8,91,0
03-10-2023 06:00,22.9,90,0
03-10-2023 06:15,23,90,0
03-10-2023 06:30,23.1,90,0
03-10-2023 06:45,23.3,90,0
03-10-2023 07:00,23.3,90,0
03-10-2023 07:15,23.5,90,0
03-10-2023 07:30,23.8,90,0
03-10-2023 07:45,24.1,89,0.5
03-10-2023 08:00,24.6,88,0.5
03-10-2023 08:15,25.2,48,0.5
03-10-2023 08:30,25.7,34,0.5
03-10-2023 08:45,25.8,34,0
03-10-2023 09:00,26.1,33,0
03-10-2023 09:15,26.4,32,0
03-10-2023 09:30,26.5,31,0
03-10-2023 09:45,27,30,0
03-10-2023 10:00,27.3,30,0
03-10-2023 10:15,27.8,29,0
03-10-2023 10:30,28.2,29,0
03-10-2023 10:45,28.7,35,0
03-10-2023 11:00,28.7,26,0
03-10-2023 11:15,29.2,26,0
03-10-2023 11:30,29.8,25,0
03-10-2023 11:45,29.9,23,0
03-10-2023 12:00,30.9,23,0
03-10-2023 12:15,30.8,23,0
03-10-2023 12:30,31.1,21,0
03-10-2023 12:45,31.6,24,0
03-10-2023 13:00,32.1,24,0
03-10-2023 13:15,32.1,19,0
03-10-2023 13:30,33.2,19,0
03-10-2023 13:45,32.8,17,0
03-10-2023 14:00,32.5,19,0
03-10-2023 14:15,33.9,17,0
03-10-2023 14:30,33.2,16,0
03-10-2023 14:45,33.6,17,0
03-10-2023 15:00,34.1,19,0
03-10-2023 15:15,31.7,24,0
03-10-2023 15:30,32.6,23,0
03-10-2023 15:45,31.9,23,0
03-10-2023 16:00,32.4,25,0
03-10-2023 16:15,32,27,0
03-10-2023 16:30,30.5,36,0
03-10-2023 16:45,29.9,30,0
03-10-2023 17:00,29,32,0
03-10-2023 17:15,28.3,30,0
03-10-2023 17:30,28,31,0
03-10-2023 17:45,27.8,32,0
03-10-2023 18:00,27.4,33,0
03-10-2023 18:15,27.1,33,0
03-10-2023 18:30,26.8,35,0
03-10-2023 18:45,26,37,0
03-10-2023 19:00,25.7,36,0
03-10-2023 19:15,25.4,38,0
03-10-2023 19:30,25.2,38,0
03-10-2023 19:45,25.1,39,0
03-10-2023 20:00,24.8,82,0
03-10-2023 20:15,24.7,77,0
03-10-2023 20:30,24.6,39,0
03-10-2023 20:45,24.7,41,0
03-10-2023 21:00,25,43,0
03-10-2023 21:15,24.9,43,0
03-10-2023 21:30,24.6,44,0
03-10-2023 21:45,24.5,45,0
03-10-2023 22:00,24.4,45,0
03-10-2023 22:15,24.5,45,0
03-10-2023 22:30,24.6,45,0
03-10-2023 22:45,24.6,46,0
03-10-2023 23:00,24.7,45,0
03-10-2023 23:15,24.7,46,0
03-10-2023 23:30,24.6,46,0
03-10-2023 23:45,24.6,46,0
04-10-2023 00:00,24.6,46,0
04-10-2023 00:15,24.5,46,0
04-10-2023 00:30,24.4,47,0
04-10-2023 00:45,24.3,46,0
04-10-2023 01:00,24.1,48,0
04-10-2023 01:15,23.9,46,0
04-10-2023 01:30,23.8,38,0
04-10-2023 01:45,23.7,38,0
04-10-2023 02:00,23.5,38,0
04-10-2023 02:15,23.7,39,0
04-10-2023 02:30,23.6,39,0
04-10-2023 02:45,23.4,39,0
04-10-2023 03:00,23.3,38,0
04-10-2023 03:15,23.2,39,0
04-10-2023 03:30,23,38,0
04-10-2023 03:45,22.6,38,0
04-10-2023 04:00,22.4,39,0
04-10-2023 04:15,22.2,39,0
04-10-2023 04:45,21.9,39,0
04-10-2023 05:00,21.9,39,0
04-10-2023 05:15,21.7,38,0
04-10-2023 05:30,21.6,38,0
04-10-2023 05:45,21.4,38,0
04-10-2023 06:00,21.3,39,0
04-10-2023 06:15,21.3,39,0
04-10-2023 06:30,21.1,39,0
04-10-2023 06:45,21.2,39,0
04-10-2023 07:00,21.1,38,0
04-10-2023 07:15,21.5,39,0
04-10-2023 07:30,22.1,39,0
04-10-2023 07:45,23.1,38,0
04-10-2023 08:00,23.8,38,0
04-10-2023 08:15,24.6,37,0
04-10-2023 08:30,25.2,36,0
04-10-2023 08:45,26.5,35,0
04-10-2023 09:00,27.4,34,0
04-10-2023 09:15,27.7,30,0
04-10-2023 09:30,28.4,32,0
04-10-2023 09:45,29.2,31,0
04-10-2023 10:00,29.7,28,0
04-10-2023 10:15,30.1,28,0
04-10-2023 10:30,30.7,28,0
04-10-2023 10:45,30.7,33,0
04-10-2023 11:00,31.2,28,0
04-10-2023 11:15,31.4,29,0
04-10-2023 11:30,31.5,29,0
04-10-2023 11:45,32.5,29,0
04-10-2023 12:00,32.8,26,0
04-10-2023 12:15,32.7,27,0
04-10-2023 12:30,33.3,21,0
04-10-2023 12:45,33.3,22,0
04-10-2023 13:00,33.6,24,0
04-10-2023 13:15,33.6,20,0
04-10-2023 13:30,33.8,21,0
04-10-2023 13:45,34,21,0
04-10-2023 14:00,34.3,21,0
04-10-2023 14:15,34.3,18,0
04-10-2023 14:30,34.7,17,0
04-10-2023 14:45,35.2,14,0
04-10-2023 15:00,34.8,11,0
04-10-2023 15:15,35.5,10,0
04-10-2023 15:30,34.7,12,0
04-10-2023 15:45,34.6,13,0
04-10-2023 16:00,34.2,13,0
04-10-2023 16:15,33.9,19,0
04-10-2023 16:30,34.1,13,0
04-10-2023 16:45,33.9,15,0
04-10-2023 17:00,32.3,25,0
04-10-2023 17:15,31.8,21,0
04-10-2023 17:30,31,22,0
04-10-2023 17:45,30.5,25,0
04-10-2023 18:00,29.5,25,0
04-10-2023 18:15,28.5,30,0
04-10-2023 18:30,27.8,28,0
04-10-2023 18:45,27.4,28,0
04-10-2023 19:00,27,29,0
04-10-2023 19:15,26.7,30,0
04-10-2023 19:30,26.2,32,0
04-10-2023 19:45,25.9,44,0
04-10-2023 20:00,25.7,35,0
04-10-2023 20:15,25.4,36,0
04-10-2023 20:30,24.8,38,0
04-10-2023 20:45,24.8,43,0
04-10-2023 21:00,24.8,61,0
04-10-2023 21:15,24.8,63,0
04-10-2023 21:30,24.4,64,0
04-10-2023 21:45,24.1,60,0
04-10-2023 22:00,23.8,47,0
04-10-2023 22:15,23.8,45,0
04-10-2023 22:30,23.8,47,0
04-10-2023 22:45,23.8,48,0
04-10-2023 23:00,23.7,51,0
04-10-2023 23:15,23.7,48,0
04-10-2023 23:30,23.5,46,0
04-10-2023 23:45,23.4,45,0
05-10-2023 00:00,23.3,40,0
05-10-2023 00:15,23.2,40,0
05-10-2023 00:30,23.2,41,0
05-10-2023 00:45,23.1,42,0
05-10-2023 01:00,22.5,41,0
05-10-2023 01:15,22.1,42,0
05-10-2023 01:30,21.9,45,0
05-10-2023 01:45,21.8,40,0
05-10-2023 02:00,21.7,36,0
05-10-2023 02:15,21.7,37,0
05-10-2023 02:30,21.3,36,0
05-10-2023 02:45,21.3,41,0
05-10-2023 03:00,21.5,46,0
05-10-2023 03:15,21.3,47,0
05-10-2023 03:30,21.3,49,0
05-10-2023 03:45,21.1,49,0
05-10-2023 04:00,20.9,52,0
05-10-2023 04:15,20.6,48,0
05-10-2023 04:45,20.3,44,0
05-10-2023 05:00,20.2,36,0
05-10-2023 05:15,19.4,34,0
05-10-2023 05:30,19.5,35,0
05-10-2023 05:45,19.9,35,0
05-10-2023 06:00,20.3,36,0
05-10-2023 06:15,20.2,35,0
05-10-2023 06:30,19.7,36,0
05-10-2023 06:45,19.3,34,0
05-10-2023 07:00,20,35,0
05-10-2023 07:15,20.6,36,0
05-10-2023 07:30,20.9,36,0
05-10-2023 07:45,21.5,36,0
05-10-2023 08:00,22.1,35,0
05-10-2023 08:15,23.2,36,0
05-10-2023 08:30,24.2,35,0
05-10-2023 08:45,25.1,34,0
05-10-2023 09:00,26,31,0
05-10-2023 09:15,26.8,43,0
05-10-2023 09:30,27.5,54,0
05-10-2023 09:45,28.4,37,0
05-10-2023 10:00,29.6,18,0
05-10-2023 10:15,29.9,29,0
05-10-2023 10:30,30.9,41,0
05-10-2023 10:45,31.6,37,0
05-10-2023 11:00,31.5,32,0
05-10-2023 11:15,31.5,32,0
05-10-2023 11:30,32.8,28,0
05-10-2023 11:45,32.8,21,0
05-10-2023 12:00,32.3,18,0
05-10-2023 12:15,32.4,17,0
05-10-2023 12:30,33.5,17,0
05-10-2023 12:45,32.9,15,0
05-10-2023 13:00,33.2,15,0
05-10-2023 13:30,33.4,14,0
05-10-2023 13:45,33.7,15,0
05-10-2023 14:00,33.9,14,0
05-10-2023 14:15,34,16,0
05-10-2023 14:30,34.3,16,0
05-10-2023 14:45,34.5,16,0
05-10-2023 15:00,34.1,17,0
05-10-2023 15:15,34.1,16,0
05-10-2023 15:30,34.2,17,0
05-10-2023 15:45,34,18,0
05-10-2023 16:00,33.8,17,0
05-10-2023 16:15,33.2,19,0
05-10-2023 16:30,32.6,21,0
05-10-2023 16:45,32.3,23,0
05-10-2023 17:15,30.9,28,0
05-10-2023 17:30,30.2,28,0
05-10-2023 17:45,29.6,28,0
05-10-2023 18:00,28.8,34,0
05-10-2023 18:15,27.8,44,0
05-10-2023 18:30,27.2,21,0
05-10-2023 18:45,26.8,22,0
05-10-2023 19:00,26.4,22,0
05-10-2023 19:15,25.6,23,0
05-10-2023 19:30,24.8,26,0
05-10-2023 19:45,24.6,26,0
05-10-2023 20:00,24.8,28,0
05-10-2023 20:15,24.5,29,0
05-10-2023 20:45,23.4,34,0
05-10-2023 21:00,23.3,37,0
05-10-2023 21:15,23.3,35,0
05-10-2023 21:30,22.9,35,0
05-10-2023 21:45,22.9,32,0
05-10-2023 22:00,23.2,33,0
05-10-2023 22:15,23.1,33,0
05-10-2023 22:30,22.6,33,0
05-10-2023 22:45,22.2,33,0
05-10-2023 23:00,22.1,35,0
05-10-2023 23:15,21.8,35,0
05-10-2023 23:30,21.8,37,0
05-10-2023 23:45,21.7,38,0
06-10-2023 00:00,21.5,37,0
06-10-2023 00:15,21.5,36,0
06-10-2023 00:30,21.5,36,0
06-10-2023 00:45,21.2,34,0
06-10-2023 01:00,21.3,34,0
06-10-2023 01:15,21.2,37,0
06-10-2023 01:30,21,36,0
06-10-2023 01:45,21.1,39,0
06-10-2023 02:00,20.9,41,0
06-10-2023 02:15,20.9,42,0
06-10-2023 02:30,21,44,0
06-10-2023 02:45,20.7,50,0
06-10-2023 03:00,20.7,52,0
06-10-2023 03:15,20.4,49,0
06-10-2023 03:30,20.6,49,0
06-10-2023 03:45,20.3,48,0
06-10-2023 04:00,20.2,52,0
06-10-2023 04:15,20.3,50,0
06-10-2023 04:30,20.3,51,0
06-10-2023 05:00,20.4,53,0
06-10-2023 05:15,20.2,52,0
06-10-2023 05:45,20.4,52,0
06-10-2023 06:00,20.4,54,0
06-10-2023 06:15,20.1,54,0
06-10-2023 06:30,20,55,0
06-10-2023 06:45,19.9,57,0
06-10-2023 07:00,20,57,0
06-10-2023 07:15,20.2,55,0
06-10-2023 07:30,20.5,55,0
06-10-2023 07:45,21.1,57,0
06-10-2023 08:00,21.8,54,0
06-10-2023 08:15,22.4,56,0
06-10-2023 08:30,23.2,56,0
06-10-2023 08:45,24.6,53,0
06-10-2023 09:00,25.4,53,0
06-10-2023 09:15,26.4,49,0
06-10-2023 09:30,27.3,45,0
06-10-2023 09:45,28.7,41,0
06-10-2023 10:00,29.2,39,0
06-10-2023 10:15,29.8,37,0
06-10-2023 10:30,30.5,36,0
06-10-2023 10:45,30.7,38,0
06-10-2023 11:00,30.9,37,0
06-10-2023 11:15,31.7,31,0
06-10-2023 11:30,31.6,30,0
06-10-2023 11:45,32.2,27,0
06-10-2023 12:00,32.5,30,0
06-10-2023 12:15,32.6,28,0
06-10-2023 12:30,32.7,27,0
06-10-2023 12:45,33.5,25,0
06-10-2023 13:00,33.4,24,0
06-10-2023 13:15,33.3,24,0
06-10-2023 13:30,34,23,0
06-10-2023 13:45,33.9,25,0
06-10-2023 14:00,34.9,22,0
06-10-2023 14:15,35.3,25,0
06-10-2023 14:30,35.2,25,0
06-10-2023 14:45,34.8,27,0
06-10-2023 15:00,35.6,22,0
06-10-2023 15:15,36,23,0
06-10-2023 15:30,35.5,22,0
06-10-2023 15:45,35.6,22,0
06-10-2023 16:00,36.3,19,0
06-10-2023 16:15,35.6,23,0
06-10-2023 16:30,35.2,21,0
06-10-2023 16:45,32.7,42,0
06-10-2023 17:00,31.2,48,0
06-10-2023 17:15,30.5,51,0
06-10-2023 17:30,29.9,54,0
06-10-2023 17:45,29.1,53,0
06-10-2023 18:00,28.4,45,0
06-10-2023 18:15,27.8,43,0
06-10-2023 18:30,27.3,46,0
06-10-2023 18:45,27,48,0
06-10-2023 19:00,26.7,50,0
06-10-2023 19:15,26.1,50,0
06-10-2023 19:30,26.1,51,0
06-10-2023 19:45,25.9,55,0
06-10-2023 20:00,25.9,58,0
06-10-2023 20:15,25.6,63,0
06-10-2023 20:30,25.5,67,0
06-10-2023 20:45,25.3,71,0
06-10-2023 21:15,24.7,74,0
06-10-2023 21:30,24.4,73,0
06-10-2023 21:45,24.2,61,0
06-10-2023 22:00,24.2,57,0
06-10-2023 22:15,24.1,67,0
06-10-2023 22:30,23.8,78,0
06-10-2023 22:45,23.7,83,0
06-10-2023 23:00,23.5,88,0
06-10-2023 23:15,23.6,83,0
06-10-2023 23:30,23.8,83,0
06-10-2023 23:45,23.4,80,0
07-10-2023 00:00,23.1,76,0
07-10-2023 00:15,22.9,91,0
07-10-2023 00:30,22.7,92,0
07-10-2023 00:45,22.6,92,0
07-10-2023 01:00,22.4,92,0
07-10-2023 01:15,22.2,93,0
07-10-2023 01:30,22,93,0
07-10-2023 01:45,22.2,93,0
07-10-2023 02:00,22.1,93,0
07-10-2023 02:15,22.1,93,0
07-10-2023 02:30,21.8,93,0
07-10-2023 02:45,22,93,0
07-10-2023 03:00,21.8,93,0
07-10-2023 03:15,21.6,93,0
07-10-2023 03:30,21.6,93,0
07-10-2023 03:45,21.5,93,0
07-10-2023 04:00,21.4,93,0
07-10-2023 04:15,21.4,94,0
07-10-2023 04:30,21.3,93,0
07-10-2023 05:15,21.1,85,0
07-10-2023 05:30,20.8,60,0
07-10-2023 05:45,20.6,50,0
07-10-2023 06:00,20.7,82,0
07-10-2023 06:15,20.7,78,0
07-10-2023 06:30,20.5,74,0
07-10-2023 06:45,20.5,82,0
07-10-2023 07:00,20.7,83,0
07-10-2023 07:15,21.2,83,0
07-10-2023 07:30,21.6,83,0
07-10-2023 07:45,22.1,82,0
07-10-2023 08:00,22.9,82,0
07-10-2023 08:15,24.2,80,0
07-10-2023 08:30,24.7,79,0
07-10-2023 08:45,25.7,75,0
07-10-2023 09:00,27,71,0
07-10-2023 09:15,27.9,65,0
07-10-2023 09:30,29.2,64,0
07-10-2023 09:45,29.7,62,0
07-10-2023 10:00,30.3,58,0
07-10-2023 10:15,31.2,55,0
07-10-2023 10:30,32.1,50,0
07-10-2023 10:45,32.1,47,0
07-10-2023 11:00,32.3,25,0
07-10-2023 11:15,33,23,0
07-10-2023 11:30,33.6,22,0
07-10-2023 11:45,32.6,21,0
07-10-2023 12:00,32.9,20,0
07-10-2023 12:15,33.1,21,0
07-10-2023 12:30,34,20,0
07-10-2023 12:45,33.1,21,0
07-10-2023 13:00,33.3,20,0
07-10-2023 13:15,32.9,20,0
07-10-2023 13:30,33.8,19,0
07-10-2023 13:45,33.8,19,0
07-10-2023 14:00,34.3,18,0
07-10-2023 14:15,34.1,18,0
07-10-2023 14:30,34.6,17,0
07-10-2023 14:45,35.4,18,0
07-10-2023 15:00,36.2,17,0
07-10-2023 15:15,35.4,17,0
07-10-2023 15:30,35.4,17,0
07-10-2023 15:45,35.3,17,0
07-10-2023 16:00,36,16,0
07-10-2023 16:15,36.1,16,0
07-10-2023 16:30,35.3,17,0
07-10-2023 16:45,34.3,23,0
07-10-2023 17:00,32.1,29,0
07-10-2023 17:15,31.3,30,0
07-10-2023 17:30,30.8,33,0
07-10-2023 17:45,29.9,34,0
07-10-2023 18:00,29.2,34,0
07-10-2023 18:15,28.5,35,0
07-10-2023 18:30,28.2,34,0
07-10-2023 18:45,27.7,35,0
07-10-2023 19:00,27.4,43,0
07-10-2023 19:15,27.2,59,0
07-10-2023 19:30,26.9,46,0
07-10-2023 19:45,26.7,45,0
07-10-2023 20:00,26.5,42,0
07-10-2023 20:15,26.4,41,0
07-10-2023 20:30,26.1,40,0
07-10-2023 20:45,25.9,40,0
07-10-2023 21:00,25.5,42,0
07-10-2023 21:15,25.3,41,0
07-10-2023 21:30,25.5,42,0
07-10-2023 21:45,25.5,41,0
07-10-2023 22:00,25.4,42,0
07-10-2023 22:15,25,42,0
07-10-2023 22:30,24.9,43,0
07-10-2023 22:45,24.9,43,0
07-10-2023 23:00,24.7,44,0
07-10-2023 23:15,24.5,43,0
07-10-2023 23:30,24.5,43,0
07-10-2023 23:45,24.5,43,0
08-10-2023 00:00,24.6,44,0
08-10-2023 00:15,24.4,44,0
08-10-2023 00:30,24.4,43,0
08-10-2023 00:45,24,44,0
08-10-2023 01:00,24,44,0
08-10-2023 01:15,23.8,45,0
08-10-2023 01:30,23.4,45,0
08-10-2023 01:45,23.4,44,0
08-10-2023 02:00,23.4,47,0
08-10-2023 02:15,23.2,47,0
08-10-2023 02:30,23.1,46,0
08-10-2023 02:45,23.1,44,0
08-10-2023 03:00,23,46,0
08-10-2023 03:15,22.9,46,0
08-10-2023 03:30,22.6,44,0
08-10-2023 04:15,22.2,91,0
08-10-2023 04:45,21.8,92,0
08-10-2023 05:00,21.6,92,0
08-10-2023 05:15,21.7,93,0
08-10-2023 05:30,21.7,93,0
08-10-2023 05:45,21.6,93,0
08-10-2023 06:00,21.3,93,0
08-10-2023 06:15,21.3,93,0
08-10-2023 06:30,21.1,93,0
08-10-2023 06:45,21.3,87,0
08-10-2023 07:00,21.8,81,0
08-10-2023 07:15,21.9,83,0
08-10-2023 07:30,22.2,76,0
08-10-2023 07:45,23.1,66,0
08-10-2023 08:00,23.9,74,0
08-10-2023 08:15,25,73,0
08-10-2023 08:30,26.3,64,0
08-10-2023 08:45,27,62,0
08-10-2023 09:00,28.1,60,0
08-10-2023 09:15,29.2,47,0
08-10-2023 09:30,30.1,43,0
08-10-2023 09:45,30.5,42,0
08-10-2023 10:00,31.7,38,0
08-10-2023 10:15,31.3,37,0
08-10-2023 10:30,32,35,0
08-10-2023 10:45,31.8,35,0
08-10-2023 11:00,32.5,33,0
08-10-2023 11:15,32.4,33,0
08-10-2023 11:30,32.9,33,0
08-10-2023 11:45,33.1,29,0
08-10-2023 12:00,33.9,29,0
08-10-2023 12:15,33.3,31,0
08-10-2023 12:30,33.2,28,0
08-10-2023 12:45,33.9,26,0
08-10-2023 13:00,34,22,0
08-10-2023 13:15,34.6,21,0
08-10-2023 13:30,35,21,0
08-10-2023 13:45,34.7,20,0
08-10-2023 14:00,35.2,21,0
08-10-2023 14:15,35.6,18,0
08-10-2023 14:30,35.2,20,0
08-10-2023 14:45,36.3,19,0
08-10-2023 15:00,36.8,19,0
08-10-2023 15:15,37.3,18,0
08-10-2023 15:30,36.7,20,0
08-10-2023 15:45,36.4,19,0
08-10-2023 16:00,35.1,22,0
08-10-2023 16:15,35.4,20,0
08-10-2023 16:30,34.5,25,0
08-10-2023 16:45,34,23,0
08-10-2023 17:00,33.9,23,0
08-10-2023 17:15,33.2,25,0
08-10-2023 17:30,32.6,25,0
08-10-2023 17:45,31.6,31,0
08-10-2023 18:00,30.6,41,0
08-10-2023 18:15,30,44,0
08-10-2023 18:30,29.6,44,0
08-10-2023 18:45,29.4,41,0
08-10-2023 19:00,29.1,36,0
08-10-2023 19:15,29,34,0
08-10-2023 19:30,28.8,37,0
08-10-2023 19:45,28.1,47,0
08-10-2023 20:00,28,57,0
08-10-2023 20:15,27.7,58,0
08-10-2023 20:30,27.8,45,0
08-10-2023 20:45,27.5,46,0
08-10-2023 21:00,27.7,55,0
08-10-2023 21:15,27.6,55,0
08-10-2023 21:30,27.4,52,0
08-10-2023 21:45,27.2,53,0
08-10-2023 22:00,27.1,53,0
08-10-2023 22:15,26.9,53,0
08-10-2023 22:30,26.6,57,0
08-10-2023 22:45,26.4,58,0
08-10-2023 23:00,26.1,60,0
08-10-2023 23:15,25.9,60,0
08-10-2023 23:30,25.9,58,0
08-10-2023 23:45,25.9,58,0
09-10-2023 00:00,25.6,60,0
09-10-2023 00:15,24.7,83,0
09-10-2023 00:30,24.9,83,0
09-10-2023 00:45,25,81,0
09-10-2023 01:00,24.8,68,0
09-10-2023 01:15,24.7,34,0
09-10-2023 01:30,24.8,33,0
09-10-2023 01:45,24.5,34,0
09-10-2023 02:00,24.4,34,0
09-10-2023 02:15,24.2,33,0
09-10-2023 02:30,24.1,34,0
09-10-2023 02:45,23.6,32,0
09-10-2023 03:00,23.2,31,0
09-10-2023 03:15,23,31,0
09-10-2023 03:30,23,75,0
09-10-2023 04:00,23.1,71,0
09-10-2023 04:15,23,72,0
09-10-2023 04:45,22.6,87,0
09-10-2023 05:00,22.5,85,0
09-10-2023 05:15,22.5,89,0
09-10-2023 05:30,22.3,90,0
09-10-2023 05:45,22.2,90,0
09-10-2023 06:00,22,90,0
09-10-2023 06:15,21.9,90,0
09-10-2023 06:30,22,90,0
09-10-2023 06:45,22.2,88,0
09-10-2023 07:00,22.4,64,0
09-10-2023 07:15,22.6,78,0
09-10-2023 07:30,23.2,84,0
09-10-2023 07:45,23.7,85,0
09-10-2023 08:00,24.7,84,0
09-10-2023 08:15,25.7,80,0
09-10-2023 08:30,26.6,73,0
09-10-2023 08:45,27.1,69,0
09-10-2023 09:00,28.4,66,0
09-10-2023 09:15,29.7,58,0
09-10-2023 09:30,31,55,0
09-10-2023 09:45,31.5,55,0
09-10-2023 10:00,31.7,34,0
09-10-2023 10:15,32.5,33,0
09-10-2023 10:30,32.5,31,0
09-10-2023 10:45,32.9,28,0
09-10-2023 11:00,33.6,28,0
09-10-2023 11:15,33.5,27,0
09-10-2023 11:30,33.6,27,0
09-10-2023 11:45,34,29,0
09-10-2023 12:00,33.4,30,0
09-10-2023 12:15,33,31,0
09-10-2023 12:30,32.8,33,0
09-10-2023 12:45,33.6,31,0
09-10-2023 13:00,34.5,29,0
09-10-2023 13:15,34.9,26,0
09-10-2023 13:30,35.4,26,0
09-10-2023 13:45,35.4,24,0
09-10-2023 14:00,34.1,25,0
09-10-2023 14:15,35.1,26,0
09-10-2023 14:30,35.2,25,0
09-10-2023 14:45,34.8,27,0
09-10-2023 15:00,35.2,26,0
09-10-2023 15:15,35.3,25,0
09-10-2023 15:30,33.9,28,0
09-10-2023 15:45,33.2,33,0
09-10-2023 16:00,32.4,34,0
09-10-2023 16:15,31.8,35,0
09-10-2023 16:30,31.7,33,0
09-10-2023 16:45,31.7,45,0
09-10-2023 17:00,31.4,43,0
09-10-2023 17:15,31.3,53,0
09-10-2023 17:30,30.9,51,0
09-10-2023 17:45,30.4,53,0
09-10-2023 18:00,29.7,65,0
09-10-2023 18:15,29.1,67,0
09-10-2023 18:30,28.7,63,0
09-10-2023 18:45,28.2,59,0
09-10-2023 19:00,27.8,61,0
09-10-2023 19:15,27.5,64,0
09-10-2023 19:30,27,67,0
09-10-2023 19:45,26.7,67,0
09-10-2023 20:00,26.5,65,0
09-10-2023 20:15,26.2,67,0
09-10-2023 20:30,26.1,67,0
09-10-2023 20:45,26,65,0
09-10-2023 21:00,26,60,0
09-10-2023 21:15,25.4,66,0
09-10-2023 21:30,24.8,62,0
09-10-2023 21:45,24.3,79,0
09-10-2023 22:00,24.1,61,0
09-10-2023 22:15,24.2,77,0
09-10-2023 22:30,24.2,70,0
09-10-2023 22:45,24.2,84,0
09-10-2023 23:00,23.8,84,0
09-10-2023 23:15,23.7,83,0
09-10-2023 23:30,23.3,82,0
09-10-2023 23:45,23.2,77,0
10-10-2023 00:00,23,84,0
10-10-2023 00:15,22.8,91,0
10-10-2023 00:30,22.7,91,0
10-10-2023 00:45,22.6,91,0
10-10-2023 01:00,22.3,91,0
10-10-2023 01:15,22.2,42,0
10-10-2023 01:30,22,71,0
10-10-2023 01:45,22.2,73,0
10-10-2023 02:00,22,81,0
10-10-2023 02:15,22.5,76,0
10-10-2023 02:30,22.7,70,0
10-10-2023 02:45,22.8,72,0
10-10-2023 03:00,22.7,73,0
10-10-2023 03:15,22.5,71,0
10-10-2023 03:30,22.5,70,0
10-10-2023 03:45,22.6,69,0
10-10-2023 04:15,22.4,69,0
10-10-2023 04:30,22.2,68,0
10-10-2023 04:45,22,67,0
10-10-2023 05:00,21.8,67,0
10-10-2023 05:15,21.7,65,0
10-10-2023 05:30,21.7,68,0
10-10-2023 05:45,21.8,73,0
10-10-2023 06:00,21.7,64,0
10-10-2023 06:15,21.4,62,0
10-10-2023 06:30,21.3,63,0
10-10-2023 06:45,21.1,49,0
10-10-2023 07:00,21.2,60,0
10-10-2023 07:15,21.5,55,0
10-10-2023 07:30,22.2,58,0
10-10-2023 07:45,23.2,62,0
10-10-2023 08:00,23.9,56,0
10-10-2023 08:15,24.7,50,0
10-10-2023 08:30,25.8,53,0
10-10-2023 08:45,26.9,44,0
10-10-2023 09:00,27.7,38,0
10-10-2023 09:15,28.8,35,0
10-10-2023 09:30,29.2,35,0
10-10-2023 09:45,30,30,0
10-10-2023 10:00,31.1,27,0
10-10-2023 10:15,32.4,26,0
10-10-2023 10:30,32.4,26,0
10-10-2023 10:45,32.9,16,0
10-10-2023 11:00,33.5,14,0
10-10-2023 11:15,33.6,17,0
10-10-2023 11:30,34,12,0
10-10-2023 11:45,34.1,12,0
10-10-2023 12:00,34.3,11,0
10-10-2023 12:15,34.1,11,0
10-10-2023 12:30,34.8,11,0
10-10-2023 12:45,34.3,11,0
10-10-2023 13:00,35,12,0
10-10-2023 13:15,35.4,12,0
10-10-2023 13:30,35.5,12,0
10-10-2023 13:45,36.3,12,0
10-10-2023 14:00,35,12,0
10-10-2023 14:15,34.1,12,0
10-10-2023 14:30,35.2,11,0
10-10-2023 14:45,35,11,0
10-10-2023 15:00,34.1,12,0
10-10-2023 15:15,35.1,11,0
10-10-2023 15:30,35.9,11,0
10-10-2023 15:45,35.7,11,0
10-10-2023 16:00,34,14,0
10-10-2023 16:15,34,13,0
10-10-2023 16:30,33,15,0
10-10-2023 16:45,33.1,14,0
10-10-2023 17:00,32.5,14,0
10-10-2023 17:15,31.9,17,0
10-10-2023 17:30,31.2,18,0
10-10-2023 18:00,29.9,22,0
10-10-2023 18:15,29.2,25,0
10-10-2023 18:45,28.2,26,0
10-10-2023 19:00,27.8,28,0
10-10-2023 19:15,27.5,34,0
10-10-2023 19:30,27.1,28,0
10-10-2023 19:45,26.9,28,0
10-10-2023 20:00,26.6,26,0
10-10-2023 20:15,26.5,30,0
10-10-2023 20:30,26.3,27,0
10-10-2023 20:45,26.2,29,0
10-10-2023 21:00,25.9,32,0
10-10-2023 21:15,25.8,29,0
10-10-2023 21:30,25.3,34,0
10-10-2023 21:45,25.3,30,0
10-10-2023 22:00,24.8,30,0
10-10-2023 22:15,24.3,77,0
10-10-2023 22:30,24,34,0
10-10-2023 22:45,23.9,36,0
10-10-2023 23:00,23.7,36,0
10-10-2023 23:15,23.2,40,0
10-10-2023 23:30,22.9,41,0
10-10-2023 23:45,22.9,41,0
11-10-2023 00:00,22.6,38,0
11-10-2023 00:15,22.4,90,0
11-10-2023 00:30,22.4,91,0
11-10-2023 00:45,22.1,91,0
11-10-2023 01:00,21.7,91,0
11-10-2023 01:15,21.7,92,0
11-10-2023 01:30,21.7,92,0
11-10-2023 01:45,21.5,92,0
11-10-2023 02:00,21.3,92,0
11-10-2023 02:15,21.3,92,0
11-10-2023 02:30,21.4,92,0
11-10-2023 02:45,21.2,92,0
11-10-2023 03:00,21.1,92,0
11-10-2023 03:15,21.3,92,0
11-10-2023 03:30,21.1,92,0
11-10-2023 04:15,21.2,91,0
11-10-2023 04:30,21.3,91,0
11-10-2023 04:45,21.3,90,0
11-10-2023 05:00,21,90,0
11-10-2023 05:15,21,90,0
11-10-2023 05:30,20.8,91,0
11-10-2023 05:45,20.8,90,0
11-10-2023 06:00,20.9,90,0
11-10-2023 06:15,20.6,90,0
11-10-2023 06:30,20.7,90,0
11-10-2023 06:45,20.9,90,0
11-10-2023 07:00,21,89,0
11-10-2023 07:15,21.3,89,0
11-10-2023 07:30,22,88,0
11-10-2023 07:45,22.6,86,0
11-10-2023 08:00,23.8,81,0
11-10-2023 08:15,24.6,75,0
11-10-2023 08:30,25.2,72,0
11-10-2023 08:45,27.1,63,0
11-10-2023 09:00,28.2,62,0
11-10-2023 09:15,29.5,58,0
11-10-2023 09:30,30.1,53,0
11-10-2023 09:45,30.7,50,0
11-10-2023 10:00,31.9,48,0
11-10-2023 10:15,31.8,48,0
11-10-2023 10:30,32.2,17,0
11-10-2023 10:45,32.4,17,0
11-10-2023 11:00,32.4,15,0
11-10-2023 11:15,32.8,16,0
11-10-2023 11:30,33.2,16,0
11-10-2023 11:45,33,22,0
11-10-2023 12:00,33.1,25,0
11-10-2023 12:15,33.9,24,0
11-10-2023 12:30,33.8,24,0
11-10-2023 12:45,34,25,0
11-10-2023 13:00,33.2,25,0
11-10-2023 13:15,33.1,24,0
11-10-2023 13:30,33.4,23,0
11-10-2023 13:45,34.2,22,0
11-10-2023 14:00,34.7,21,0
11-10-2023 14:15,35.5,16,0
11-10-2023 14:30,35.2,17,0
11-10-2023 14:45,33.5,19,0
11-10-2023 15:00,32.8,18,0
11-10-2023 15:15,33.5,18,0
11-10-2023 15:30,32.9,19,0
11-10-2023 15:45,33.2,17,0
11-10-2023 16:00,33.6,18,0
11-10-2023 16:15,34.5,16,0
11-10-2023 16:30,35,15,0
11-10-2023 16:45,35.1,15,0
11-10-2023 17:00,34.7,14,0
11-10-2023 17:15,33.7,15,0
11-10-2023 17:30,32.1,19,0
11-10-2023 17:45,31.2,20,0
11-10-2023 18:00,30.6,20,0
11-10-2023 18:15,29.8,21,0
11-10-2023 18:30,29.4,21,0
11-10-2023 18:45,29.1,21,0
11-10-2023 19:00,28.8,21,0
11-10-2023 19:15,28.5,21,0
11-10-2023 19:30,28.2,21,0
11-10-2023 19:45,28.1,22,0
11-10-2023 20:00,28,22,0
11-10-2023 20:15,27.9,22,0
11-10-2023 20:30,27.7,23,0
11-10-2023 20:45,27.4,23,0
11-10-2023 21:00,27.4,24,0
11-10-2023 21:15,27.4,24,0
11-10-2023 21:30,27.1,24,0
11-10-2023 21:45,26.7,25,0
11-10-2023 22:00,26.6,27,0
11-10-2023 22:15,26.2,27,0
11-10-2023 22:30,25.2,32,0
11-10-2023 22:45,24.9,32,0
11-10-2023 23:00,24.6,33,0
11-10-2023 23:15,24.5,34,0
11-10-2023 23:30,24.5,34,0
11-10-2023 23:45,24.8,34,0
12-10-2023 00:00,24.8,34,0
12-10-2023 00:15,24.2,34,0
12-10-2023 00:30,24.1,34,0
12-10-2023 00:45,23.7,76,0
12-10-2023 01:00,23.5,74,0
12-10-2023 01:15,23.7,60,0
12-10-2023 01:30,23.6,69,0
12-10-2023 01:45,23.6,79,0
12-10-2023 02:00,23.4,81,0
12-10-2023 02:15,23.2,81,0
12-10-2023 02:30,23,85,0
12-10-2023 02:45,22.8,83,0
12-10-2023 03:00,22.8,35,0
12-10-2023 03:15,22.7,37,0
12-10-2023 03:30,22.7,36,0
12-10-2023 03:45,22.4,35,0
12-10-2023 04:00,22.2,37,0
12-10-2023 04:15,22.1,36,0
12-10-2023 04:45,21.9,40,0
12-10-2023 05:00,21.8,43,0
12-10-2023 05:15,21.6,43,0
12-10-2023 05:30,21.8,41,0
12-10-2023 05:45,21.8,41,0
12-10-2023 06:00,22.1,41,0
12-10-2023 06:15,22,41,0
12-10-2023 06:30,22,42,0
12-10-2023 06:45,22.1,42,0
12-10-2023 07:00,22.1,41,0
12-10-2023 07:15,22.5,42,0
12-10-2023 07:30,23,42,0
12-10-2023 07:45,23.7,40,0
12-10-2023 08:00,24.1,39,0
12-10-2023 08:15,24.7,38,0
12-10-2023 08:30,25.6,37,0
12-10-2023 08:45,26.9,36,0
12-10-2023 09:00,28.1,33,0
12-10-2023 09:15,29.2,31,0
12-10-2023 09:30,30.2,23,0
12-10-2023 09:45,31,20,0
12-10-2023 10:00,30.9,18,0
12-10-2023 10:15,31.4,18,0
12-10-2023 10:30,32,18,0
12-10-2023 10:45,31.8,17,0
12-10-2023 11:00,32.2,16,0
12-10-2023 11:15,32.1,17,0
12-10-2023 11:30,32.6,18,0
12-10-2023 11:45,32.4,17,0
12-10-2023 12:00,33,15,0
12-10-2023 12:15,33.1,16,0
12-10-2023 12:30,33.2,15,0
12-10-2023 12:45,33.4,15,0
12-10-2023 13:00,33.1,15,0
12-10-2023 13:15,33.1,15,0
12-10-2023 13:30,33.9,14,0
12-10-2023 13:45,34.1,14,0
12-10-2023 14:00,34.7,13,0
12-10-2023 14:15,34.9,13,0
12-10-2023 14:30,34.9,13,0
12-10-2023 14:45,34.9,12,0
12-10-2023 15:00,35.2,12,0
12-10-2023 15:15,34.6,13,0
12-10-2023 15:30,35.2,13,0
12-10-2023 15:45,35.4,12,0
12-10-2023 16:00,35.8,11,0
12-10-2023 16:15,35.6,12,0
12-10-2023 16:30,35.5,13,0
12-10-2023 16:45,34.9,13,0
12-10-2023 17:00,34.2,12,0
12-10-2023 17:15,33.6,13,0
12-10-2023 17:30,33.4,14,0
12-10-2023 17:45,32.7,15,0
12-10-2023 18:00,31.2,16,0
12-10-2023 18:15,29.9,18,0
12-10-2023 18:30,28.9,20,0
12-10-2023 18:45,28.4,21,0
12-10-2023 19:00,27.6,22,0
12-10-2023 19:15,27,23,0
12-10-2023 19:30,26.4,25,0
12-10-2023 19:45,26.5,26,0
12-10-2023 20:00,27,25,0
12-10-2023 20:15,26.8,25,0
12-10-2023 20:30,26.5,26,0
12-10-2023 20:45,26.2,26,0
12-10-2023 21:00,25.4,27,0
12-10-2023 21:15,25.1,28,0
12-10-2023 21:30,25.1,29,0
12-10-2023 21:45,25.1,31,0
12-10-2023 22:00,24.5,33,0
12-10-2023 22:15,24.2,34,0
12-10-2023 22:30,23.9,36,0
12-10-2023 22:45,23.4,36,0
12-10-2023 23:00,23.1,37,0
12-10-2023 23:30,23.9,37,0
12-10-2023 23:45,24.1,36,0
13-10-2023 00:00,23.8,36,0
13-10-2023 00:15,23.7,36,0
13-10-2023 00:30,23.7,38,0
13-10-2023 00:45,23.5,40,0
13-10-2023 01:00,23.4,39,0
13-10-2023 01:15,23,39,0
13-10-2023 01:30,23,40,0
13-10-2023 01:45,23.1,43,0
13-10-2023 02:00,22.9,42,0
13-10-2023 02:15,22.9,43,0
13-10-2023 02:30,23,42,0
13-10-2023 02:45,22.9,41,0
13-10-2023 03:00,22.8,42,0
13-10-2023 03:30,22.7,43,0
13-10-2023 03:45,22.8,43,0
13-10-2023 04:00,22.8,42,0
13-10-2023 04:15,22.6,41,0
13-10-2023 04:30,22.4,42,0
13-10-2023 04:45,22.3,41,0
13-10-2023 05:00,22.1,41,0
13-10-2023 05:15,22.1,42,0
13-10-2023 05:30,22,41,0
13-10-2023 05:45,21.9,43,0
13-10-2023 06:00,21.8,41,0
13-10-2023 06:15,21.6,84,0
13-10-2023 06:30,21.7,84,0
13-10-2023 06:45,21.8,86,0
13-10-2023 07:00,21.9,88,0
13-10-2023 07:15,22.3,90,0
13-10-2023 07:30,22.9,88,0
13-10-2023 07:45,23.7,86,0
13-10-2023 08:00,25.2,81,0
13-10-2023 08:15,26.9,70,0
13-10-2023 08:30,28,64,0
13-10-2023 08:45,29.6,59,0
13-10-2023 09:00,30.4,51,0
13-10-2023 09:15,30.9,53,0
13-10-2023 09:30,30.3,51,0
13-10-2023 09:45,30.5,49,0
13-10-2023 10:00,30.7,49,0
13-10-2023 10:15,31,48,0
13-10-2023 10:30,31.7,47,0
13-10-2023 10:45,32.1,47,0
13-10-2023 11:00,32.5,44,0
13-10-2023 11:15,32.5,43,0
13-10-2023 11:30,33,30,0
13-10-2023 11:45,32.7,29,0
13-10-2023 12:00,33,31,0
13-10-2023 12:15,33.4,31,0
13-10-2023 12:30,33.5,30,0
13-10-2023 12:45,33.5,27,0
13-10-2023 13:00,34.1,27,0
13-10-2023 13:15,34.3,27,0
13-10-2023 13:30,34.2,27,0
13-10-2023 13:45,34.7,25,0
13-10-2023 14:00,35.1,25,0
13-10-2023 14:15,34.9,25,0
13-10-2023 14:30,35.1,26,0
13-10-2023 14:45,35,26,0
13-10-2023 15:00,34.4,26,0
13-10-2023 15:15,33.8,25,0
13-10-2023 15:30,34,24,0
13-10-2023 15:45,34.8,24,0
13-10-2023 16:00,33.8,26,0
13-10-2023 16:15,33.8,29,0
13-10-2023 16:30,34.2,26,0
13-10-2023 16:45,34.3,26,0
13-10-2023 17:00,34.8,25,0
13-10-2023 17:15,34.3,25,0
13-10-2023 17:45,32.7,30,0
13-10-2023 18:00,31.4,32,0
13-10-2023 18:15,29.9,34,0
13-10-2023 18:30,29,39,0
13-10-2023 18:45,28,44,0
13-10-2023 19:00,27.5,46,0
13-10-2023 19:15,27.3,55,0
13-10-2023 19:30,26.9,55,0
13-10-2023 19:45,27.1,50,0
13-10-2023 20:00,27.3,56,0
13-10-2023 20:15,27.1,49,0
13-10-2023 20:30,26.7,55,0
13-10-2023 20:45,26.5,56,0
13-10-2023 21:00,26.1,60,0
13-10-2023 21:15,25.7,60,0
13-10-2023 21:30,26.1,59,0
13-10-2023 21:45,25.6,61,0
13-10-2023 22:00,25.3,62,0
13-10-2023 22:15,25.2,61,0
13-10-2023 22:30,25.2,52,0
13-10-2023 22:45,24.2,64,0
13-10-2023 23:00,23.7,35,0
13-10-2023 23:15,23.6,36,0
13-10-2023 23:30,23.8,36,0
13-10-2023 23:45,23.4,37,0
14-10-2023 00:00,23.4,37,0
14-10-2023 00:15,23.3,52,0
14-10-2023 00:30,22.9,49,0
14-10-2023 00:45,23,34,0
14-10-2023 01:00,22.8,35,0
14-10-2023 01:15,22.5,35,0
14-10-2023 01:30,22.4,35,0
14-10-2023 01:45,22.3,35,0
14-10-2023 02:00,22.2,34,0
14-10-2023 02:15,22.2,35,0
14-10-2023 02:30,22.2,34,0
14-10-2023 02:45,22,35,0
14-10-2023 03:00,21.8,36,0
14-10-2023 03:15,21.6,36,0
14-10-2023 03:30,21.5,37,0
14-10-2023 03:45,21.3,37,0
14-10-2023 04:00,21.5,46,0
14-10-2023 04:15,21.4,44,0
14-10-2023 04:30,21.4,43,0
14-10-2023 04:45,21.3,40,0
14-10-2023 05:00,21.1,39,0
14-10-2023 05:15,21.1,38,0
14-10-2023 05:30,21.1,38,0
14-10-2023 05:45,21,38,0
14-10-2023 06:00,21,38,0
14-10-2023 06:15,20.7,39,0
14-10-2023 06:30,20.7,39,0
14-10-2023 06:45,20.8,39,0
14-10-2023 07:00,21,40,0
14-10-2023 07:15,21.3,40,0
14-10-2023 07:30,22,38,0
14-10-2023 07:45,22.5,38,0
14-10-2023 08:00,23.1,37,0
14-10-2023 08:15,24.1,36,0
14-10-2023 08:30,26,39,0
14-10-2023 08:45,28,24,0
14-10-2023 09:00,28.8,22,0
14-10-2023 09:15,28.8,22,0
14-10-2023 09:30,29.6,21,0
14-10-2023 09:45,30.7,19,0
14-10-2023 10:00,31.3,17,0
14-10-2023 10:15,31.1,17,0
14-10-2023 10:30,31.5,18,0
14-10-2023 10:45,31.6,17,0
14-10-2023 11:00,32.2,17,0
14-10-2023 11:15,32.1,17,0
14-10-2023 11:30,32.6,14,0
14-10-2023 11:45,32.8,14,0
14-10-2023 12:00,33.3,13,0
14-10-2023 12:15,33.4,13,0
14-10-2023 12:30,33.8,12,0
14-10-2023 12:45,34.4,10,0
14-10-2023 13:00,34.8,9,0
14-10-2023 13:15,34.9,9,0
14-10-2023 13:30,35,8,0
14-10-2023 13:45,35.6,9,0
14-10-2023 14:00,35.4,8,0
14-10-2023 14:15,35.9,8,0
14-10-2023 14:30,36.3,8,0
14-10-2023 14:45,35.8,9,0
14-10-2023 15:00,36.6,9,0
14-10-2023 15:15,35.9,10,0
14-10-2023 15:30,36.8,9,0
14-10-2023 15:45,35.9,8,0
14-10-2023 16:00,36.2,9,0
14-10-2023 16:15,36.3,8,0
14-10-2023 16:30,35.7,9,0
14-10-2023 16:45,35.6,9,0
14-10-2023 17:00,35,9,0
14-10-2023 17:15,34.6,10,0
14-10-2023 17:30,32.9,12,0
14-10-2023 17:45,32.5,10,0
14-10-2023 18:00,31.5,12,0
14-10-2023 18:15,30.3,13,0
14-10-2023 18:30,30,16,0
14-10-2023 18:45,29.7,17,0
14-10-2023 19:00,29.2,18,0
14-10-2023 19:15,28.8,20,0
14-10-2023 19:30,28.6,20,0
14-10-2023 19:45,28.3,21,0
14-10-2023 20:00,28,22,0
14-10-2023 20:15,27.6,22,0
14-10-2023 20:30,27.2,23,0
14-10-2023 20:45,26.9,23,0
14-10-2023 21:00,26.6,24,0
14-10-2023 21:15,26.1,25,0
14-10-2023 21:30,25.1,27,0
14-10-2023 21:45,24.7,29,0
14-10-2023 22:00,25.6,27,0
14-10-2023 22:15,25.5,27,0
14-10-2023 22:30,25.2,28,0
14-10-2023 22:45,24.9,28,0
14-10-2023 23:00,24.7,29,0
14-10-2023 23:15,24.8,30,0
14-10-2023 23:30,24.5,30,0
14-10-2023 23:45,24.3,31,0
15-10-2023 00:00,23.6,33,0
15-10-2023 00:15,23.2,34,0
15-10-2023 00:30,23,34,0
15-10-2023 00:45,23.2,34,0
15-10-2023 01:00,23.1,34,0
15-10-2023 01:15,23.1,34,0
15-10-2023 01:30,22.4,35,0
15-10-2023 01:45,22.3,34,0
15-10-2023 02:00,22.3,34,0
15-10-2023 02:15,22.1,35,0
15-10-2023 02:30,22.5,35,0
15-10-2023 02:45,22.6,46,0
15-10-2023 03:00,22.5,49,0
15-10-2023 03:15,22.3,44,0
15-10-2023 03:30,22.3,47,0
15-10-2023 04:15,22.2,50,0
15-10-2023 04:30,22.3,49,0
15-10-2023 04:45,22.3,49,0
15-10-2023 05:00,22.2,51,0
15-10-2023 05:15,21.8,48,0
15-10-2023 05:30,21.3,49,0
15-10-2023 05:45,21.1,49,0
15-10-2023 06:00,20.7,48,0
15-10-2023 06:15,20.7,48,0
15-10-2023 06:30,20.8,53,0
15-10-2023 06:45,20.6,51,0
15-10-2023 07:00,21.6,53,0
15-10-2023 07:15,22.3,47,0
15-10-2023 07:30,22.8,47,0
15-10-2023 07:45,23.2,48,0
15-10-2023 08:00,24,45,0
15-10-2023 08:15,25,41,0
15-10-2023 08:30,25.7,38,0
15-10-2023 08:45,26.6,37,0
15-10-2023 09:00,27.8,35,0
15-10-2023 09:15,29.1,30,0
15-10-2023 09:30,30,26,0
15-10-2023 09:45,30.8,27,0
15-10-2023 10:00,31.3,56,0
15-10-2023 10:15,31.8,52,0
15-10-2023 10:30,31.9,17,0
15-10-2023 10:45,32.5,44,0
15-10-2023 11:00,33.2,15,0
15-10-2023 11:15,33.6,13,0
15-10-2023 11:30,33.6,12,0
15-10-2023 11:45,34,12,0
15-10-2023 12:00,34.4,12,0
15-10-2023 12:30,34.7,11,0
15-10-2023 12:45,34.2,11,0
15-10-2023 13:00,34.7,11,0
15-10-2023 13:15,34.6,11,0
15-10-2023 13:30,34.7,11,0
15-10-2023 13:45,34.7,11,0
15-10-2023 14:00,33.8,12,0
15-10-2023 14:15,33,12,0
15-10-2023 14:30,32.8,13,0
15-10-2023 14:45,32.8,12,0
15-10-2023 15:00,33.1,13,0
15-10-2023 15:15,33.9,11,0
15-10-2023 15:30,35.5,10,0
15-10-2023 15:45,35.7,10,0
15-10-2023 16:00,36.1,9,0
15-10-2023 16:15,35.4,10,0
15-10-2023 16:30,35.7,10,0
15-10-2023 16:45,34.3,12,0
15-10-2023 17:00,34.2,11,0
15-10-2023 17:15,34.1,11,0
15-10-2023 17:30,32.7,13,0
15-10-2023 17:45,31.3,15,0
15-10-2023 18:00,30.6,17,0
15-10-2023 18:15,29.8,16,0
15-10-2023 18:30,29.8,20,0
15-10-2023 18:45,29.6,19,0
15-10-2023 19:00,29.3,20,0
15-10-2023 19:15,28.8,44,0
15-10-2023 19:30,28.4,36,0
15-10-2023 19:45,28.2,61,0
15-10-2023 20:00,27.6,63,0
15-10-2023 20:30,26.3,51,0
15-10-2023 20:45,26.2,64,0
15-10-2023 21:00,26,55,0
15-10-2023 21:15,25.6,63,0
15-10-2023 21:30,25.4,64,0
15-10-2023 21:45,24.8,54,0
15-10-2023 22:00,24.6,86,0
15-10-2023 22:15,24.2,86,0
15-10-2023 22:30,23.6,88,0
15-10-2023 22:45,23.9,88,0
15-10-2023 23:00,23.9,88,0
15-10-2023 23:15,23.7,88,0
15-10-2023 23:30,23.7,88,0
15-10-2023 23:45,23.6,87,0
16-10-2023 00:00,23.4,88,0
16-10-2023 00:15,24,88,0
16-10-2023 00:30,24.2,88,0
16-10-2023 00:45,24.2,88,0
16-10-2023 01:00,23.9,88,0
16-10-2023 01:15,23.8,89,0
16-10-2023 01:30,23.8,89,0
16-10-2023 01:45,23.7,89,0
16-10-2023 02:00,23.6,89,0
16-10-2023 02:15,23.5,89,0
16-10-2023 02:30,23.5,90,0
16-10-2023 02:45,23.2,90,0
16-10-2023 03:00,22.8,90,0
16-10-2023 03:15,23.1,88,0
16-10-2023 03:30,23.1,87,0
16-10-2023 04:15,22.9,90,0
16-10-2023 04:45,22.8,89,0
16-10-2023 05:00,22.6,67,0
16-10-2023 05:15,22.6,89,0
16-10-2023 05:30,22.5,52,0
16-10-2023 05:45,22.4,38,0
16-10-2023 06:00,22,37,0
16-10-2023 06:15,21.9,66,0
16-10-2023 06:30,21.9,91,0
16-10-2023 06:45,21.9,90,0
16-10-2023 07:00,21.9,81,0
16-10-2023 07:15,22.6,82,0
16-10-2023 07:30,23.1,81,0
16-10-2023 07:45,23.5,80,0
16-10-2023 08:15,25.8,74,0
16-10-2023 08:30,27.2,65,0
16-10-2023 08:45,28,62,0
16-10-2023 09:00,29.2,55,0
16-10-2023 09:15,29.3,55,0
16-10-2023 09:30,30.2,52,0
16-10-2023 09:45,30.3,48,0
16-10-2023 10:00,31.3,47,0
16-10-2023 10:15,31.6,44,0
16-10-2023 10:30,31.4,43,0
16-10-2023 10:45,31.8,43,0
16-10-2023 11:00,32,42,0
16-10-2023 11:15,32.5,44,0
16-10-2023 11:30,32.9,45,0
16-10-2023 11:45,32.7,42,0
16-10-2023 12:00,33.3,42,0
16-10-2023 12:15,33.6,40,0
16-10-2023 12:30,33.6,28,0
16-10-2023 12:45,33.7,29,0
16-10-2023 13:00,34.6,27,0
16-10-2023 13:15,34.2,27,0
16-10-2023 13:30,35.1,27,0
16-10-2023 14:15,35.3,10,0
16-10-2023 14:30,35.1,18,0
16-10-2023 14:45,34.7,18,0
16-10-2023 15:00,34.9,19,0
16-10-2023 15:15,33.8,19,0
16-10-2023 15:30,35.2,19,0
16-10-2023 15:45,35.2,19,0
16-10-2023 16:00,35.1,20,0
16-10-2023 16:15,35.8,19,0
16-10-2023 16:30,35,20,0
16-10-2023 16:45,34.3,17,0
16-10-2023 17:00,33.7,17,0
16-10-2023 17:15,33,19,0
16-10-2023 17:30,32.5,20,0
16-10-2023 17:45,32.1,22,0
16-10-2023 18:00,30.9,21,0
16-10-2023 18:15,30.1,21,0
16-10-2023 18:30,29.6,26,0
16-10-2023 18:45,29.3,27,0
16-10-2023 19:00,29.1,25,0
16-10-2023 19:15,27.9,28,0
16-10-2023 19:30,28,29,0
16-10-2023 19:45,28.2,37,0
16-10-2023 20:00,28.2,33,0
16-10-2023 20:15,28,28,0
16-10-2023 20:30,27.5,34,0
16-10-2023 20:45,27,42,0
16-10-2023 21:00,26.7,37,0
16-10-2023 21:15,26.7,35,0
16-10-2023 21:30,26.4,48,0
16-10-2023 21:45,26.1,33,0
16-10-2023 22:00,26,39,0
16-10-2023 22:15,25.8,43,0
16-10-2023 22:30,25.2,49,0
16-10-2023 22:45,24.7,63,0
16-10-2023 23:00,24.5,58,0
16-10-2023 23:15,24.5,52,0
16-10-2023 23:30,24.9,66,0
16-10-2023 23:45,24.8,66,0
17-10-2023 00:00,24.2,67,0
17-10-2023 00:15,24.3,35,0
17-10-2023 00:30,24.3,84,0
17-10-2023 00:45,24.2,71,0
17-10-2023 01:00,24.2,73,0
17-10-2023 01:15,24.3,68,0
17-10-2023 01:30,24,83,0
17-10-2023 01:45,23.9,68,0
17-10-2023 02:00,23.9,71,0
17-10-2023 02:15,23.9,72,0
17-10-2023 02:30,23.7,86,0
17-10-2023 02:45,23.6,86,0
17-10-2023 03:00,23.5,39,0
17-10-2023 03:15,23.5,39,0
17-10-2023 03:30,23.3,38,0
17-10-2023 03:45,23.2,37,0
17-10-2023 04:00,23.2,37,0
17-10-2023 04:15,23.3,37,0
17-10-2023 04:30,23.4,37,0
17-10-2023 05:15,23.1,37,0
17-10-2023 05:30,23,37,0
17-10-2023 05:45,23.1,36,0
17-10-2023 06:00,23,35,0
17-10-2023 06:15,22.9,36,0
17-10-2023 06:30,22.7,36,0
17-10-2023 06:45,22.7,35,0
17-10-2023 07:00,22.9,35,0
17-10-2023 07:15,23.4,34,0
17-10-2023 07:30,24.1,34,0
17-10-2023 07:45,24.6,32,0
17-10-2023 08:00,25.5,27,0
17-10-2023 08:15,26.4,26,0
17-10-2023 08:30,27.3,24,0
17-10-2023 08:45,28.6,22,0
17-10-2023 09:00,29,22,0
17-10-2023 09:15,29.1,23,0
17-10-2023 09:30,29.5,21,0
17-10-2023 09:45,30,21,0
17-10-2023 10:00,30.5,20,0
17-10-2023 10:15,30.6,19,0
17-10-2023 10:30,30.7,18,0
17-10-2023 10:45,31.4,17,0
17-10-2023 11:00,31.6,18,0
17-10-2023 11:30,32.6,18,0
17-10-2023 11:45,32.7,17,0
17-10-2023 12:00,33.1,17,0
17-10-2023 12:15,33.4,16,0
17-10-2023 12:30,33.5,16,0
17-10-2023 12:45,34.4,15,0
17-10-2023 13:00,33.9,15,0
17-10-2023 13:15,34.4,15,0
17-10-2023 13:30,34.7,14,0
17-10-2023 13:45,35.3,14,0
17-10-2023 14:00,35.3,14,0
17-10-2023 14:15,35.1,14,0
17-10-2023 14:30,35.1,14,0
17-10-2023 14:45,35.8,13,0
17-10-2023 15:00,34.9,14,0
17-10-2023 15:15,34.6,14,0
17-10-2023 15:45,35.5,14,0
17-10-2023 16:00,34.6,14,0
17-10-2023 16:15,34.8,14,0
17-10-2023 16:30,34.7,13,0
17-10-2023 16:45,34.8,13,0
17-10-2023 17:00,34.2,14,0
17-10-2023 17:15,33.8,13,0
17-10-2023 17:30,33.4,14,0
17-10-2023 17:45,32.5,15,0
17-10-2023 18:00,31.7,16,0
17-10-2023 18:30,30,20,0
17-10-2023 18:45,29.8,19,0
17-10-2023 19:00,29.3,21,0
17-10-2023 19:15,29,24,0
17-10-2023 19:30,28.6,26,0
17-10-2023 19:45,28.2,28,0
17-10-2023 20:00,28.1,28,0
17-10-2023 20:15,27.6,28,0
17-10-2023 20:30,27.1,30,0
17-10-2023 20:45,27.1,29,0
17-10-2023 21:00,26.6,30,0
17-10-2023 21:15,26.2,31,0
17-10-2023 21:30,25.9,31,0
17-10-2023 22:15,24.9,34,0
17-10-2023 22:30,24.9,34,0
17-10-2023 22:45,25,34,0
17-10-2023 23:00,24.5,35,0
17-10-2023 23:15,24.4,36,0
17-10-2023 23:30,24.1,83,0
17-10-2023 23:45,23.7,37,0
18-10-2023 00:00,23.6,37,0
18-10-2023 00:15,23.5,37,0
18-10-2023 00:30,23.5,36,0
18-10-2023 00:45,23.7,36,0
18-10-2023 01:00,23.7,36,0
18-10-2023 01:15,23.3,36,0
18-10-2023 01:30,23.2,35,0
18-10-2023 01:45,23.2,34,0
18-10-2023 02:00,23.4,34,0
18-10-2023 02:15,23.7,33,0
18-10-2023 02:30,23.6,33,0
18-10-2023 02:45,23.6,33,0
18-10-2023 03:00,23.3,33,0
18-10-2023 03:15,23,34,0
18-10-2023 03:30,22.9,34,0
18-10-2023 03:45,22.9,35,0
18-10-2023 04:00,23.1,35,0
18-10-2023 04:15,23.2,35,0
18-10-2023 04:30,23.2,35,0
18-10-2023 04:45,23.1,35,0
18-10-2023 05:00,22.8,35,0
18-10-2023 05:15,22.7,35,0
18-10-2023 05:30,22.6,35,0
18-10-2023 05:45,22.8,36,0
18-10-2023 06:00,22.9,35,0
18-10-2023 06:15,22.9,35,0
18-10-2023 06:30,22.8,35,0
18-10-2023 06:45,22.8,35,0
18-10-2023 07:00,22.8,36,0
18-10-2023 07:15,23.1,35,0
18-10-2023 07:30,23.5,36,0
18-10-2023 07:45,24,33,0
18-10-2023 08:00,24.7,32,0
18-10-2023 08:30,26.8,26,0
18-10-2023 08:45,27.3,25,0
18-10-2023 09:00,28.5,24,0
18-10-2023 09:15,30.5,20,0
18-10-2023 09:30,30.9,19,0
18-10-2023 09:45,31,18,0
18-10-2023 10:00,31.4,17,0
18-10-2023 10:15,31.5,17,0
18-10-2023 10:30,31.6,17,0
18-10-2023 10:45,32.2,15,0
18-10-2023 11:00,32.1,15,0
18-10-2023 11:15,32.9,15,0
18-10-2023 11:30,33.1,15,0
18-10-2023 11:45,33.6,15,0
18-10-2023 12:00,33.4,15,0
18-10-2023 12:15,33.6,13,0
18-10-2023 12:30,33.5,14,0
18-10-2023 12:45,34.2,13,0
18-10-2023 13:00,34.1,12,0
18-10-2023 13:15,35.1,11,0
18-10-2023 13:30,34.6,11,0
18-10-2023 13:45,33.7,11,0
18-10-2023 14:00,35.3,10,0
18-10-2023 14:15,36.3,9,0
18-10-2023 14:30,36.6,9,0
18-10-2023 14:45,36.2,8,0
18-10-2023 15:00,36,10,0
18-10-2023 15:15,36.8,9,0
18-10-2023 15:30,35.8,9,0
18-10-2023 15:45,33.9,12,0
18-10-2023 16:00,33.1,13,0
18-10-2023 16:15,32.6,13,0
18-10-2023 16:30,33,13,0
18-10-2023 16:45,32.7,12,0
18-10-2023 17:00,32.2,12,0
18-10-2023 17:15,31.9,13,0
18-10-2023 17:30,31.8,12,0
18-10-2023 17:45,31.4,13,0
18-10-2023 18:00,31.1,13,0
18-10-2023 18:15,30.5,14,0
18-10-2023 18:30,30.1,15,0
18-10-2023 18:45,29.7,16,0
18-10-2023 19:00,29.4,16,0
18-10-2023 19:15,29.2,17,0
18-10-2023 19:30,28.7,18,0
18-10-2023 19:45,27.8,20,0
18-10-2023 20:00,26.9,21,0
18-10-2023 20:15,27.7,20,0
18-10-2023 20:30,28,19,0
18-10-2023 20:45,27.4,21,0
18-10-2023 21:00,27,22,0
18-10-2023 21:15,26.7,23,0
18-10-2023 21:30,26.5,24,0
18-10-2023 21:45,25.4,25,0
18-10-2023 22:00,25.2,26,0
18-10-2023 22:15,25.8,26,0
18-10-2023 22:30,25.6,27,0
18-10-2023 22:45,25.5,27,0
18-10-2023 23:00,25.1,28,0
18-10-2023 23:15,25.1,29,0
18-10-2023 23:30,25.2,29,0
18-10-2023 23:45,25.2,29,0
19-10-2023 00:00,25.3,28,0
19-10-2023 00:15,25,29,0
19-10-2023 00:30,24.6,30,0
19-10-2023 00:45,24.9,30,0
19-10-2023 01:00,24.8,30,0
19-10-2023 01:15,24.8,30,0
19-10-2023 01:30,24.9,31,0
19-10-2023 01:45,24.6,32,0
19-10-2023 02:00,24.6,32,0
19-10-2023 02:15,24.4,33,0
19-10-2023 02:30,24.1,34,0
19-10-2023 02:45,24.1,35,0
19-10-2023 03:00,24.1,33,0
19-10-2023 03:15,24,33,0
19-10-2023 03:30,24,33,0
19-10-2023 04:15,22.8,35,0
19-10-2023 04:30,22.8,36,0
19-10-2023 04:45,23,34,0
19-10-2023 05:00,23.2,35,0
19-10-2023 05:15,23.1,36,0
19-10-2023 05:30,23.3,34,0
19-10-2023 05:45,23.2,34,0
19-10-2023 06:00,22.8,35,0
19-10-2023 06:15,22.4,37,0
19-10-2023 06:30,22.6,36,0
19-10-2023 06:45,22.3,36,0
19-10-2023 07:00,21.8,37,0
19-10-2023 07:15,22.5,35,0
19-10-2023 07:30,23.6,34,0
19-10-2023 07:45,24,31,0
19-10-2023 08:00,24.3,31,0
19-10-2023 08:15,25.5,28,0
19-10-2023 08:30,27.1,25,0
19-10-2023 08:45,28.1,23,0
19-10-2023 09:00,29.2,20,0
19-10-2023 09:15,30.1,19,0
19-10-2023 09:30,30.4,18,0
19-10-2023 09:45,31,16,0
19-10-2023 10:00,31.5,16,0
19-10-2023 10:15,32.6,15,0
19-10-2023 10:30,32.8,14,0
19-10-2023 10:45,32.7,15,0
19-10-2023 11:00,33.2,15,0
19-10-2023 11:15,33.1,14,0
19-10-2023 11:30,33,14,0
19-10-2023 11:45,33.6,15,0
19-10-2023 12:00,34,13,0
19-10-2023 12:15,34.1,13,0
19-10-2023 12:30,34,13,0
19-10-2023 12:45,33.8,13,0
19-10-2023 13:00,34.2,12,0
19-10-2023 13:15,34.7,12,0
19-10-2023 13:30,34.1,12,0
19-10-2023 13:45,33.9,13,0
19-10-2023 14:00,34.2,12,0
19-10-2023 14:15,33.7,13,0
19-10-2023 14:30,33.4,14,0
19-10-2023 14:45,33.1,13,0
19-10-2023 15:00,33.2,13,0
19-10-2023 15:15,33,14,0
19-10-2023 15:30,32.8,13,0
19-10-2023 15:45,32.6,14,0
19-10-2023 16:00,32.7,14,0
19-10-2023 16:15,33.4,13,0
19-10-2023 16:30,33.4,13,0
19-10-2023 16:45,33.1,13,0
19-10-2023 17:00,32.9,13,0
19-10-2023 17:15,32.2,15,0
19-10-2023 17:30,31,17,0
19-10-2023 17:45,30,19,0
19-10-2023 18:00,29.6,19,0
19-10-2023 18:15,29,19,0
19-10-2023 18:30,27.5,23,0.5
19-10-2023 18:45,27.3,23,0.5
19-10-2023 19:00,27.4,23,0.5
19-10-2023 19:15,27.1,24,0.5
19-10-2023 19:30,26.8,26,0.5
19-10-2023 19:45,26.9,26,0.5
19-10-2023 20:00,26.7,27,0.5
19-10-2023 20:15,26.5,27,0.5
19-10-2023 20:30,26.6,26,0.5
19-10-2023 20:45,26.6,25,0.5
19-10-2023 21:00,26.7,25,0.5
19-10-2023 21:15,26.6,27,0.5
19-10-2023 21:30,26.6,26,0.5
19-10-2023 21:45,26.5,26,0.5
19-10-2023 22:00,25.9,28,0.5
19-10-2023 22:15,26.1,28,0.5
19-10-2023 22:30,25.8,30,0.5
19-10-2023 22:45,25.6,30,0.5
19-10-2023 23:00,25.7,30,0.5
19-10-2023 23:15,25.9,29,0.5
19-10-2023 23:30,25.7,30,0.5
19-10-2023 23:45,25.6,31,0.5
20-10-2023 00:00,25.5,32,0.5
20-10-2023 00:15,25.5,32,0.5
20-10-2023 00:30,25.5,33,0.5
20-10-2023 00:45,25.3,34,0.5
20-10-2023 01:00,25.2,34,0.5
20-10-2023 01:15,25,34,0.5
20-10-2023 01:30,24.8,34,0.5
20-10-2023 01:45,24.6,34,0.5
20-10-2023 02:00,24.5,34,0.5
20-10-2023 02:15,24.3,35,0.5
20-10-2023 02:30,24.2,36,0.5
20-10-2023 02:45,23.9,35,0.5
20-10-2023 03:00,24,36,0.5
20-10-2023 03:15,24,35,0.5
20-10-2023 03:30,24.1,35,0.5
20-10-2023 03:45,24.4,36,0.5
20-10-2023 04:00,24.4,35,0.5
20-10-2023 04:15,24.2,35,0.5
20-10-2023 04:30,24.3,35,0.5
20-10-2023 04:45,24.4,35,0.5
20-10-2023 05:15,24.8,34,0.5
20-10-2023 05:30,24.8,69,0.5
20-10-2023 05:45,25.2,64,0.5
20-10-2023 06:00,25.3,62,0.5
20-10-2023 06:15,25.2,61,0.5
20-10-2023 06:30,24.9,63,0.5
20-10-2023 06:45,24.2,67,0.5
20-10-2023 07:00,24.1,70,0.5
20-10-2023 07:15,24.7,68,0.5
20-10-2023 07:30,24.9,69,0.5
20-10-2023 07:45,25.4,66,0.5
20-10-2023 08:00,26,66,0.5
20-10-2023 08:15,26.3,62,0.5
20-10-2023 08:30,26.8,60,0.5
20-10-2023 08:45,27.1,58,0
20-10-2023 09:00,27.6,58,0
20-10-2023 09:15,28.1,56,0
20-10-2023 09:30,28.8,53,0
20-10-2023 09:45,29.3,52,0
20-10-2023 10:00,29.2,51,0
20-10-2023 10:15,29.4,51,0
20-10-2023 10:30,29.8,47,0
20-10-2023 10:45,30,46,0
20-10-2023 11:00,30.4,43,0
20-10-2023 11:15,30.2,42,0
20-10-2023 11:30,30.3,44,0
20-10-2023 11:45,30.8,43,0
20-10-2023 12:00,30.6,42,0
20-10-2023 12:15,30.9,42,0
20-10-2023 12:30,31.3,41,0
20-10-2023 12:45,32.1,40,0
20-10-2023 13:00,32.3,39,0
20-10-2023 13:15,32.3,39,0
20-10-2023 13:30,31.2,42,0
20-10-2023 13:45,30.8,40,0
20-10-2023 14:00,30.7,40,0
20-10-2023 14:15,30.9,40,0
20-10-2023 14:30,30.8,40,0
20-10-2023 14:45,31.1,39,0
20-10-2023 15:00,31.1,40,0
20-10-2023 15:15,31.5,37,0
20-10-2023 15:30,31.5,37,0
20-10-2023 15:45,31.5,36,0
20-10-2023 16:00,31.6,39,0
20-10-2023 16:15,31.5,37,0
20-10-2023 16:30,31.5,38,0
20-10-2023 16:45,31.3,37,0
20-10-2023 17:00,31.2,38,0
20-10-2023 17:15,31.2,39,0
20-10-2023 17:30,30.8,42,0
20-10-2023 17:45,30,46,0
20-10-2023 18:00,29,47,0
20-10-2023 18:15,28.6,49,0
20-10-2023 18:30,28.3,50,0
20-10-2023 18:45,27.9,52,0
20-10-2023 19:00,27.4,53,0
20-10-2023 19:15,27.1,55,0
20-10-2023 19:30,27.1,55,0
20-10-2023 19:45,26.8,56,0
20-10-2023 20:00,26.3,58,0
20-10-2023 20:15,26,59,0
20-10-2023 20:30,25.9,59,0
20-10-2023 20:45,25.3,61,0
20-10-2023 21:00,25.1,63,0
20-10-2023 21:15,25,65,0
20-10-2023 21:30,24.8,65,0
20-10-2023 21:45,24.6,65,0
20-10-2023 22:00,24.4,67,0
20-10-2023 22:15,24.4,68,0
20-10-2023 22:30,24.3,69,0
20-10-2023 22:45,24.3,66,0
20-10-2023 23:00,24.2,69,0
20-10-2023 23:15,24.3,65,0
20-10-2023 23:30,24.2,65,0
20-10-2023 23:45,24,66,0
21-10-2023 00:00,23.9,66,0
21-10-2023 00:15,23.8,87,0
21-10-2023 00:30,23.7,88,0
21-10-2023 00:45,23.6,88,0
21-10-2023 01:00,23.3,88,0
21-10-2023 01:15,23.3,88,0
21-10-2023 01:30,23.4,88,0
21-10-2023 01:45,23.5,88,0
21-10-2023 02:00,23.5,88,0
21-10-2023 02:15,23.4,88,0
21-10-2023 02:30,23.2,88,0
21-10-2023 02:45,23.2,88,0
21-10-2023 03:00,23.3,88,0
21-10-2023 03:15,23.2,88,0
21-10-2023 03:30,23.3,88,0
21-10-2023 03:45,23.4,88,0
21-10-2023 04:00,23.3,88,0
21-10-2023 04:15,23,88,0
21-10-2023 04:30,22.8,89,0
21-10-2023 05:15,24.2,76,0
21-10-2023 05:30,23.3,85,0
21-10-2023 05:45,22.7,88,0
21-10-2023 06:00,22.4,89,0
21-10-2023 06:15,22.2,88,0
21-10-2023 06:30,22.4,88,0
21-10-2023 06:45,23.1,87,0
21-10-2023 07:00,23.5,86,0
21-10-2023 07:15,23.4,86,0
21-10-2023 07:30,23.7,85,0
21-10-2023 07:45,24.5,79,0
21-10-2023 08:00,25.6,74,0
21-10-2023 08:15,26.4,70,0
21-10-2023 08:30,27.3,67,0
21-10-2023 08:45,27.7,65,0
21-10-2023 09:00,28.1,63,0
21-10-2023 09:15,28.5,62,0
21-10-2023 09:30,28.7,62,0
21-10-2023 09:45,28.9,61,0
21-10-2023 10:00,29.5,61,0
21-10-2023 10:15,29.7,60,0
21-10-2023 10:30,30.1,59,0
21-10-2023 10:45,30.5,56,0
21-10-2023 11:00,30.6,57,0
21-10-2023 11:15,31,57,0
21-10-2023 11:30,31.2,55,0
21-10-2023 11:45,31.9,53,0
21-10-2023 12:00,31.7,53,0
21-10-2023 12:15,32,52,0
21-10-2023 12:30,32.4,50,0
21-10-2023 12:45,32.8,48,0
21-10-2023 13:00,33.1,47,0
21-10-2023 13:15,32.6,49,0
21-10-2023 13:30,33.1,47,0
21-10-2023 13:45,33.5,45,0
21-10-2023 14:00,34,46,0
21-10-2023 14:15,33.8,45,0
21-10-2023 14:30,33.4,45,0
21-10-2023 14:45,32.7,44,0
21-10-2023 15:00,34.3,41,0
21-10-2023 15:15,33.4,43,0
21-10-2023 15:30,33.9,43,0
21-10-2023 15:45,34.1,42,0
21-10-2023 16:00,34.4,41,0
21-10-2023 16:15,34.5,40,0
21-10-2023 16:30,33.8,40,0
21-10-2023 16:45,34.1,41,0
21-10-2023 17:00,33.1,47,0
21-10-2023 17:15,27.5,66,1
21-10-2023 17:45,25.6,74,3.5
21-10-2023 18:00,25.4,75,6
21-10-2023 18:15,24.7,82,7
21-10-2023 18:30,25.3,81,7
21-10-2023 18:45,24.8,86,7
21-10-2023 19:00,25.2,84,7
21-10-2023 19:15,25.3,87,7
21-10-2023 19:30,25,87,7
21-10-2023 19:45,25.6,80,7
21-10-2023 20:00,25.7,79,7
21-10-2023 20:15,25.7,78,7
21-10-2023 20:30,25.5,81,7
21-10-2023 20:45,25.3,84,7
21-10-2023 21:00,25.3,82,7
21-10-2023 21:15,25.3,85,7
21-10-2023 21:30,25.3,84,7
21-10-2023 21:45,25.2,86,7
21-10-2023 22:00,25.2,85,7
21-10-2023 22:15,24.7,85,7
21-10-2023 22:30,24.6,86,7
21-10-2023 22:45,24.2,88,7
21-10-2023 23:00,24.1,88,7
21-10-2023 23:15,24.2,88,7
21-10-2023 23:30,24.4,87,7
21-10-2023 23:45,24.2,88,7
22-10-2023 00:00,24,89,7
22-10-2023 00:15,24.2,88,7
22-10-2023 00:30,24,90,7
22-10-2023 00:45,23.8,90,7
22-10-2023 01:00,23.9,91,7
22-10-2023 01:15,24,90,7
22-10-2023 01:30,24.1,90,7
22-10-2023 01:45,24.1,90,7
22-10-2023 02:00,24.1,89,7
22-10-2023 02:15,23.9,90,7
22-10-2023 02:30,23.7,90,7
22-10-2023 02:45,23.8,90,7
22-10-2023 03:00,23.9,90,7
22-10-2023 03:15,23.7,90,7
22-10-2023 03:30,23.6,90,7
22-10-2023 04:15,23.3,91,7
22-10-2023 04:30,23.2,91,7
22-10-2023 04:45,23.3,91,7
22-10-2023 05:00,23.2,91,7
22-10-2023 05:15,23.2,91,7
22-10-2023 05:30,23,91,7
22-10-2023 05:45,22.8,91,7
22-10-2023 06:00,22.8,91,7
22-10-2023 06:15,22.8,91,7
22-10-2023 06:30,22.7,91,7
22-10-2023 06:45,22.9,90,7
22-10-2023 07:00,23.1,89,7
22-10-2023 07:15,23,90,7
22-10-2023 07:30,23.2,90,7
22-10-2023 07:45,24.1,87,7
22-10-2023 08:00,25.2,83,7
22-10-2023 08:15,26,78,7
22-10-2023 08:30,26.8,73,7
22-10-2023 08:45,28.2,67,0
22-10-2023 09:00,28.6,63,0
22-10-2023 09:15,29.2,62,0
22-10-2023 09:30,29.3,63,0
22-10-2023 09:45,29.7,55,0
22-10-2023 10:00,30,52,0
22-10-2023 10:15,30.4,51,0
22-10-2023 10:30,30.5,48,0
22-10-2023 10:45,30.6,50,0
22-10-2023 11:00,30.8,46,0
22-10-2023 11:15,31.2,41,0
22-10-2023 11:30,31.6,45,0
22-10-2023 11:45,31.7,43,0
22-10-2023 12:00,32,41,0
22-10-2023 12:15,32.6,36,0
22-10-2023 12:30,32.2,38,0
22-10-2023 12:45,32.8,32,0
22-10-2023 13:00,32.6,36,0
22-10-2023 13:15,32.9,33,0
22-10-2023 13:30,33.6,30,0
22-10-2023 13:45,33.4,34,0
22-10-2023 14:00,34,32,0
22-10-2023 14:15,33.6,32,0
22-10-2023 14:30,34.2,31,0
22-10-2023 14:45,33.6,33,0
22-10-2023 15:00,34.4,32,0
22-10-2023 15:15,32.6,34,0
22-10-2023 15:30,33,35,0
22-10-2023 15:45,32.5,36,0
22-10-2023 16:00,34.1,31,0
22-10-2023 16:15,33.6,33,0
22-10-2023 16:30,33.6,34,0
22-10-2023 16:45,33.2,33,0
22-10-2023 17:00,32.4,33,0
22-10-2023 17:15,31.8,37,0
22-10-2023 17:30,31.2,37,0
22-10-2023 17:45,29.9,45,0
22-10-2023 18:00,28.9,45,0
22-10-2023 18:15,28,51,0
22-10-2023 18:30,26.9,58,0
22-10-2023 18:45,25.8,68,0
22-10-2023 19:00,25,68,0
22-10-2023 19:15,24.6,70,0
22-10-2023 19:30,24.8,66,0
22-10-2023 19:45,25.6,61,0
22-10-2023 20:00,25.5,61,0
22-10-2023 20:15,25.1,63,0
22-10-2023 20:30,24.6,67,0
22-10-2023 20:45,24,69,0
22-10-2023 21:00,23.8,68,0
22-10-2023 21:15,23.5,69,0
22-10-2023 21:30,23.6,70,0
22-10-2023 21:45,23.3,71,0
22-10-2023 22:00,22.9,72,0
22-10-2023 22:15,22.7,74,0
22-10-2023 22:30,22.4,75,0
22-10-2023 22:45,22.2,76,0
22-10-2023 23:00,22,77,0
22-10-2023 23:15,21.9,79,0
22-10-2023 23:45,21.4,83,0
23-10-2023 00:00,21.5,85,0
23-10-2023 00:15,21.3,86,0
23-10-2023 00:30,21.1,86,0
23-10-2023 00:45,20.8,87,0
23-10-2023 01:00,20.7,87,0
23-10-2023 01:15,20.7,88,0
23-10-2023 01:30,20.5,88,0
23-10-2023 01:45,20.5,88,0
23-10-2023 02:00,20.4,89,0
23-10-2023 02:15,20.4,88,0
23-10-2023 02:30,20.2,88,0
23-10-2023 02:45,20.2,88,0
23-10-2023 03:00,20.2,88,0
23-10-2023 03:15,20.2,88,0
23-10-2023 03:30,20.1,88,0
23-10-2023 03:45,19.9,89,0
23-10-2023 04:00,19.6,89,0
23-10-2023 04:15,19.1,90,0
23-10-2023 04:30,19.2,90,0
23-10-2023 04:45,19.4,90,0
23-10-2023 05:00,19.6,90,0
23-10-2023 05:15,19.6,90,0
23-10-2023 05:30,19.6,90,0
23-10-2023 05:45,19.6,90,0
23-10-2023 06:00,19.5,90,0
23-10-2023 06:15,19.5,90,0
23-10-2023 06:30,19.3,90,0
23-10-2023 06:45,19.3,90,0
23-10-2023 07:00,19.5,90,0
23-10-2023 07:15,20.1,89,0
23-10-2023 07:30,20.5,88,0
23-10-2023 07:45,21,87,0
23-10-2023 08:00,21.6,85,0
23-10-2023 08:15,22.5,78,0
23-10-2023 08:30,23.8,74,0
23-10-2023 08:45,25.1,69,0
23-10-2023 09:00,26.1,65,0
23-10-2023 09:15,27.5,60,0
23-10-2023 09:30,29.3,57,0
23-10-2023 09:45,30.2,52,0
23-10-2023 10:00,31.2,47,0
23-10-2023 10:15,31.2,41,0
23-10-2023 10:30,31.4,42,0
23-10-2023 10:45,31.8,41,0
23-10-2023 11:00,31.5,41,0
23-10-2023 11:15,31.8,41,0
23-10-2023 11:30,32.1,41,0
23-10-2023 11:45,31.8,40,0
23-10-2023 12:00,32,39,0
23-10-2023 12:15,31.5,41,0
23-10-2023 12:30,31.6,42,0
23-10-2023 12:45,33.1,35,0
23-10-2023 13:00,33.5,29,0
23-10-2023 13:15,33.4,28,0
23-10-2023 13:30,34.4,27,0
23-10-2023 13:45,34.5,28,0
23-10-2023 14:00,35.2,28,0
23-10-2023 14:15,34.2,29,0
23-10-2023 14:30,34.2,29,0
23-10-2023 14:45,33.9,31,0
23-10-2023 15:00,34.7,29,0
23-10-2023 15:15,35,27,0
23-10-2023 15:30,34.6,29,0
23-10-2023 15:45,35.2,29,0
23-10-2023 16:00,34.8,29,0
23-10-2023 16:15,34.1,29,0
23-10-2023 16:30,33.9,30,0
23-10-2023 16:45,33.6,33,0
23-10-2023 17:00,33.5,32,0
23-10-2023 17:15,32.5,33,0
23-10-2023 17:30,32,34,0
23-10-2023 17:45,31.3,36,0
23-10-2023 18:00,30.5,40,0
23-10-2023 18:15,29.3,48,0
23-10-2023 18:30,28.8,52,0
23-10-2023 18:45,28.5,54,0
23-10-2023 19:00,28.2,55,0
23-10-2023 19:15,27.8,57,0
23-10-2023 19:30,27.4,58,0
23-10-2023 19:45,27.1,60,0
23-10-2023 20:00,26.6,61,0
23-10-2023 20:15,26.3,63,0
23-10-2023 20:30,26.1,63,0
23-10-2023 20:45,26.1,63,0
23-10-2023 21:00,25.5,66,0
23-10-2023 21:15,24.8,71,0
23-10-2023 21:30,24.2,75,0
23-10-2023 21:45,24.3,75,0
23-10-2023 22:00,24.2,75,0
23-10-2023 22:15,24,75,0
23-10-2023 22:30,23.8,75,0
23-10-2023 22:45,23.6,77,0
23-10-2023 23:00,23.4,81,0
23-10-2023 23:15,23.1,85,0
23-10-2023 23:30,22.9,85,0
24-10-2023 00:15,22.2,87,0
24-10-2023 00:30,21.9,88,0
24-10-2023 00:45,21.6,88,0
24-10-2023 01:00,21.5,88,0
24-10-2023 01:15,21.5,88,0
24-10-2023 01:30,21.5,87,0
24-10-2023 01:45,21.4,87,0
24-10-2023 02:00,21.2,87,0
24-10-2023 02:15,20.9,88,0
24-10-2023 02:30,20.6,89,0
24-10-2023 02:45,20.6,90,0
24-10-2023 03:00,20.8,90,0
24-10-2023 03:15,20.8,90,0
24-10-2023 03:30,20.8,90,0
24-10-2023 03:45,20.6,91,0
24-10-2023 04:15,20.2,91,0
24-10-2023 04:30,19.9,91,0
24-10-2023 04:45,19.8,91,0
24-10-2023 05:00,20.7,90,0
24-10-2023 05:15,20.8,89,0
24-10-2023 05:30,20.6,89,0
24-10-2023 05:45,20.5,89,0
24-10-2023 06:00,20.5,89,0
24-10-2023 06:15,20.5,88,0
24-10-2023 06:30,20.2,89,0
24-10-2023 06:45,20.1,90,0
24-10-2023 07:00,20.2,89,0
24-10-2023 07:15,20.4,89,0
24-10-2023 07:30,20.9,88,0
24-10-2023 07:45,21.6,87,0
24-10-2023 08:00,22.5,83,0
24-10-2023 08:15,23.2,79,0
24-10-2023 08:30,23.9,74,0
24-10-2023 08:45,25.2,71,0
24-10-2023 09:00,26.5,65,0
24-10-2023 09:15,28.9,57,0
24-10-2023 09:30,29.8,52,0
24-10-2023 09:45,29.8,49,0
24-10-2023 10:00,30.2,44,0
24-10-2023 10:15,30.5,43,0
24-10-2023 10:30,30.9,40,0
24-10-2023 10:45,31,40,0
24-10-2023 11:00,31.2,38,0
24-10-2023 11:15,31.6,38,0
24-10-2023 11:30,31.9,38,0
24-10-2023 11:45,33,37,0
24-10-2023 12:00,32.2,34,0
24-10-2023 12:15,33.2,35,0
24-10-2023 12:30,33.5,34,0
24-10-2023 12:45,33.1,32,0
24-10-2023 13:00,33.4,33,0
24-10-2023 13:15,33.9,33,0
24-10-2023 13:45,33.2,34,0
24-10-2023 14:00,34.5,29,0
24-10-2023 14:15,33.7,28,0
24-10-2023 14:30,34.2,26,0
24-10-2023 14:45,34.9,25,0
24-10-2023 15:00,34.6,25,0
24-10-2023 15:15,34.7,25,0
24-10-2023 15:30,35.4,23,0
24-10-2023 15:45,35.3,25,0
24-10-2023 16:00,33.9,31,0
24-10-2023 16:15,34.1,30,0
24-10-2023 16:30,34.2,29,0
24-10-2023 16:45,34,29,0
24-10-2023 17:00,33.2,35,0
24-10-2023 17:15,32.6,34,0
24-10-2023 17:30,31.9,35,0
24-10-2023 17:45,31.2,37,0
24-10-2023 18:00,30.3,41,0
24-10-2023 18:30,28.1,52,0
24-10-2023 18:45,27.8,54,0
24-10-2023 19:00,28,52,0
24-10-2023 19:15,27.8,53,0
24-10-2023 19:30,27.7,54,0
24-10-2023 19:45,27.5,55,0
24-10-2023 20:00,26.5,59,0
24-10-2023 20:15,25.4,64,0
24-10-2023 20:30,24.8,68,0
24-10-2023 20:45,24.2,70,0
24-10-2023 21:00,24,72,0
24-10-2023 21:15,23.9,72,0
24-10-2023 21:30,23.8,71,0
24-10-2023 22:00,23.1,76,0
24-10-2023 22:15,22.9,78,0
24-10-2023 22:45,22.3,86,0
24-10-2023 23:00,22.4,82,0
24-10-2023 23:15,22.4,81,0
24-10-2023 23:30,22.3,82,0
24-10-2023 23:45,22.1,82,0
25-10-2023 00:00,22,81,0
25-10-2023 00:15,21.8,84,0
25-10-2023 00:30,21.7,86,0
25-10-2023 00:45,21.6,87,0
25-10-2023 01:00,21.3,88,0
25-10-2023 01:15,20.9,88,0
25-10-2023 01:30,21,88,0
25-10-2023 01:45,21.4,87,0
25-10-2023 02:00,21.2,87,0
25-10-2023 02:15,21.1,87,0
25-10-2023 02:30,21.1,87,0
25-10-2023 02:45,20.7,87,0
25-10-2023 03:00,20,88,0
25-10-2023 03:15,19.8,89,0
25-10-2023 03:30,19.7,90,0
25-10-2023 03:45,19.5,90,0
25-10-2023 04:00,19.3,91,0
25-10-2023 04:15,19.2,91,0
25-10-2023 04:30,19,91,0
25-10-2023 05:15,19.4,91,0
25-10-2023 05:30,19.7,90,0
25-10-2023 05:45,19.6,90,0
25-10-2023 06:00,19.7,90,0
25-10-2023 06:15,19.8,89,0
25-10-2023 06:30,19.6,89,0
25-10-2023 06:45,19.5,90,0
25-10-2023 07:00,19.7,89,0
25-10-2023 07:15,20.1,89,0
25-10-2023 07:30,20.7,88,0
25-10-2023 07:45,21.3,86,0
25-10-2023 08:00,22,84,0
25-10-2023 08:15,22.7,78,0
25-10-2023 08:30,24,73,0
25-10-2023 08:45,25.3,67,0
25-10-2023 09:00,26.8,60,0
25-10-2023 09:15,28.5,54,0
25-10-2023 09:30,28.9,53,0
25-10-2023 09:45,29.1,48,0
25-10-2023 10:00,29.5,47,0
25-10-2023 10:15,29.8,44,0
25-10-2023 10:30,29.9,43,0
25-10-2023 10:45,30.4,43,0
25-10-2023 11:00,30.9,41,0
25-10-2023 11:15,31.5,40,0
25-10-2023 11:30,31.5,39,0
25-10-2023 11:45,31.4,37,0
25-10-2023 12:00,32.2,36,0
25-10-2023 12:15,32.8,34,0
25-10-2023 12:30,32.5,34,0
25-10-2023 12:45,32.6,34,0
25-10-2023 13:00,33.4,34,0
25-10-2023 13:15,33.2,33,0
25-10-2023 13:30,33.1,32,0
25-10-2023 13:45,33,31,0
25-10-2023 14:00,34.6,30,0
25-10-2023 14:15,33.9,29,0
25-10-2023 14:30,33.7,29,0
25-10-2023 14:45,34.6,29,0
25-10-2023 15:00,34.5,28,0
25-10-2023 15:15,35.2,24,0
25-10-2023 15:30,34.9,26,0
25-10-2023 15:45,34.8,25,0
25-10-2023 16:00,35.1,26,0
25-10-2023 16:15,33.8,28,0
25-10-2023 16:30,33.3,30,0
25-10-2023 16:45,33.2,31,0
25-10-2023 17:00,32.5,33,0
25-10-2023 17:15,31.9,34,0
25-10-2023 17:30,31.2,36,0
25-10-2023 17:45,30.5,37,0
25-10-2023 18:00,29.8,40,0
25-10-2023 18:15,29.2,41,0
25-10-2023 18:30,28.4,46,0
25-10-2023 18:45,27.4,48,0
25-10-2023 19:00,26.2,52,0
25-10-2023 19:15,26.1,55,0
25-10-2023 19:30,25.5,57,0
25-10-2023 20:15,25.6,57,0
25-10-2023 20:45,24.5,62,0
25-10-2023 21:00,24.5,62,0
25-10-2023 21:15,23.5,66,0
25-10-2023 21:30,22.8,70,0
25-10-2023 21:45,22.5,71,0
25-10-2023 22:00,22.1,75,0
25-10-2023 22:15,21.9,74,0
25-10-2023 22:30,21.8,77,0
25-10-2023 22:45,21.2,83,0
25-10-2023 23:00,20.8,82,0
25-10-2023 23:30,20.6,83,0
25-10-2023 23:45,20.1,85,0
26-10-2023 00:00,20.1,86,0
26-10-2023 00:15,19.9,87,0
26-10-2023 00:30,19.8,88,0
26-10-2023 00:45,19.5,88,0
26-10-2023 01:00,19.3,88,0
26-10-2023 01:15,19.3,88,0
26-10-2023 01:30,19.8,88,0
26-10-2023 01:45,19.7,88,0
26-10-2023 02:00,19.2,89,0
26-10-2023 02:15,19,89,0
26-10-2023 02:30,18.6,89,0
26-10-2023 02:45,18.4,90,0
26-10-2023 03:00,18.3,91,0
26-10-2023 03:15,18.1,91,0
26-10-2023 03:30,18,91,0
26-10-2023 03:45,17.8,91,0
26-10-2023 04:00,17.6,92,0
26-10-2023 04:15,17.5,92,0
26-10-2023 04:30,17.9,91,0
26-10-2023 05:00,17.4,91,0
26-10-2023 05:15,17.2,91,0
26-10-2023 05:45,18.2,88,0
26-10-2023 06:00,18,87,0
26-10-2023 06:15,18.2,87,0
26-10-2023 06:30,18.1,87,0
26-10-2023 06:45,18,87,0
26-10-2023 07:00,18.2,87,0
26-10-2023 07:15,18.4,87,0
26-10-2023 07:30,18.8,85,0
26-10-2023 07:45,19.5,81,0
26-10-2023 08:00,20.7,79,0
26-10-2023 08:15,21.7,76,0
26-10-2023 08:30,22.5,73,0
26-10-2023 08:45,23.8,68,0
26-10-2023 09:00,24.9,64,0
26-10-2023 09:15,26.7,56,0
26-10-2023 09:30,28.2,48,0
26-10-2023 09:45,29.2,44,0
26-10-2023 10:00,29.6,41,0
26-10-2023 10:15,29.7,39,0
26-10-2023 10:30,29.6,38,0
26-10-2023 10:45,30.6,38,0
26-10-2023 11:00,30.5,37,0
26-10-2023 11:15,30.7,34,0
26-10-2023 11:30,31.6,34,0
26-10-2023 11:45,31.5,33,0
26-10-2023 12:00,31.5,31,0
26-10-2023 12:15,31.9,30,0
26-10-2023 12:30,32.1,29,0
26-10-2023 12:45,32.3,27,0
26-10-2023 13:00,32.5,25,0
26-10-2023 13:15,33.2,24,0
26-10-2023 13:30,33.2,23,0
26-10-2023 13:45,33,26,0
26-10-2023 14:00,33.7,26,0
26-10-2023 14:15,33.2,26,0
26-10-2023 14:30,34.4,25,0
26-10-2023 14:45,34.2,25,0
26-10-2023 15:00,32.7,26,0
26-10-2023 15:15,34.6,24,0
26-10-2023 15:30,33.1,26,0
26-10-2023 15:45,32.9,28,0
26-10-2023 16:00,33.6,24,0
26-10-2023 16:15,32.8,22,0
26-10-2023 16:30,32.9,23,0
26-10-2023 16:45,33.5,22,0
26-10-2023 17:00,32.8,22,0
26-10-2023 17:15,31.9,23,0
26-10-2023 17:30,31.2,23,0
26-10-2023 17:45,30.2,25,0
26-10-2023 18:00,29.2,26,0
26-10-2023 18:15,28.3,29,0
26-10-2023 18:30,27.4,31,0
26-10-2023 18:45,26.5,35,0
26-10-2023 19:00,24.8,45,0
26-10-2023 19:15,23.9,44,0
26-10-2023 19:30,22.6,49,0
26-10-2023 19:45,22.5,50,0
26-10-2023 20:00,24.1,44,0
26-10-2023 20:15,24,44,0
26-10-2023 20:30,23.5,46,0
26-10-2023 20:45,23.3,47,0
26-10-2023 21:15,22.3,54,0
26-10-2023 21:30,22,54,0
26-10-2023 21:45,21.6,58,0
26-10-2023 22:00,21.3,60,0
26-10-2023 22:15,21,63,0
26-10-2023 22:30,20.7,65,0
26-10-2023 22:45,20.6,68,0
26-10-2023 23:00,20.2,71,0
26-10-2023 23:15,20.2,71,0
26-10-2023 23:30,19.8,71,0
26-10-2023 23:45,19.9,70,0
27-10-2023 00:00,20,69,0
27-10-2023 00:15,19.9,71,0
27-10-2023 00:30,19.6,70,0
27-10-2023 00:45,19.2,71,0
27-10-2023 01:00,19,71,0
27-10-2023 01:15,18.9,71,0
27-10-2023 01:30,18.9,71,0
27-10-2023 01:45,18.9,71,0
27-10-2023 02:00,18.7,72,0
27-10-2023 02:15,18.7,72,0
27-10-2023 02:30,18.3,73,0
27-10-2023 02:45,18.1,74,0
27-10-2023 03:00,17.9,75,0
27-10-2023 03:15,17.5,76,0
27-10-2023 03:30,17,80,0
27-10-2023 03:45,16.7,81,0
27-10-2023 04:00,16.7,84,0
27-10-2023 04:15,16.2,87,0
27-10-2023 04:30,15.9,88,0
27-10-2023 04:45,15.6,89,0
27-10-2023 05:00,15.4,89,0
27-10-2023 05:15,15.4,89,0
27-10-2023 05:30,15.4,89,0
27-10-2023 05:45,16.1,89,0
27-10-2023 06:00,16.6,87,0
27-10-2023 06:15,16.6,86,0
27-10-2023 06:30,16.4,86,0
27-10-2023 06:45,16.4,84,0
27-10-2023 07:00,16.6,84,0
27-10-2023 07:15,17.2,83,0
27-10-2023 07:30,18.3,80,0
27-10-2023 07:45,19.1,79,0
27-10-2023 08:00,20.2,74,0
27-10-2023 08:30,23.1,61,0
27-10-2023 08:45,24.1,57,0
27-10-2023 09:00,25.4,53,0
27-10-2023 09:15,27,46,0
27-10-2023 09:30,28.2,42,0
27-10-2023 09:45,28.7,41,0
27-10-2023 10:00,29.3,40,0
27-10-2023 10:15,29.2,37,0
27-10-2023 10:30,29.4,37,0
27-10-2023 10:45,30.6,37,0
27-10-2023 11:00,30.7,35,0
27-10-2023 11:15,30.6,35,0
27-10-2023 11:30,31.3,33,0
27-10-2023 11:45,31.2,33,0
27-10-2023 12:00,31.8,30,0
27-10-2023 12:15,32.1,29,0
27-10-2023 12:30,32.1,30,0
27-10-2023 12:45,32.4,28,0
27-10-2023 13:00,32.1,27,0
27-10-2023 13:15,32.9,24,0
27-10-2023 13:30,33.2,24,0
27-10-2023 13:45,32.7,26,0
27-10-2023 14:00,32.9,26,0
27-10-2023 14:15,33.2,27,0
27-10-2023 14:30,33.1,27,0
27-10-2023 14:45,33.7,27,0
27-10-2023 15:00,33.7,26,0
27-10-2023 15:15,33.3,26,0
27-10-2023 15:30,33,27,0
27-10-2023 16:15,33.3,25,0
27-10-2023 16:30,33.2,25,0
27-10-2023 16:45,32.6,25,0
27-10-2023 17:00,32.1,26,0
27-10-2023 17:15,31.6,27,0
27-10-2023 17:30,30.8,28,0
27-10-2023 17:45,29.9,29,0
27-10-2023 18:00,29.1,30,0
27-10-2023 18:15,28.5,31,0
27-10-2023 18:30,27.9,33,0
27-10-2023 18:45,27.3,34,0
27-10-2023 19:00,27.2,34,0
27-10-2023 19:15,27.1,35,0
27-10-2023 19:30,26.9,35,0
27-10-2023 19:45,26.6,36,0
27-10-2023 20:00,26.9,34,0
27-10-2023 20:15,26.6,34,0
27-10-2023 20:30,25.9,36,0
27-10-2023 20:45,24.6,40,0
27-10-2023 21:00,23,45,0
27-10-2023 21:15,22.4,49,0
27-10-2023 21:30,22.8,46,0
27-10-2023 21:45,23.2,46,0
27-10-2023 22:00,22.9,48,0
27-10-2023 22:15,22.4,50,0
27-10-2023 22:30,22.1,51,0
27-10-2023 22:45,22,51,0
27-10-2023 23:00,21.7,53,0
27-10-2023 23:15,21.5,54,0
27-10-2023 23:30,21.1,56,0
27-10-2023 23:45,20.7,59,0
28-10-2023 00:00,20,61,0
28-10-2023 00:15,19.4,62,0
28-10-2023 00:30,19.6,63,0
28-10-2023 00:45,19.1,64,0
28-10-2023 01:00,18.2,68,0
28-10-2023 01:15,17.9,71,0
28-10-2023 01:30,17.5,74,0
28-10-2023 01:45,17.3,75,0
28-10-2023 02:00,17.5,73,0
28-10-2023 02:15,17.3,72,0
28-10-2023 02:30,17.3,74,0
28-10-2023 02:45,17.2,73,0
28-10-2023 03:00,16.9,74,0
28-10-2023 03:15,16.2,79,0
28-10-2023 03:30,16.2,82,0
28-10-2023 03:45,15.9,84,0
28-10-2023 04:00,15.8,86,0
28-10-2023 04:15,15.9,84,0
28-10-2023 04:30,16.3,83,0
28-10-2023 05:15,16.3,84,0
28-10-2023 05:30,16.4,83,0
28-10-2023 05:45,16.4,84,0
28-10-2023 06:00,16.3,86,0
28-10-2023 06:15,16.1,86,0
28-10-2023 06:30,16.1,86,0
28-10-2023 06:45,16.2,87,0
28-10-2023 07:00,16.3,86,0
28-10-2023 07:15,16.8,86,0
28-10-2023 07:30,17.5,83,0
28-10-2023 07:45,18.4,80,0
28-10-2023 08:00,19.2,76,0
28-10-2023 08:15,20.6,72,0
28-10-2023 08:30,22,68,0
28-10-2023 08:45,23.2,64,0
28-10-2023 09:00,24.3,60,0
28-10-2023 09:15,26.4,53,0
28-10-2023 09:30,27.5,47,0
28-10-2023 09:45,28.6,42,0
28-10-2023 10:00,28.1,40,0
28-10-2023 10:15,28.6,40,0
28-10-2023 10:30,28.8,39,0
28-10-2023 10:45,29.5,38,0
28-10-2023 11:00,29.8,37,0
28-10-2023 11:15,29.9,36,0
28-10-2023 11:30,30.6,34,0
28-10-2023 11:45,30.7,32,0
28-10-2023 12:00,30.7,32,0
28-10-2023 12:15,31.3,31,0
28-10-2023 12:30,31.6,29,0
28-10-2023 12:45,31.8,29,0
28-10-2023 13:00,32.4,28,0
28-10-2023 13:15,32.5,26,0
28-10-2023 13:30,33.1,25,0
28-10-2023 13:45,32.6,26,0
28-10-2023 14:00,32.8,27,0
28-10-2023 14:15,33.1,26,0
28-10-2023 14:30,33.6,24,0
28-10-2023 14:45,33,27,0
28-10-2023 15:00,34.1,26,0
28-10-2023 15:15,33.7,25,0
28-10-2023 15:30,34.1,25,0
28-10-2023 15:45,34.1,25,0
28-10-2023 16:00,34,25,0
28-10-2023 16:15,33.7,25,0
28-10-2023 16:30,32.5,26,0
28-10-2023 16:45,32.6,27,0
28-10-2023 17:00,32.8,29,0
28-10-2023 17:15,31.8,32,0
28-10-2023 17:30,31.2,32,0
28-10-2023 17:45,29.6,36,0
28-10-2023 18:00,28,40,0
28-10-2023 18:15,26.9,41,0
28-10-2023 18:30,25.9,50,0
28-10-2023 18:45,25,51,0
28-10-2023 19:00,24.3,55,0
28-10-2023 19:15,23.8,55,0
28-10-2023 19:30,23.1,63,0
28-10-2023 19:45,22.6,64,0
28-10-2023 20:15,23.9,54,0
28-10-2023 20:30,23.7,55,0
28-10-2023 20:45,23.4,56,0
28-10-2023 21:00,23,57,0
28-10-2023 21:15,22.1,59,0
28-10-2023 21:30,21.7,62,0
28-10-2023 21:45,21.6,62,0
28-10-2023 22:00,21.5,61,0
28-10-2023 22:15,21.1,63,0
28-10-2023 22:30,20.7,64,0
28-10-2023 22:45,21.1,62,0
28-10-2023 23:00,21.1,63,0
28-10-2023 23:15,20.9,66,0
28-10-2023 23:30,20.9,65,0
28-10-2023 23:45,20.6,67,0
29-10-2023 00:00,20.6,67,0
29-10-2023 00:15,20.2,68,0
29-10-2023 00:30,19.1,72,0
29-10-2023 00:45,19.3,74,0
29-10-2023 01:00,19.6,73,0
29-10-2023 01:15,19.7,74,0
29-10-2023 01:30,19.7,77,0
29-10-2023 01:45,19.2,76,0
29-10-2023 02:00,18.7,78,0
29-10-2023 02:15,19.1,79,0
29-10-2023 02:30,18.8,79,0
29-10-2023 02:45,18.5,80,0
29-10-2023 03:00,18.1,80,0
29-10-2023 03:15,17.9,78,0
29-10-2023 03:30,17.5,80,0
29-10-2023 03:45,17.4,82,0
29-10-2023 04:00,17.7,81,0
29-10-2023 04:15,17.6,83,0
29-10-2023 04:30,17.5,85,0
29-10-2023 05:15,16.6,87,0
29-10-2023 05:30,16.9,87,0
29-10-2023 05:45,16.9,87,0
29-10-2023 06:00,16.7,87,0
29-10-2023 06:15,16.7,88,0
29-10-2023 06:30,16.8,88,0
29-10-2023 06:45,17,87,0
29-10-2023 07:00,17.4,87,0
29-10-2023 07:15,18.1,86,0
29-10-2023 07:30,18.7,80,0
29-10-2023 07:45,19,79,0
29-10-2023 08:00,19.6,76,0
29-10-2023 08:30,22.1,67,0
29-10-2023 08:45,23.2,61,0
29-10-2023 09:00,25.7,55,0
29-10-2023 09:15,27.1,50,0
29-10-2023 09:30,28,46,0
29-10-2023 09:45,28.3,43,0
29-10-2023 10:00,28.5,40,0
29-10-2023 10:15,28.5,39,0
29-10-2023 10:30,28.9,39,0
29-10-2023 10:45,29.2,40,0
29-10-2023 11:00,29.8,38,0
29-10-2023 11:15,30,36,0
29-10-2023 11:30,29.9,36,0
29-10-2023 11:45,30.2,36,0
29-10-2023 12:00,30.4,36,0
29-10-2023 12:15,30.9,33,0
29-10-2023 12:30,31.2,33,0
29-10-2023 12:45,31.4,33,0
29-10-2023 13:00,31.3,32,0
29-10-2023 13:15,32.2,33,0
29-10-2023 13:30,32.4,31,0
29-10-2023 13:45,32.4,31,0
29-10-2023 14:00,32.6,30,0
29-10-2023 14:30,33.7,28,0
29-10-2023 14:45,33.3,29,0
29-10-2023 15:00,33.6,29,0
29-10-2023 15:15,33.8,28,0
29-10-2023 15:30,33.4,29,0
29-10-2023 15:45,33.4,28,0
29-10-2023 16:00,33.5,28,0
29-10-2023 16:15,33.1,29,0
29-10-2023 16:30,33.3,29,0
29-10-2023 16:45,32.8,30,0
29-10-2023 17:00,32.3,32,0
29-10-2023 17:15,32,34,0
29-10-2023 17:30,31,36,0
29-10-2023 17:45,29.9,39,0
29-10-2023 18:00,28.1,42,0
29-10-2023 18:15,26.9,47,0
29-10-2023 18:30,26.1,48,0
29-10-2023 18:45,25.6,53,0
29-10-2023 19:00,24.8,59,0
29-10-2023 19:15,24.2,60,0
29-10-2023 19:30,23.7,63,0
29-10-2023 19:45,24,60,0
29-10-2023 20:00,24.2,58,0
29-10-2023 20:30,24,58,0
29-10-2023 20:45,23.7,59,0
29-10-2023 21:00,23.2,61,0
29-10-2023 21:15,22.9,63,0
29-10-2023 21:30,22.8,64,0
29-10-2023 21:45,22.8,64,0
29-10-2023 22:00,22.4,65,0
29-10-2023 22:15,22,66,0
29-10-2023 22:30,22,66,0
29-10-2023 22:45,21.7,67,0
29-10-2023 23:00,21.2,70,0
29-10-2023 23:15,20.9,72,0
29-10-2023 23:30,20.7,73,0
29-10-2023 23:45,20.5,73,0
30-10-2023 00:00,20.3,77,0
30-10-2023 00:15,20.1,78,0
30-10-2023 00:30,19.9,80,0
30-10-2023 00:45,19.6,82,0
30-10-2023 01:00,19.4,86,0
30-10-2023 01:15,19.5,82,0
30-10-2023 01:30,19.5,78,0
30-10-2023 01:45,19.6,77,0
30-10-2023 02:00,19,85,0
30-10-2023 02:15,18.2,86,0
30-10-2023 02:30,17.7,88,0
30-10-2023 02:45,17.7,88,0
30-10-2023 03:00,17.9,88,0
30-10-2023 03:15,18,87,0
30-10-2023 03:30,17.6,87,0
30-10-2023 04:00,17.6,87,0
30-10-2023 04:15,17.7,87,0
30-10-2023 04:45,17.2,89,0
30-10-2023 05:00,16.4,89,0
30-10-2023 05:15,16.4,89,0
30-10-2023 05:30,17.2,89,0
30-10-2023 05:45,17.7,87,0
30-10-2023 06:00,17.9,86,0
30-10-2023 06:15,17.5,86,0
30-10-2023 06:30,17.5,87,0
30-10-2023 06:45,17.6,87,0
30-10-2023 07:00,18,86,0
30-10-2023 07:15,18.2,84,0
30-10-2023 07:30,18.7,82,0
30-10-2023 07:45,19.5,76,0
30-10-2023 08:00,19.9,74,0
30-10-2023 08:15,21.1,73,0
30-10-2023 08:30,22.4,68,0
30-10-2023 08:45,24.2,61,0
30-10-2023 09:00,25.9,56,0
30-10-2023 09:15,27.1,50,0
30-10-2023 09:30,27.6,48,0
30-10-2023 09:45,28.1,46,0
30-10-2023 10:00,28.4,44,0
30-10-2023 10:15,28.5,43,0
30-10-2023 10:30,28.7,42,0
30-10-2023 10:45,29,42,0
30-10-2023 11:00,29.5,41,0
30-10-2023 11:15,29.5,40,0
30-10-2023 11:30,30.2,40,0
30-10-2023 11:45,30.9,38,0
30-10-2023 12:00,30.1,37,0
30-10-2023 12:30,30.8,35,0
30-10-2023 12:45,30.9,35,0
30-10-2023 13:00,31.5,35,0
30-10-2023 13:15,32,33,0
30-10-2023 13:30,32.2,33,0
30-10-2023 13:45,31.7,32,0
30-10-2023 14:00,32.5,30,0
30-10-2023 14:15,33.1,31,0
30-10-2023 14:30,33.1,31,0
30-10-2023 14:45,33.1,31,0
30-10-2023 15:00,33.1,31,0
30-10-2023 15:15,33.2,31,0
30-10-2023 15:30,33.3,30,0
30-10-2023 15:45,33,32,0
30-10-2023 16:00,32.8,32,0
30-10-2023 16:15,33.2,32,0
30-10-2023 16:30,33,33,0
30-10-2023 16:45,32.7,32,0
30-10-2023 17:15,32.1,35,0
30-10-2023 17:30,31.2,36,0
30-10-2023 17:45,30,39,0
30-10-2023 18:00,28.5,45,0
30-10-2023 18:15,27.2,47,0
30-10-2023 18:30,26.4,52,0
30-10-2023 18:45,25.7,54,0
30-10-2023 19:00,24.9,57,0
30-10-2023 19:15,24.4,59,0
30-10-2023 19:30,23.6,61,0
30-10-2023 19:45,23.3,67,0
30-10-2023 20:00,23.2,63,0
30-10-2023 20:15,23.9,61,0
30-10-2023 20:30,23.9,62,0
30-10-2023 20:45,23.7,63,0
30-10-2023 21:00,23.5,64,0
30-10-2023 21:15,23.2,63,0
30-10-2023 21:30,22.8,64,0
30-10-2023 21:45,21.6,68,0
30-10-2023 22:00,20.9,73,0
30-10-2023 22:15,20.9,73,0
30-10-2023 22:30,21.1,71,0
30-10-2023 22:45,20.6,72,0
30-10-2023 23:00,20.3,74,0
30-10-2023 23:15,20.6,74,0
30-10-2023 23:30,21,72,0
30-10-2023 23:45,20.8,72,0
31-10-2023 00:00,20.5,74,0
31-10-2023 00:15,20.4,74,0
31-10-2023 00:30,20.2,76,0
31-10-2023 00:45,20.1,77,0
31-10-2023 01:00,20.2,78,0
31-10-2023 01:15,20,79,0
31-10-2023 01:30,19.9,82,0
31-10-2023 01:45,19.6,83,0
31-10-2023 02:00,19.4,85,0
31-10-2023 02:15,19.3,85,0
31-10-2023 02:30,19,85,0
31-10-2023 02:45,18.5,87,0
31-10-2023 03:00,18.1,88,0
31-10-2023 03:15,17.8,89,0
31-10-2023 03:30,17.5,90,0
31-10-2023 04:00,17.5,90,0
31-10-2023 04:15,18.1,90,0
31-10-2023 04:30,18.2,89,0
31-10-2023 04:45,18.4,89,0
31-10-2023 05:00,18.6,88,0
31-10-2023 05:15,19.2,84,0
31-10-2023 05:30,19.5,83,0
31-10-2023 05:45,19.6,82,0
31-10-2023 06:00,19.6,81,0
31-10-2023 06:15,19.7,82,0
31-10-2023 06:30,19.5,83,0
31-10-2023 06:45,19.6,83,0
31-10-2023 07:00,19.9,83,0
31-10-2023 07:15,20.2,81,0
31-10-2023 07:30,20.8,78,0
31-10-2023 07:45,21.4,75,0
31-10-2023 08:00,22.1,76,0
31-10-2023 08:15,22.8,70,0
31-10-2023 08:30,23.6,66,0
31-10-2023 08:45,24.7,60,0
31-10-2023 09:00,26,54,0
31-10-2023 09:15,26.6,52,0
31-10-2023 09:30,27.1,47,0
31-10-2023 09:45,27.7,47,0
31-10-2023 10:00,27.7,45,0
31-10-2023 10:15,28.3,44,0
31-10-2023 10:30,28.4,44,0
31-10-2023 10:45,29.2,43,0
31-10-2023 11:00,28.9,41,0
31-10-2023 11:15,29.5,42,0
31-10-2023 11:30,30.3,39,0
31-10-2023 11:45,29.8,40,0
31-10-2023 12:00,30.2,39,0
31-10-2023 12:15,30.5,38,0
31-10-2023 12:30,30.6,38,0
31-10-2023 12:45,31.5,37,0
31-10-2023 13:00,31.9,37,0
31-10-2023 13:15,31.5,36,0
31-10-2023 13:30,31.9,35,0
31-10-2023 13:45,33.1,34,0
31-10-2023 14:00,33.5,31,0
31-10-2023 14:15,33.6,31,0
31-10-2023 14:30,33.6,32,0
31-10-2023 14:45,33.4,32,0
31-10-2023 15:00,33.5,32,0
31-10-2023 15:15,34.1,30,0
31-10-2023 15:30,33.9,33,0
31-10-2023 15:45,34.2,31,0
31-10-2023 16:00,33.8,32,0
31-10-2023 16:15,33.1,32,0
31-10-2023 16:30,33.1,34,0
31-10-2023 16:45,32.5,34,0
31-10-2023 17:00,32,35,0
31-10-2023 17:15,31.4,37,0
31-10-2023 17:30,31,38,0
31-10-2023 17:45,30.2,40,0
31-10-2023 18:00,29.5,40,0
31-10-2023 18:15,29,40,0
31-10-2023 18:30,28.4,42,0
31-10-2023 18:45,27.1,46,0
31-10-2023 19:00,26.2,49,0
31-10-2023 19:15,25.3,51,0
31-10-2023 19:30,24.4,57,0
31-10-2023 20:15,23.7,60,0
31-10-2023 20:45,23.5,59,0
31-10-2023 21:00,23.3,59,0
31-10-2023 21:15,22.8,61,0
31-10-2023 21:30,22.5,63,0
31-10-2023 21:45,22.2,63,0
31-10-2023 22:00,21.9,65,0
31-10-2023 22:15,21.8,65,0
31-10-2023 22:30,22,66,0
31-10-2023 22:45,21.9,66,0
31-10-2023 23:00,21.5,68,0
31-10-2023 23:15,21.5,68,0
31-10-2023 23:30,21.4,68,0
31-10-2023 23:45,21.1,70,0
01-11-2023 00:00,20.8,72,0
01-11-2023 00:15,20.6,74,0
01-11-2023 00:30,20.5,75,0
01-11-2023 00:45,20.3,77,0
01-11-2023 01:00,19.7,78,0
01-11-2023 01:15,19.4,81,0
01-11-2023 01:30,19.5,80,0
01-11-2023 01:45,19.6,83,0
01-11-2023 02:00,19.5,84,0
01-11-2023 02:15,19,82,0
01-11-2023 02:30,18.8,84,0
01-11-2023 02:45,18.6,82,0
01-11-2023 03:00,18.6,83,0
01-11-2023 03:15,18.4,86,0
01-11-2023 03:30,18.3,87,0
01-11-2023 03:45,18,87,0
01-11-2023 04:00,18,87,0
01-11-2023 04:15,18.1,87,0
01-11-2023 04:30,17.8,87,0
01-11-2023 04:45,17.6,87,0
01-11-2023 05:00,17.6,88,0
01-11-2023 05:15,17.4,88,0
01-11-2023 05:30,17.1,88,0
01-11-2023 05:45,17,88,0
01-11-2023 06:00,16.9,87,0
01-11-2023 06:15,16.9,87,0
01-11-2023 06:30,16.8,88,0
01-11-2023 06:45,16.8,88,0
01-11-2023 07:00,17.2,88,0
01-11-2023 07:15,17.6,87,0
01-11-2023 07:30,18.2,86,0
01-11-2023 07:45,18.8,80,0
01-11-2023 08:00,19.7,79,0
01-11-2023 08:30,22.3,70,0
01-11-2023 08:45,23.8,67,0
01-11-2023 09:00,25.2,60,0
01-11-2023 09:15,26.6,55,0
01-11-2023 09:30,27.4,50,0
01-11-2023 09:45,27.7,49,0
01-11-2023 10:00,28.4,47,0
01-11-2023 10:15,29,46,0
01-11-2023 10:30,29.4,45,0
01-11-2023 10:45,29.2,43,0
01-11-2023 11:00,29.8,41,0
01-11-2023 11:15,30.3,37,0
01-11-2023 11:30,31.1,33,0
01-11-2023 11:45,31.2,33,0
01-11-2023 12:15,31.1,33,0
01-11-2023 12:30,31.6,33,0
01-11-2023 12:45,32.1,32,0
01-11-2023 13:00,32,30,0
01-11-2023 13:15,32.5,31,0
01-11-2023 13:30,32.5,31,0
01-11-2023 13:45,32.9,31,0
01-11-2023 14:00,32.6,30,0
01-11-2023 14:15,34,29,0
01-11-2023 14:30,33.4,27,0
01-11-2023 14:45,33.2,28,0
01-11-2023 15:00,33.7,27,0
01-11-2023 15:15,33.6,27,0
01-11-2023 15:30,33.3,27,0
01-11-2023 15:45,32.5,28,0
01-11-2023 16:00,33.1,28,0
01-11-2023 16:15,32.9,27,0
01-11-2023 16:30,32.5,28,0
01-11-2023 16:45,32.2,29,0
01-11-2023 17:00,31.7,30,0
01-11-2023 17:15,31.2,31,0
01-11-2023 17:30,30.5,33,0
01-11-2023 17:45,29.7,34,0
01-11-2023 18:00,28.9,36,0
01-11-2023 18:15,27.9,40,0
01-11-2023 18:30,27,41,0
01-11-2023 18:45,25.8,46,0
01-11-2023 19:00,24.7,49,0
01-11-2023 19:15,24,51,0
01-11-2023 19:30,23.1,54,0
01-11-2023 19:45,22.6,56,0
01-11-2023 20:00,22.2,59,0
01-11-2023 20:15,23.3,53,0
01-11-2023 20:30,23.5,52,0
01-11-2023 20:45,22.9,55,0
01-11-2023 21:00,23,55,0
01-11-2023 21:15,22.7,56,0
01-11-2023 21:30,22.3,56,0
01-11-2023 21:45,21.6,59,0
01-11-2023 22:00,22.1,59,0
01-11-2023 22:15,22.3,58,0
01-11-2023 22:30,22.2,58,0
01-11-2023 22:45,21.7,62,0
01-11-2023 23:00,21.2,64,0
01-11-2023 23:15,20.9,66,0
01-11-2023 23:30,20.7,66,0
01-11-2023 23:45,20.5,68,0
02-11-2023 00:00,20.4,70,0
02-11-2023 00:15,20.2,71,0
02-11-2023 00:30,20,73,0
02-11-2023 00:45,19.7,74,0
02-11-2023 01:00,19.4,77,0
02-11-2023 01:15,19.5,77,0
02-11-2023 01:30,19.3,79,0
02-11-2023 01:45,18.7,81,0
02-11-2023 02:00,17.9,86,0
02-11-2023 02:15,17.6,87,0
02-11-2023 02:30,17.5,86,0
02-11-2023 02:45,17.5,86,0
02-11-2023 03:00,18.1,87,0
02-11-2023 03:15,17.4,86,0
02-11-2023 03:30,17.5,87,0
02-11-2023 04:15,17.3,86,0
02-11-2023 04:30,17,87,0
02-11-2023 04:45,17.1,88,0
02-11-2023 05:00,17.1,88,0
02-11-2023 05:15,17.1,87,0
02-11-2023 05:30,16.9,87,0
02-11-2023 05:45,16.9,87,0
02-11-2023 06:00,16.8,88,0
02-11-2023 06:15,16.9,88,0
02-11-2023 06:30,16.8,88,0
02-11-2023 06:45,16.9,88,0
02-11-2023 07:00,17.2,88,0
02-11-2023 07:30,17.7,87,0
02-11-2023 07:45,18.3,86,0
02-11-2023 08:00,19.2,81,0
02-11-2023 08:15,20.8,75,0
02-11-2023 08:30,22.3,71,0
02-11-2023 08:45,23.6,65,0
02-11-2023 09:00,25.6,58,0
02-11-2023 09:15,27.2,53,0
02-11-2023 09:30,27.7,53,0
02-11-2023 09:45,28.4,51,0
02-11-2023 10:00,29,50,0
02-11-2023 10:15,28.8,50,0
02-11-2023 10:30,29.3,47,0
02-11-2023 10:45,29.3,45,0
02-11-2023 11:00,29.7,45,0
02-11-2023 11:15,30.2,44,0
02-11-2023 11:30,30.2,44,0
02-11-2023 11:45,30,43,0
02-11-2023 12:00,30.8,43,0
02-11-2023 12:15,31,42,0
02-11-2023 12:30,32.1,40,0
02-11-2023 12:45,31.9,40,0
02-11-2023 13:00,31.8,40,0
02-11-2023 13:15,32.5,39,0
02-11-2023 13:30,32.5,39,0
02-11-2023 13:45,32.5,39,0
02-11-2023 14:00,32.9,37,0
02-11-2023 14:15,34.3,34,0
02-11-2023 14:30,33,37,0
02-11-2023 14:45,33.3,37,0
02-11-2023 15:00,33.4,37,0
02-11-2023 15:15,33.4,38,0
02-11-2023 15:30,33.6,36,0
02-11-2023 15:45,33.2,37,0
02-11-2023 16:00,33,37,0
02-11-2023 16:15,32.4,38,0
02-11-2023 16:30,32.8,38,0
02-11-2023 16:45,32.8,38,0
02-11-2023 17:00,32.1,38,0
02-11-2023 17:15,31.5,42,0
02-11-2023 17:30,31.1,37,0
02-11-2023 17:45,30.2,39,0
02-11-2023 18:00,29.2,42,0
02-11-2023 18:15,27.1,47,0
02-11-2023 18:30,25.8,54,0
02-11-2023 18:45,25.6,56,0
02-11-2023 19:00,25,57,0
02-11-2023 19:15,24.6,58,0
02-11-2023 19:30,24.2,61,0
02-11-2023 19:45,23.8,63,0
02-11-2023 20:00,24.3,63,0
02-11-2023 20:15,24.6,62,0
02-11-2023 20:30,24.2,62,0
02-11-2023 20:45,23.7,63,0
02-11-2023 21:00,23.2,65,0
02-11-2023 21:30,22.7,66,0
02-11-2023 21:45,22.7,66,0
02-11-2023 22:00,22.6,66,0
02-11-2023 22:15,22.6,66,0
02-11-2023 22:30,22.4,67,0
02-11-2023 22:45,22.9,66,0
02-11-2023 23:00,22.4,67,0
02-11-2023 23:15,21.9,68,0
02-11-2023 23:30,21.7,71,0
02-11-2023 23:45,21.5,72,0
03-11-2023 00:00,21.4,73,0
03-11-2023 00:15,21.1,73,0
03-11-2023 00:30,20.9,75,0
03-11-2023 00:45,20.5,76,0
03-11-2023 01:00,20.7,75,0
03-11-2023 01:15,20.9,73,0
03-11-2023 01:30,20.4,74,0
03-11-2023 01:45,19.8,77,0
03-11-2023 02:00,19.2,82,0
03-11-2023 02:15,19.2,82,0
03-11-2023 02:30,18.7,83,0
03-11-2023 02:45,18.4,86,0
03-11-2023 03:00,18.4,87,0
03-11-2023 03:15,19.1,86,0
03-11-2023 03:30,19.2,85,0
03-11-2023 03:45,19.1,85,0
03-11-2023 04:15,18.7,86,0
03-11-2023 04:30,18.5,87,0
03-11-2023 04:45,18.3,87,0
03-11-2023 05:00,18.2,87,0
03-11-2023 05:15,17.8,87,0
03-11-2023 05:30,17.6,88,0
03-11-2023 05:45,17.8,87,0
03-11-2023 06:00,17.6,87,0
03-11-2023 06:15,17.8,87,0
03-11-2023 06:30,17.9,87,0
03-11-2023 06:45,17.9,87,0
03-11-2023 07:00,18.2,87,0
03-11-2023 07:30,19.7,80,0
03-11-2023 07:45,20.2,76,0
03-11-2023 08:00,20.8,74,0
03-11-2023 08:15,21.7,72,0
03-11-2023 08:30,22.7,69,0
03-11-2023 08:45,24.2,64,0
03-11-2023 09:00,25.4,60,0
03-11-2023 09:15,26.7,57,0
03-11-2023 09:30,28.6,53,0
03-11-2023 09:45,28.7,49,0
03-11-2023 10:00,28.9,49,0
03-11-2023 10:15,29.4,48,0
03-11-2023 10:30,29.5,46,0
03-11-2023 10:45,29.7,45,0
03-11-2023 11:00,30,46,0
03-11-2023 11:15,30.2,44,0
03-11-2023 11:30,30.8,43,0
03-11-2023 11:45,30.9,41,0
03-11-2023 12:00,31,42,0
03-11-2023 12:15,30.9,42,0
03-11-2023 12:30,31.5,41,0
03-11-2023 12:45,31.9,39,0
03-11-2023 13:00,31.7,40,0
03-11-2023 13:15,32.7,38,0
03-11-2023 13:30,32.8,37,0
03-11-2023 13:45,32.7,39,0
03-11-2023 14:00,32.9,37,0
03-11-2023 14:15,32.8,37,0
03-11-2023 14:30,33.3,37,0
03-11-2023 14:45,33.3,36,0
03-11-2023 15:00,33,36,0
03-11-2023 15:15,32.7,38,0
03-11-2023 15:30,33,37,0
03-11-2023 15:45,32.6,39,0
03-11-2023 16:00,32.6,38,0
03-11-2023 16:15,32.5,39,0
03-11-2023 16:30,31.7,41,0
03-11-2023 16:45,31.8,40,0
03-11-2023 17:00,31.4,41,0
03-11-2023 17:15,31.2,42,0
03-11-2023 17:30,30.3,44,0
03-11-2023 17:45,29.4,47,0
03-11-2023 18:00,28.3,50,0
03-11-2023 18:15,26.9,55,0
03-11-2023 18:30,26.3,57,0
03-11-2023 18:45,25.8,59,0
03-11-2023 19:00,25.4,65,0
03-11-2023 19:15,25.1,64,0
03-11-2023 19:30,24.4,65,0
03-11-2023 19:45,24,68,0
03-11-2023 20:00,23.7,68,0
03-11-2023 20:15,23.6,68,0
03-11-2023 20:30,24.3,66,0
03-11-2023 20:45,24.3,66,0
03-11-2023 21:00,24,67,0
03-11-2023 21:15,23.7,68,0
03-11-2023 21:30,23.8,68,0
03-11-2023 21:45,23.7,69,0
03-11-2023 22:00,23.9,68,0
03-11-2023 22:15,23.6,70,0
03-11-2023 22:30,23.3,71,0
03-11-2023 22:45,23,73,0
03-11-2023 23:00,22.3,73,0
03-11-2023 23:15,22.1,74,0
03-11-2023 23:30,22,75,0
03-11-2023 23:45,21.8,77,0
04-11-2023 00:00,21.6,78,0
04-11-2023 00:15,21.5,80,0
04-11-2023 00:30,21.7,82,0
04-11-2023 00:45,21.3,84,0
04-11-2023 01:00,21.1,83,0
04-11-2023 01:15,21.2,82,0
04-11-2023 01:30,21.6,78,0
04-11-2023 01:45,21.7,76,0
04-11-2023 02:00,21.6,74,0
04-11-2023 02:15,21.6,73,0
04-11-2023 02:30,21.5,73,0
04-11-2023 02:45,21.3,73,0
04-11-2023 03:00,21,74,0
04-11-2023 03:15,20.9,73,0
04-11-2023 03:30,20.7,72,0
04-11-2023 04:15,19.9,75,0
04-11-2023 04:45,19.5,78,0
04-11-2023 05:00,19.3,79,0
04-11-2023 05:15,19.4,78,0
04-11-2023 05:30,18.8,86,0
04-11-2023 05:45,18.8,87,0
04-11-2023 06:00,19.1,86,0
04-11-2023 06:15,19.2,85,0
04-11-2023 06:30,19,86,0
04-11-2023 06:45,18.8,87,0
04-11-2023 07:00,19.2,86,0
04-11-2023 07:15,19.7,85,0
04-11-2023 07:30,20.4,83,0
04-11-2023 07:45,21.9,78,0
04-11-2023 08:00,23.5,71,0
04-11-2023 08:15,24.3,65,0
04-11-2023 08:30,25.2,59,0
04-11-2023 08:45,25.2,59,0
04-11-2023 09:00,26.7,55,0
04-11-2023 09:15,28.4,53,0
04-11-2023 09:30,28.5,51,0
04-11-2023 09:45,28.5,50,0
04-11-2023 10:00,28.9,49,0
04-11-2023 10:15,28.9,48,0
04-11-2023 10:30,29.4,47,0
04-11-2023 10:45,29.5,46,0
04-11-2023 11:00,30.3,47,0
04-11-2023 11:15,30.4,45,0
04-11-2023 11:30,31,44,0
04-11-2023 11:45,31,44,0
04-11-2023 12:00,30.9,42,0
04-11-2023 12:15,31.8,42,0
04-11-2023 12:30,31.8,41,0
04-11-2023 12:45,31.8,39,0
04-11-2023 13:00,32.5,40,0
04-11-2023 13:15,32.8,40,0
04-11-2023 13:30,32.2,40,0
04-11-2023 13:45,33.2,39,0
04-11-2023 14:00,33.1,39,0
04-11-2023 14:15,33.1,38,0
04-11-2023 14:30,33.2,38,0
04-11-2023 14:45,33.5,39,0
04-11-2023 15:00,33.5,39,0
04-11-2023 15:15,33.3,38,0
04-11-2023 15:30,33.2,39,0
04-11-2023 15:45,32.8,40,0
04-11-2023 16:00,33,39,0
04-11-2023 16:15,32.3,40,0
04-11-2023 16:30,31.7,41,0
04-11-2023 16:45,32.2,41,0
04-11-2023 17:00,31.8,41,0
04-11-2023 17:15,31.3,43,0
04-11-2023 17:30,30.3,46,0
04-11-2023 18:00,29.1,49,0
04-11-2023 18:15,28,53,0
04-11-2023 18:45,26.2,60,0
04-11-2023 19:00,25.7,61,0
04-11-2023 19:15,25.5,63,0
04-11-2023 19:30,25,67,0
04-11-2023 19:45,24.4,68,0
04-11-2023 20:00,24.2,69,0
04-11-2023 20:15,25.3,64,0
04-11-2023 20:30,25.5,63,0
04-11-2023 20:45,25.3,63,0
04-11-2023 21:00,25.3,62,0
04-11-2023 21:15,25.2,61,0
04-11-2023 21:30,25,62,0
04-11-2023 21:45,24.7,62,0
04-11-2023 22:00,24.3,64,0
04-11-2023 22:15,24.6,63,0
04-11-2023 22:30,25,62,0
04-11-2023 22:45,24.7,62,0
04-11-2023 23:00,24.3,64,0
04-11-2023 23:15,23.2,68,0
04-11-2023 23:30,22.3,71,0
04-11-2023 23:45,22.5,72,0
05-11-2023 00:00,22.6,72,0
05-11-2023 00:15,22.6,71,0
05-11-2023 00:30,22.5,72,0
05-11-2023 00:45,22.4,73,0
05-11-2023 01:00,22,74,0
05-11-2023 01:15,21.2,78,0
05-11-2023 01:30,20.9,81,0
05-11-2023 01:45,20.8,82,0
05-11-2023 02:00,20.8,83,0
05-11-2023 02:15,20.4,85,0
05-11-2023 02:30,19.9,87,0
05-11-2023 02:45,19.6,88,0
05-11-2023 03:00,19.9,87,0
05-11-2023 03:15,20.1,87,0
05-11-2023 03:30,20.1,87,0
05-11-2023 03:45,19.7,87,0
05-11-2023 04:15,20.2,85,0
05-11-2023 04:30,20.2,84,0
05-11-2023 04:45,20.1,84,0
05-11-2023 05:00,20.1,83,0
05-11-2023 05:15,20.4,82,0
05-11-2023 05:30,20.3,82,0
05-11-2023 05:45,20.2,82,0
05-11-2023 06:00,20.2,81,0
05-11-2023 06:15,20.2,80,0
05-11-2023 06:30,20.1,81,0
05-11-2023 06:45,20,80,0
05-11-2023 07:00,20,81,0
05-11-2023 07:15,20.1,79,0
05-11-2023 07:30,20.3,77,0
05-11-2023 07:45,20.6,77,0
05-11-2023 08:00,20.7,75,0
05-11-2023 08:15,20.9,75,0
05-11-2023 08:30,21.2,75,0
05-11-2023 08:45,22.3,73,0
05-11-2023 09:00,23.8,69,0
05-11-2023 09:15,25.3,66,0
05-11-2023 09:30,27.2,59,0
05-11-2023 09:45,27.7,58,0
05-11-2023 10:00,28,57,0
05-11-2023 10:15,28.2,59,0
05-11-2023 10:30,28.8,60,0
05-11-2023 10:45,28.9,59,0
05-11-2023 11:00,28.9,58,0
05-11-2023 11:15,29.2,59,0
05-11-2023 11:30,29.9,56,0
05-11-2023 11:45,30.1,57,0
05-11-2023 12:00,30.4,55,0
05-11-2023 12:15,31.1,51,0
05-11-2023 12:30,31.2,47,0
05-11-2023 12:45,32.1,47,0
05-11-2023 13:00,32.4,44,0
05-11-2023 13:15,32.7,43,0
05-11-2023 13:30,32.4,43,0
05-11-2023 13:45,32.7,44,0
05-11-2023 14:00,32.9,43,0
05-11-2023 14:15,32.2,43,0
05-11-2023 14:30,32.5,43,0
05-11-2023 14:45,32.8,41,0
05-11-2023 15:00,34.1,39,0
05-11-2023 15:15,33.3,39,0
05-11-2023 15:30,33.8,39,0
05-11-2023 15:45,33.7,38,0
05-11-2023 16:00,32.8,39,0
05-11-2023 16:15,33.2,39,0
05-11-2023 16:30,33.1,38,0
05-11-2023 16:45,33.1,39,0
05-11-2023 17:00,32.4,40,0
05-11-2023 17:15,31.5,42,0
05-11-2023 17:30,30.6,44,0
05-11-2023 17:45,29.8,45,0
05-11-2023 18:00,29.2,46,0
05-11-2023 18:15,28.8,48,0
05-11-2023 18:30,27.9,51,0
05-11-2023 18:45,26.6,56,0
05-11-2023 19:00,25.7,59,0
05-11-2023 19:15,26.5,54,0
05-11-2023 19:30,26.7,51,0
05-11-2023 19:45,27,48,0
05-11-2023 20:00,27.1,47,0
05-11-2023 20:15,26.9,47,0
05-11-2023 20:30,26.1,50,0
05-11-2023 20:45,25.5,51,0
05-11-2023 21:00,25.1,53,0
05-11-2023 21:15,25.4,52,0
05-11-2023 21:30,25.4,52,0
05-11-2023 21:45,25,53,0
05-11-2023 22:00,24.9,53,0
05-11-2023 22:15,24.7,54,0
05-11-2023 22:30,24.3,55,0
05-11-2023 22:45,24.3,55,0
05-11-2023 23:00,24.2,56,0
05-11-2023 23:15,23.4,60,0
05-11-2023 23:30,22.4,64,0
05-11-2023 23:45,21.7,68,0
06-11-2023 00:00,21.5,67,0
06-11-2023 00:15,21.2,68,0
06-11-2023 00:30,21.2,69,0
06-11-2023 00:45,21.5,67,0
06-11-2023 01:00,21.6,66,0
06-11-2023 01:15,21.1,69,0
06-11-2023 01:30,20.9,71,0
06-11-2023 01:45,20.8,72,0
06-11-2023 02:00,20.8,71,0
06-11-2023 02:15,20.7,72,0
06-11-2023 02:30,20.6,72,0
06-11-2023 02:45,20.2,72,0
06-11-2023 03:00,19.6,75,0
06-11-2023 03:15,19.4,76,0
06-11-2023 03:30,19.3,77,0
06-11-2023 03:45,19.1,79,0
06-11-2023 04:00,19,79,0
06-11-2023 04:15,19,78,0
06-11-2023 04:30,18.8,80,0
06-11-2023 04:45,18.6,81,0
06-11-2023 05:15,18.7,82,0
06-11-2023 05:30,18.1,83,0
06-11-2023 05:45,18.2,82,0
06-11-2023 06:00,17.9,82,0
06-11-2023 06:15,17.4,86,0
06-11-2023 06:30,17.2,88,0
06-11-2023 06:45,17.2,88,0
06-11-2023 07:00,18,87,0
06-11-2023 07:15,18.2,85,0
06-11-2023 07:30,18.5,84,0
06-11-2023 07:45,19.3,80,0
06-11-2023 08:00,20,76,0
06-11-2023 08:15,20.7,74,0
06-11-2023 08:30,22.5,70,0
06-11-2023 08:45,23.3,67,0
06-11-2023 09:00,24.5,65,0
06-11-2023 09:15,25.7,60,0
06-11-2023 09:30,26,58,0
06-11-2023 09:45,27.4,55,0
06-11-2023 10:00,27.8,50,0
06-11-2023 10:15,28.5,49,0
06-11-2023 10:30,28.6,51,0
06-11-2023 10:45,28.5,51,0
06-11-2023 11:00,28.6,49,0
06-11-2023 11:15,29.5,47,0
06-11-2023 11:30,29.2,47,0
06-11-2023 11:45,30,45,0
06-11-2023 12:00,30.3,43,0
06-11-2023 12:15,30.2,44,0
06-11-2023 12:30,30.1,45,0
06-11-2023 12:45,30.1,43,0
06-11-2023 13:00,30.6,43,0
06-11-2023 13:15,31,43,0
06-11-2023 13:30,31.5,41,0
06-11-2023 13:45,31,39,0
06-11-2023 14:00,31.8,39,0
06-11-2023 14:15,31.4,36,0
06-11-2023 14:30,31.6,36,0
06-11-2023 14:45,32.7,32,0
06-11-2023 15:00,32.7,32,0
06-11-2023 15:15,32.3,33,0
06-11-2023 15:30,32.3,34,0
06-11-2023 15:45,31.8,34,0
06-11-2023 16:00,31.9,35,0
06-11-2023 16:15,31.9,33,0
06-11-2023 16:30,31.4,34,0
06-11-2023 16:45,30.6,35,0
06-11-2023 17:00,30.2,37,0
06-11-2023 17:15,29.9,38,0
06-11-2023 17:30,29.4,40,0
06-11-2023 17:45,28.8,42,0
06-11-2023 18:00,27.9,43,0
06-11-2023 18:15,27.1,46,0
06-11-2023 18:30,26.3,50,0
06-11-2023 18:45,26,50,0
06-11-2023 19:00,25.9,50,0
06-11-2023 19:15,25.4,51,0
06-11-2023 19:30,24.8,53,0
06-11-2023 19:45,24.3,55,0
06-11-2023 20:00,24.5,53,0
06-11-2023 20:15,24.8,51,0
06-11-2023 20:30,24.9,49,0
06-11-2023 20:45,24.9,50,0
06-11-2023 21:00,24.8,51,0
06-11-2023 21:15,24.7,52,0
06-11-2023 21:30,24.1,54,0
06-11-2023 21:45,24.2,52,0
06-11-2023 22:00,22.9,57,0
06-11-2023 22:15,22.5,60,0
06-11-2023 22:30,22.8,58,0
06-11-2023 22:45,22.8,58,0
06-11-2023 23:00,23.6,55,0
06-11-2023 23:15,22,62,0
06-11-2023 23:30,21.3,65,0
06-11-2023 23:45,21.3,66,0
07-11-2023 00:00,21.1,66,0
07-11-2023 00:15,20.8,68,0
07-11-2023 00:30,20.7,68,0
07-11-2023 00:45,20.7,68,0
07-11-2023 01:00,20.5,70,0
07-11-2023 01:15,20.1,71,0
07-11-2023 01:30,20.1,71,0
07-11-2023 01:45,20,71,0
07-11-2023 02:00,19.5,72,0
07-11-2023 02:15,19,75,0
07-11-2023 02:30,19.1,74,0
07-11-2023 02:45,18.9,76,0
07-11-2023 03:00,19.6,73,0
07-11-2023 03:15,19.6,72,0
07-11-2023 03:30,18.8,76,0
07-11-2023 03:45,18.5,79,0
07-11-2023 04:00,18.1,83,0
07-11-2023 04:15,17.9,86,0
07-11-2023 04:30,17.9,86,0
07-11-2023 04:45,17.7,87,0
07-11-2023 05:00,17.6,86,0
07-11-2023 05:15,17.7,87,0
07-11-2023 05:30,18.4,84,0
07-11-2023 05:45,18.3,82,0
07-11-2023 06:00,17.7,87,0
07-11-2023 06:15,17.8,86,0
07-11-2023 06:30,17.5,87,0
07-11-2023 06:45,17.4,87,0
07-11-2023 07:00,17.9,87,0
07-11-2023 07:15,18.5,85,0
07-11-2023 07:30,19.3,80,0
07-11-2023 07:45,20,78,0
07-11-2023 08:00,21.1,74,0
07-11-2023 08:15,22.8,70,0
07-11-2023 08:30,24.2,66,0
07-11-2023 08:45,25.4,63,0
07-11-2023 09:00,26.8,60,0
07-11-2023 09:15,27.7,60,0
07-11-2023 09:30,27.6,63,0
07-11-2023 09:45,28.3,64,0
07-11-2023 10:00,28.4,65,0
07-11-2023 10:15,28.3,65,0
07-11-2023 10:30,29,64,0
07-11-2023 10:45,28.9,63,0
07-11-2023 11:00,29.3,62,0
07-11-2023 11:15,30,59,0
07-11-2023 11:30,30.2,57,0
07-11-2023 11:45,29.9,58,0
07-11-2023 12:00,30.7,55,0
07-11-2023 12:15,31.3,54,0
07-11-2023 12:30,31.2,55,0
07-11-2023 12:45,32.1,51,0
07-11-2023 13:00,32.1,51,0
07-11-2023 13:15,32.1,49,0
07-11-2023 13:30,32.7,49,0
07-11-2023 13:45,32.8,48,0
07-11-2023 14:00,32.7,45,0
07-11-2023 14:15,32.9,46,0
07-11-2023 14:30,32.5,45,0
07-11-2023 14:45,33.4,44,0
07-11-2023 15:00,33,44,0
07-11-2023 15:15,33.1,45,0
07-11-2023 15:30,33,45,0
07-11-2023 15:45,32.3,46,0
07-11-2023 16:00,32.1,48,0
07-11-2023 16:15,32.1,47,0
07-11-2023 16:30,31.9,47,0
07-11-2023 16:45,31.6,46,0
07-11-2023 17:00,31.3,47,0
07-11-2023 17:15,31,49,0
07-11-2023 17:30,30.7,49,0
07-11-2023 17:45,30.2,51,0
07-11-2023 18:00,29.6,54,0
07-11-2023 18:15,28.5,56,0
07-11-2023 18:30,27.6,59,0
07-11-2023 18:45,27.2,61,0
07-11-2023 19:00,27,63,0
07-11-2023 19:15,26.7,64,0
07-11-2023 19:30,26.5,65,0
07-11-2023 19:45,26.2,66,0
07-11-2023 20:00,25.8,68,0
07-11-2023 20:15,25.2,70,0
07-11-2023 20:30,24.5,72,0
07-11-2023 20:45,24.3,73,0
07-11-2023 21:00,24.7,70,0
07-11-2023 21:15,24.5,72,0
07-11-2023 21:30,24.6,70,0
07-11-2023 21:45,24.5,70,0
07-11-2023 22:00,25.1,68,0
07-11-2023 22:15,24.5,69,0
07-11-2023 22:30,24,72,0
07-11-2023 22:45,24.5,70,0
07-11-2023 23:00,24.5,68,0
07-11-2023 23:15,23.7,71,0
07-11-2023 23:30,23.4,72,0
07-11-2023 23:45,23.5,72,0
08-11-2023 00:00,23.7,70,0
08-11-2023 00:15,23.5,71,0
08-11-2023 00:30,23.4,71,0
08-11-2023 00:45,23.6,71,0
08-11-2023 01:00,24.5,68,0
08-11-2023 01:15,24.6,69,0
08-11-2023 01:30,24.4,68,0
08-11-2023 01:45,24.8,66,0
08-11-2023 02:00,24.5,67,0
08-11-2023 02:15,24.1,69,0
08-11-2023 02:30,23.8,69,0
08-11-2023 02:45,23.5,70,0
08-11-2023 03:00,23.5,69,0
08-11-2023 03:15,23.1,71,0
08-11-2023 03:30,22.7,72,0
08-11-2023 03:45,22.6,72,0
08-11-2023 04:00,22.7,72,0
08-11-2023 04:15,22.5,72,0
08-11-2023 04:30,22.4,72,0
08-11-2023 04:45,22.4,73,0
08-11-2023 05:00,22.4,72,0
08-11-2023 05:15,22.5,71,0
08-11-2023 05:30,22.4,72,0
08-11-2023 05:45,22.3,73,0
08-11-2023 06:00,22.2,74,0
08-11-2023 06:15,22.3,73,0
08-11-2023 06:30,22.1,74,0
08-11-2023 06:45,21.9,75,0
08-11-2023 07:00,22.2,75,0
08-11-2023 07:15,22.8,73,0
08-11-2023 07:30,23.2,72,0
08-11-2023 07:45,23.3,72,0
08-11-2023 08:00,23.8,71,0
08-11-2023 08:15,24.2,71,0
08-11-2023 08:30,25,69,0
08-11-2023 08:45,26.2,67,0
08-11-2023 09:00,26.7,65,0
08-11-2023 09:15,26.7,66,0
08-11-2023 09:30,27.5,65,0
08-11-2023 09:45,28.2,66,0
08-11-2023 10:00,28.9,63,0
08-11-2023 10:30,29.2,62,0
08-11-2023 10:45,29.5,63,0
08-11-2023 11:00,29,64,0
08-11-2023 11:15,28.9,63,0
08-11-2023 11:30,29,63,0
08-11-2023 11:45,29.6,62,0
08-11-2023 12:00,29.1,61,0
08-11-2023 12:15,30.5,60,0
08-11-2023 12:30,30.5,60,0
08-11-2023 12:45,30.9,57,0
08-11-2023 13:00,31.3,56,0
08-11-2023 13:15,31.1,58,0
08-11-2023 13:30,31.1,57,0
08-11-2023 13:45,31.3,56,0
08-11-2023 14:00,31.8,55,0
08-11-2023 14:15,32.1,55,0
08-11-2023 14:30,32.5,52,0
08-11-2023 14:45,30.8,56,0
08-11-2023 15:00,29.7,60,0
08-11-2023 15:15,29.3,63,0
08-11-2023 15:30,28.7,66,0
08-11-2023 15:45,28.4,67,0
08-11-2023 16:00,28,67,0
08-11-2023 16:15,27.8,67,0
08-11-2023 16:30,27.6,68,0
08-11-2023 16:45,27.4,68,0
08-11-2023 17:00,27.2,69,0
08-11-2023 17:15,27,70,0
08-11-2023 17:30,26.8,70,0
08-11-2023 17:45,26.7,71,0
08-11-2023 18:00,26.5,71,0
08-11-2023 18:15,26.6,71,0
08-11-2023 18:30,25.9,74,0
08-11-2023 18:45,25.9,74,0
08-11-2023 19:00,26.1,74,0
08-11-2023 19:15,26.1,74,0
08-11-2023 19:30,26,73,0
08-11-2023 19:45,25.9,75,0
08-11-2023 20:00,25.4,76,0
08-11-2023 20:15,25.2,77,0
08-11-2023 20:30,24.9,80,0
08-11-2023 20:45,25,80,0
08-11-2023 21:00,25.1,79,0
08-11-2023 21:15,25,78,0
08-11-2023 21:30,24.3,82,0
08-11-2023 21:45,23.7,85,0
08-11-2023 22:00,23.4,87,0
08-11-2023 22:15,23,87,0
08-11-2023 22:30,22.7,88,0
08-11-2023 22:45,22.7,89,0
08-11-2023 23:00,22.7,88,0
08-11-2023 23:15,23,88,0
08-11-2023 23:30,23.2,88,0
08-11-2023 23:45,23.3,88,0
09-11-2023 00:00,22.7,88,0
09-11-2023 00:15,22.5,89,0
09-11-2023 00:30,22.2,89,0
09-11-2023 00:45,21.9,90,0
09-11-2023 01:00,21.8,90,0
09-11-2023 01:15,21.8,90,0
09-11-2023 01:30,21.9,90,0
09-11-2023 01:45,21.9,90,0
09-11-2023 02:00,22.2,90,0
09-11-2023 02:15,22.2,90,0
09-11-2023 02:30,22.2,90,0
09-11-2023 02:45,22.1,90,0
09-11-2023 03:00,22.2,90,0
09-11-2023 03:15,22.2,89,0
09-11-2023 03:30,22.1,90,0
09-11-2023 03:45,22.1,90,0
09-11-2023 04:00,22.1,90,0
09-11-2023 04:15,21.7,90,0
09-11-2023 04:30,21.3,90,0
09-11-2023 04:45,21.4,91,0
09-11-2023 05:00,21.7,91,0
09-11-2023 05:15,21.4,91,0
09-11-2023 05:30,21.3,91,0
09-11-2023 05:45,21.2,91,0
09-11-2023 06:00,21.2,91,0
09-11-2023 06:15,21.3,91,0
09-11-2023 06:30,21.4,91,0
09-11-2023 06:45,21.3,91,0
09-11-2023 07:00,21.4,91,0
09-11-2023 07:15,21.5,91,0
09-11-2023 07:30,21.9,90,0
09-11-2023 07:45,22.6,89,0
09-11-2023 08:00,22.6,89,0
09-11-2023 08:30,25,84,0
09-11-2023 08:45,26.1,78,0
09-11-2023 09:00,27.6,73,0
09-11-2023 09:15,28.1,71,0
09-11-2023 09:30,28.4,70,0
09-11-2023 09:45,28,71,0
09-11-2023 10:00,28.3,71,0
09-11-2023 10:15,28.3,69,0
09-11-2023 10:30,28.3,70,0
09-11-2023 10:45,28.5,69,0
09-11-2023 11:00,28.8,68,0
09-11-2023 11:15,29.2,68,0
09-11-2023 11:30,29.4,66,0
09-11-2023 11:45,30.5,63,0
09-11-2023 12:00,30.6,62,0
09-11-2023 12:15,30.8,60,0
09-11-2023 12:30,30.8,58,0
09-11-2023 12:45,31.1,57,0
09-11-2023 13:00,31.2,56,0
09-11-2023 13:15,32,54,0
09-11-2023 13:30,32.4,52,0
09-11-2023 13:45,32.3,54,0
09-11-2023 14:00,32.7,52,0
09-11-2023 14:15,32.5,52,0
09-11-2023 14:30,32.7,50,0
09-11-2023 14:45,32.5,50,0
09-11-2023 15:00,32.8,51,0
09-11-2023 15:15,32.4,49,0
09-11-2023 15:30,32.6,50,0
09-11-2023 15:45,31.2,57,0
09-11-2023 16:00,31.4,56,0
09-11-2023 16:15,31.9,53,0
09-11-2023 16:30,31.7,53,0
09-11-2023 16:45,30.7,55,0
09-11-2023 17:00,30.8,55,0
09-11-2023 17:15,29.9,58,0
09-11-2023 17:30,29.6,60,0
09-11-2023 17:45,29.2,62,0
09-11-2023 18:00,29,64,0
09-11-2023 18:15,28.8,64,0
09-11-2023 18:30,28.5,64,0
09-11-2023 18:45,28.2,64,0
09-11-2023 19:00,27.8,66,0
09-11-2023 19:15,27.7,66,0
09-11-2023 19:30,27.5,67,0
09-11-2023 19:45,27.5,68,0
09-11-2023 20:00,27.4,68,0
09-11-2023 20:15,27.2,69,0
09-11-2023 20:30,27.3,69,0
09-11-2023 20:45,27.7,68,0
09-11-2023 21:00,26.6,74,0
09-11-2023 21:15,26.4,74,0
09-11-2023 21:30,26.1,75,0
09-11-2023 21:45,25.6,78,0
09-11-2023 22:00,25.3,80,0
09-11-2023 22:15,25.4,80,0
09-11-2023 22:30,25.3,81,0
09-11-2023 22:45,25,82,0
09-11-2023 23:00,24.8,84,0
09-11-2023 23:15,24.8,84,0
09-11-2023 23:30,24.7,84,0
09-11-2023 23:45,24.6,85,0
10-11-2023 00:00,24.5,85,0
10-11-2023 00:15,24.2,86,0
10-11-2023 00:30,24,87,0
10-11-2023 00:45,23.7,87,0
10-11-2023 01:00,23.5,88,0
10-11-2023 01:15,23.4,88,0
10-11-2023 01:30,23.4,89,0
10-11-2023 01:45,23.4,89,0
10-11-2023 02:00,23.2,89,0
10-11-2023 02:15,23.1,89,0
10-11-2023 02:30,23,89,0
10-11-2023 02:45,22.9,89,0
10-11-2023 03:00,22.9,89,0
10-11-2023 03:15,23,89,0
10-11-2023 03:30,23,89,0
10-11-2023 03:45,23,89,0
10-11-2023 04:00,22.9,89,0
10-11-2023 04:15,22.9,89,0
10-11-2023 04:30,22.9,89,0
10-11-2023 04:45,22.9,89,0
10-11-2023 05:00,22.8,90,0
10-11-2023 05:15,23,89,0
10-11-2023 05:30,23.1,89,0
10-11-2023 05:45,23.3,89,0
10-11-2023 06:00,23.2,89,0
10-11-2023 06:15,22.8,89,0
10-11-2023 06:30,22.5,90,0
10-11-2023 06:45,22.7,90,0
10-11-2023 07:00,22.8,90,0
10-11-2023 07:30,23.4,89,0
10-11-2023 07:45,23.7,88,0
10-11-2023 08:00,24,88,0
10-11-2023 08:15,24.6,88,0
10-11-2023 08:30,25.4,85,0
10-11-2023 08:45,25.8,82,0
10-11-2023 09:00,26,80,0
10-11-2023 09:15,26.3,78,0
10-11-2023 09:30,26.9,77,0
10-11-2023 09:45,27.1,75,0
10-11-2023 10:00,27.8,72,0
10-11-2023 10:15,28.5,71,0
10-11-2023 10:30,29,67,0
10-11-2023 10:45,29.1,65,0
10-11-2023 11:00,30.1,62,0
10-11-2023 11:15,30.3,63,0
10-11-2023 11:30,31,63,0
10-11-2023 11:45,30.1,62,0
10-11-2023 12:00,30.8,61,0
10-11-2023 12:15,30.2,63,0
10-11-2023 12:30,31.5,57,0
10-11-2023 12:45,31.3,57,0
10-11-2023 13:00,31.5,56,0
10-11-2023 13:15,31.7,56,0
10-11-2023 13:30,31.5,56,0
10-11-2023 13:45,31.8,57,0
10-11-2023 14:00,32.2,55,0
10-11-2023 14:15,31.6,57,0
10-11-2023 14:30,30.8,57,0
10-11-2023 14:45,30.3,59,0
10-11-2023 15:00,30.6,58,0
10-11-2023 15:15,31.5,57,0
10-11-2023 15:30,30.2,61,0
10-11-2023 15:45,30.1,61,0
10-11-2023 16:00,30.1,61,0
10-11-2023 16:15,30,62,0
10-11-2023 16:30,29.9,62,0
10-11-2023 16:45,29.9,62,0
10-11-2023 17:00,29.9,62,0
10-11-2023 17:15,29.8,62,0
10-11-2023 17:30,27,70,0
10-11-2023 17:45,26.4,71,0
10-11-2023 18:00,23.6,87,1.5
10-11-2023 18:15,23.1,89,2.5
10-11-2023 18:30,22.2,91,12
10-11-2023 18:45,21.9,92,22
10-11-2023 19:00,21.9,92,24.5
10-11-2023 19:15,21.8,92,26.5
10-11-2023 19:30,22.1,92,27
10-11-2023 19:45,22.1,93,28.5
10-11-2023 20:00,22.1,93,30.5
10-11-2023 20:15,22.1,93,31
10-11-2023 20:30,22.1,93,32
10-11-2023 20:45,22.1,93,32
10-11-2023 21:00,22.2,93,32.5
10-11-2023 21:15,22.1,93,33
10-11-2023 21:30,21.8,93,33
10-11-2023 21:45,21.8,93,33
10-11-2023 22:00,21.8,93,33
10-11-2023 22:15,21.7,93,33
10-11-2023 22:30,21.8,93,33
10-11-2023 22:45,22,93,33
10-11-2023 23:00,22.1,93,33
10-11-2023 23:15,22,93,33
10-11-2023 23:30,22,93,33
10-11-2023 23:45,22.1,93,33
11-11-2023 00:00,22.1,93,33
11-11-2023 00:15,22,93,33
11-11-2023 00:30,21.9,93,33
11-11-2023 00:45,21.8,93,33
11-11-2023 01:00,21.7,93,33
11-11-2023 01:15,21.7,93,33
11-11-2023 01:30,21.7,93,33
11-11-2023 01:45,21.6,93,33
11-11-2023 02:00,21.6,93,33
11-11-2023 02:15,21.6,93,33
11-11-2023 02:30,21.5,93,33
11-11-2023 02:45,21.4,93,33
11-11-2023 03:00,21.3,93,33
11-11-2023 03:15,21.2,93,33
11-11-2023 03:30,21.2,93,33
11-11-2023 03:45,21.3,93,33
11-11-2023 04:15,21.2,93,33
11-11-2023 04:30,21.1,93,33
11-11-2023 04:45,21.1,93,33
11-11-2023 05:00,21,93,33
11-11-2023 05:15,21,93,33
11-11-2023 05:30,20.8,93,33
11-11-2023 05:45,20.7,93,33
11-11-2023 06:00,20.6,93,33
11-11-2023 06:15,20.4,93,33
11-11-2023 06:30,20.5,93,33
11-11-2023 06:45,20.6,93,33
11-11-2023 07:00,20.7,93,33
11-11-2023 07:15,20.9,93,33
11-11-2023 07:30,21.2,93,33
11-11-2023 07:45,21.8,92,33
11-11-2023 08:00,22.4,92,33
11-11-2023 08:15,23.2,90,33
11-11-2023 08:30,24,88,33
11-11-2023 08:45,24.3,88,0
11-11-2023 09:00,25.5,86,0
11-11-2023 09:15,27,79,0
11-11-2023 09:30,27.5,73,0
11-11-2023 09:45,28.1,72,0
11-11-2023 10:00,29.3,67,0
11-11-2023 10:15,29.2,55,0
11-11-2023 10:30,29.3,55,0
11-11-2023 10:45,29.5,53,0
11-11-2023 11:00,29.4,54,0
11-11-2023 11:15,29.5,53,0
11-11-2023 11:30,30.1,52,0
11-11-2023 11:45,30.6,53,0
11-11-2023 12:00,30.7,50,0
11-11-2023 12:15,30.6,51,0
11-11-2023 12:30,30.7,52,0
11-11-2023 12:45,31,53,0
11-11-2023 13:00,31.3,49,0
11-11-2023 13:30,31.5,48,0
11-11-2023 13:45,32.1,45,0
11-11-2023 14:00,32.7,47,0
11-11-2023 14:15,32.8,46,0
11-11-2023 14:30,32.9,43,0
11-11-2023 14:45,33.1,43,0
11-11-2023 15:00,32.5,44,0
11-11-2023 15:15,33.6,43,0
11-11-2023 15:30,33.3,42,0
11-11-2023 15:45,33.2,41,0
11-11-2023 16:00,33.7,39,0
11-11-2023 16:15,33.4,39,0
11-11-2023 16:30,32.3,44,0
11-11-2023 16:45,32,43,0
11-11-2023 17:00,31.9,46,0
11-11-2023 17:15,31.7,47,0
11-11-2023 17:30,30.7,47,0
11-11-2023 17:45,29.9,48,0
11-11-2023 18:00,29.3,49,0
11-11-2023 18:15,28.8,51,0
11-11-2023 18:30,27.9,56,0
11-11-2023 18:45,27,67,0
11-11-2023 19:00,26.7,63,0
11-11-2023 19:15,26.5,61,0
11-11-2023 19:30,25.8,64,0
11-11-2023 19:45,25.2,65,0
11-11-2023 20:00,24.7,70,0
11-11-2023 20:30,24.1,71,0
11-11-2023 20:45,24.8,64,0
11-11-2023 21:00,25,64,0
11-11-2023 21:15,25.3,62,0
11-11-2023 21:30,25.4,61,0
11-11-2023 21:45,25.2,62,0
11-11-2023 22:00,24.7,64,0
11-11-2023 22:15,25,61,0
11-11-2023 22:30,24.6,65,0
11-11-2023 22:45,23.3,72,0
11-11-2023 23:00,22.2,79,0
11-11-2023 23:15,21.7,82,0
11-11-2023 23:30,21.4,83,0
12-11-2023 00:15,21.4,86,0
12-11-2023 00:30,21.2,86,0
12-11-2023 00:45,21.2,87,0
12-11-2023 01:00,22.2,77,0
12-11-2023 01:15,22.4,75,0
12-11-2023 01:30,21.9,79,0
12-11-2023 01:45,21.8,80,0
12-11-2023 02:00,22,78,0
12-11-2023 02:15,21.6,81,0
12-11-2023 02:30,21.4,81,0
12-11-2023 02:45,21.1,81,0
12-11-2023 03:00,21.2,80,0
12-11-2023 03:15,20.6,84,0
12-11-2023 03:30,20.8,84,0
12-11-2023 03:45,20.7,84,0
12-11-2023 04:00,20.4,86,0
12-11-2023 04:15,19.9,88,0
12-11-2023 04:30,19.4,89,0
12-11-2023 04:45,19.9,88,0
12-11-2023 05:00,20.2,87,0
12-11-2023 05:15,19.9,87,0
12-11-2023 05:30,19.9,87,0
12-11-2023 05:45,19.8,87,0
12-11-2023 06:00,19.9,86,0
12-11-2023 06:15,19.9,86,0
12-11-2023 06:30,19.8,87,0
12-11-2023 06:45,19.8,87,0
12-11-2023 07:00,20,87,0
12-11-2023 07:15,20.2,87,0
12-11-2023 07:30,20.5,87,0
12-11-2023 07:45,21.7,83,0
12-11-2023 08:00,22.3,77,0
12-11-2023 08:15,23.4,72,0
12-11-2023 08:30,24.2,69,0
12-11-2023 08:45,25.1,70,0
12-11-2023 09:00,25.9,68,0
12-11-2023 09:15,27.4,63,0
12-11-2023 09:30,28.8,56,0
12-11-2023 09:45,28.9,56,0
12-11-2023 10:00,28.9,55,0
12-11-2023 10:15,29.1,53,0
12-11-2023 10:30,30.2,50,0
12-11-2023 10:45,29.7,49,0
12-11-2023 11:00,29.8,49,0
12-11-2023 11:15,30.2,49,0
12-11-2023 11:30,30.6,50,0
12-11-2023 11:45,30.8,46,0
12-11-2023 12:00,31.3,46,0
12-11-2023 12:15,31,44,0
12-11-2023 12:30,31.5,43,0
12-11-2023 12:45,31.3,42,0
12-11-2023 13:00,31.8,44,0
12-11-2023 13:15,32.3,42,0
12-11-2023 13:30,32.1,41,0
12-11-2023 13:45,32.6,42,0
12-11-2023 14:00,33,41,0
12-11-2023 14:15,33.2,40,0
12-11-2023 14:30,32.7,40,0
12-11-2023 14:45,32.6,40,0
12-11-2023 15:00,32.9,41,0
12-11-2023 15:15,33.4,41,0
12-11-2023 15:30,33.5,41,0
12-11-2023 15:45,33.1,41,0
12-11-2023 16:00,32.7,41,0
12-11-2023 16:15,32.8,42,0
12-11-2023 16:30,32.5,41,0
12-11-2023 16:45,32.1,43,0
12-11-2023 17:00,31.5,46,0
12-11-2023 17:15,31.1,47,0
12-11-2023 17:30,30.5,49,0
12-11-2023 17:45,29.2,58,0
12-11-2023 18:00,27.9,57,0
12-11-2023 18:15,26.7,64,0
12-11-2023 18:30,26,70,0
12-11-2023 18:45,25.4,74,0
12-11-2023 19:00,25,74,0
12-11-2023 19:15,24.6,73,0
12-11-2023 19:30,24,73,0
12-11-2023 19:45,23.5,78,0
12-11-2023 20:00,23.2,80,0
12-11-2023 20:15,23.1,82,0
12-11-2023 20:30,23.5,76,0
12-11-2023 20:45,23.6,75,0
12-11-2023 21:00,22.8,80,0
12-11-2023 21:15,22.9,81,0
12-11-2023 21:30,22.5,81,0
12-11-2023 21:45,22.4,82,0
12-11-2023 22:00,22.5,80,0
12-11-2023 22:15,22.7,76,0
12-11-2023 22:30,22.4,78,0
12-11-2023 22:45,22.3,77,0
12-11-2023 23:00,22,79,0
12-11-2023 23:15,21.6,81,0
12-11-2023 23:30,21.4,82,0
12-11-2023 23:45,21.7,79,0
13-11-2023 00:00,21.4,82,0
13-11-2023 00:15,21.4,82,0
13-11-2023 00:30,21.6,78,0
13-11-2023 00:45,22.2,74,0
13-11-2023 01:00,22.7,71,0
13-11-2023 01:15,23.3,66,0
13-11-2023 01:30,23.2,66,0
13-11-2023 01:45,22.4,70,0
13-11-2023 02:00,20.9,79,0
13-11-2023 02:15,20.6,79,0
13-11-2023 02:30,20.4,80,0
13-11-2023 02:45,20.6,79,0
13-11-2023 03:00,21.6,71,0
13-11-2023 03:15,21.6,71,0
13-11-2023 03:30,21.4,73,0
13-11-2023 03:45,21.1,73,0
13-11-2023 04:00,21.2,74,0
13-11-2023 04:15,20.6,77,0
13-11-2023 04:30,20.6,78,0
13-11-2023 04:45,20.3,80,0
13-11-2023 05:00,20.3,78,0
13-11-2023 05:15,20.5,74,0
13-11-2023 05:30,20.6,73,0
13-11-2023 05:45,20.3,74,0
13-11-2023 06:00,20.2,76,0
13-11-2023 06:15,19.7,79,0
13-11-2023 06:30,18.7,87,0
13-11-2023 06:45,18.2,88,0
13-11-2023 07:00,18.1,89,0
13-11-2023 07:15,18.4,89,0
13-11-2023 07:30,18.8,88,0
13-11-2023 07:45,19.8,87,0
13-11-2023 08:00,21.8,82,0
13-11-2023 08:15,23.2,72,0
13-11-2023 08:30,25.2,65,0
13-11-2023 08:45,26.3,59,0
13-11-2023 09:00,26.3,58,0
13-11-2023 09:15,27.7,54,0
13-11-2023 09:30,28.9,52,0
13-11-2023 09:45,28.5,51,0
13-11-2023 10:00,28.6,51,0
13-11-2023 10:15,28.6,51,0
13-11-2023 10:30,29,49,0
13-11-2023 10:45,29.6,51,0
13-11-2023 11:00,29.4,49,0
13-11-2023 11:15,30,50,0
13-11-2023 11:30,30.2,47,0
13-11-2023 11:45,31,48,0
13-11-2023 12:00,30.4,48,0
13-11-2023 12:15,30.4,47,0
13-11-2023 12:30,30.9,46,0
13-11-2023 12:45,30.9,45,0
13-11-2023 13:00,31.2,45,0
13-11-2023 13:15,30.9,45,0
13-11-2023 13:30,31.7,43,0
13-11-2023 13:45,31.9,44,0
13-11-2023 14:00,32.1,42,0
13-11-2023 14:15,32.1,42,0
13-11-2023 14:30,31.7,43,0
13-11-2023 14:45,32,42,0
13-11-2023 15:00,31.9,44,0
13-11-2023 15:15,32.2,40,0
13-11-2023 15:30,32.4,41,0
13-11-2023 15:45,32,40,0
13-11-2023 16:00,31.8,42,0
13-11-2023 16:15,31.6,42,0
13-11-2023 16:30,31.1,44,0
13-11-2023 16:45,30.8,45,0
13-11-2023 17:00,30.3,47,0
13-11-2023 17:15,29.5,51,0
13-11-2023 17:30,28.9,52,0
13-11-2023 17:45,28,56,0
13-11-2023 18:00,26.8,62,0
13-11-2023 18:15,26.1,63,0
13-11-2023 18:30,25.8,67,0
13-11-2023 18:45,25.6,67,0
13-11-2023 19:00,25.4,68,0
13-11-2023 19:15,24.7,70,0
13-11-2023 19:30,24.2,73,0
13-11-2023 19:45,23.8,76,0
13-11-2023 20:00,23.8,76,0
13-11-2023 20:15,24,74,0
13-11-2023 20:30,23.8,75,0
13-11-2023 20:45,23.9,75,0
13-11-2023 21:00,23.5,77,0
13-11-2023 21:15,23.3,75,0
13-11-2023 21:30,23.2,77,0
13-11-2023 21:45,22.7,80,0
13-11-2023 22:00,22.4,84,0
13-11-2023 22:15,22.4,84,0
13-11-2023 22:30,22.5,84,0
13-11-2023 22:45,22.5,84,0
13-11-2023 23:00,22.4,85,0
13-11-2023 23:15,21.9,86,0
13-11-2023 23:30,21.1,88,0
13-11-2023 23:45,20.8,89,0
14-11-2023 00:00,21.4,88,0
14-11-2023 00:15,21.5,88,0
14-11-2023 00:30,21.3,88,0
14-11-2023 00:45,21.2,88,0
14-11-2023 01:00,20.9,89,0
14-11-2023 01:15,20.5,89,0
14-11-2023 01:30,20.7,89,0
14-11-2023 01:45,20.5,89,0
14-11-2023 02:00,20.4,89,0
14-11-2023 02:15,20.3,89,0
14-11-2023 02:30,20.2,90,0
14-11-2023 02:45,20.2,90,0
14-11-2023 03:00,20,90,0
14-11-2023 03:15,19.7,90,0
14-11-2023 03:30,19.8,91,0
14-11-2023 03:45,19.5,90,0
14-11-2023 04:00,19.4,90,0
14-11-2023 04:15,19.4,90,0
14-11-2023 04:30,19.4,91,0
14-11-2023 04:45,19.4,91,0
14-11-2023 05:00,19.1,91,0
14-11-2023 05:15,18.9,91,0
14-11-2023 05:30,18.7,91,0
14-11-2023 05:45,18.6,91,0
14-11-2023 06:00,18.5,91,0
14-11-2023 06:15,18.3,91,0
14-11-2023 06:30,18.3,91,0
14-11-2023 06:45,18.5,91,0
14-11-2023 07:00,18.3,91,0
14-11-2023 07:15,18.5,91,0
14-11-2023 07:30,18.6,90,0
14-11-2023 07:45,19.1,89,0
14-11-2023 08:00,20.5,88,0
14-11-2023 08:15,21.8,81,0
14-11-2023 08:30,22.6,74,0
14-11-2023 08:45,24.4,70,0
14-11-2023 09:00,24.9,65,0
14-11-2023 09:15,25.3,61,0
14-11-2023 09:30,26,58,0
14-11-2023 09:45,26.9,56,0
14-11-2023 10:00,27.1,54,0
14-11-2023 10:15,27.2,56,0
14-11-2023 10:30,27.4,55,0
14-11-2023 10:45,27.6,56,0
14-11-2023 11:00,28,54,0
14-11-2023 11:15,28.6,53,0
14-11-2023 11:30,29.2,51,0
14-11-2023 11:45,29.9,51,0
14-11-2023 12:00,29.7,48,0
14-11-2023 12:15,30,47,0
14-11-2023 12:30,29.9,48,0
14-11-2023 12:45,30.8,45,0
14-11-2023 13:00,31.4,43,0
14-11-2023 13:15,31.3,42,0
14-11-2023 13:30,32,41,0
14-11-2023 13:45,32.3,39,0
14-11-2023 14:00,31.7,41,0
14-11-2023 14:15,32.3,40,0
14-11-2023 14:30,32.2,39,0
14-11-2023 14:45,32.7,38,0
14-11-2023 15:00,32.5,38,0
14-11-2023 15:15,33.1,37,0
14-11-2023 15:30,32.7,38,0
14-11-2023 15:45,32.2,39,0
14-11-2023 16:00,31.9,39,0
14-11-2023 16:15,32.4,38,0
14-11-2023 16:30,31.7,39,0
14-11-2023 16:45,32,37,0
14-11-2023 17:00,30.9,41,0
14-11-2023 17:15,29.8,44,0
14-11-2023 17:30,28.7,45,0
14-11-2023 17:45,27.6,52,0
14-11-2023 18:00,26.6,60,0
14-11-2023 18:15,25.8,64,0
14-11-2023 18:30,25.4,67,0
14-11-2023 18:45,25.8,64,0
14-11-2023 19:00,25.9,63,0
14-11-2023 19:15,25.2,67,0
14-11-2023 19:30,25.8,63,0
14-11-2023 19:45,25.2,69,0
14-11-2023 20:00,24.1,72,0
14-11-2023 20:15,24.5,71,0
14-11-2023 20:30,24.9,68,0
14-11-2023 20:45,25.4,63,0
14-11-2023 21:00,25.2,64,0
14-11-2023 21:15,25.8,54,0
14-11-2023 21:30,26.5,45,0
14-11-2023 21:45,26.5,46,0
14-11-2023 22:00,26.1,46,0
14-11-2023 22:15,25.1,59,0
14-11-2023 22:30,24.3,63,0
14-11-2023 22:45,23.9,66,0
14-11-2023 23:00,23.3,69,0
14-11-2023 23:15,23.2,71,0
14-11-2023 23:30,22.7,74,0
14-11-2023 23:45,22.3,76,0
15-11-2023 00:00,21.7,78,0
15-11-2023 00:15,21.4,82,0
15-11-2023 00:30,21.2,83,0
15-11-2023 00:45,20.9,84,0
15-11-2023 01:00,20.8,85,0
15-11-2023 01:15,20.4,86,0
15-11-2023 01:30,20.1,87,0
15-11-2023 01:45,19.8,87,0
15-11-2023 02:00,19.6,88,0
15-11-2023 02:15,19.6,87,0
15-11-2023 02:30,19.4,86,0
15-11-2023 02:45,19.1,87,0
15-11-2023 03:00,19,87,0
15-11-2023 03:15,18.9,88,0
15-11-2023 03:30,18.6,88,0
15-11-2023 03:45,18.6,88,0
15-11-2023 04:00,18.4,89,0
15-11-2023 04:15,18.3,89,0
15-11-2023 04:30,18.2,89,0
15-11-2023 04:45,18.3,89,0
15-11-2023 05:00,18,89,0
15-11-2023 05:15,17.9,90,0
15-11-2023 05:30,17.7,90,0
15-11-2023 05:45,17.6,90,0
15-11-2023 06:15,17.3,90,0
15-11-2023 06:30,17.2,90,0
15-11-2023 06:45,17.3,90,0
15-11-2023 07:00,17.4,90,0
15-11-2023 07:15,17.7,89,0
15-11-2023 07:30,18,89,0
15-11-2023 07:45,18.5,88,0
15-11-2023 08:00,19.1,87,0
15-11-2023 08:15,19.8,86,0
15-11-2023 08:30,21.1,81,0
15-11-2023 08:45,22.9,75,0
15-11-2023 09:00,24.5,68,0
15-11-2023 09:15,25.9,59,0
15-11-2023 09:30,26.7,53,0
15-11-2023 09:45,26.8,55,0
15-11-2023 10:00,26.4,54,0
15-11-2023 10:15,27.6,55,0
15-11-2023 10:30,27.5,55,0
15-11-2023 10:45,27.7,56,0
15-11-2023 11:00,28,55,0
15-11-2023 11:15,27.9,54,0
15-11-2023 11:30,28.2,51,0
15-11-2023 11:45,28.6,51,0
15-11-2023 12:00,28.9,47,0
15-11-2023 12:15,29.6,47,0
15-11-2023 12:30,29.6,46,0
15-11-2023 12:45,30.2,42,0
15-11-2023 13:00,30.3,40,0
15-11-2023 13:15,30.7,39,0
15-11-2023 13:30,30.9,40,0
15-11-2023 13:45,31.1,37,0
15-11-2023 14:00,31.3,37,0
15-11-2023 14:15,31.6,37,0
15-11-2023 14:30,31.8,34,0
15-11-2023 14:45,32.4,34,0
15-11-2023 15:00,31.1,35,0
15-11-2023 15:15,32.7,30,0
15-11-2023 15:30,32.1,32,0
15-11-2023 15:45,31.7,33,0
15-11-2023 16:00,31.9,33,0
15-11-2023 16:15,31.8,33,0
15-11-2023 16:30,31.5,31,0
15-11-2023 16:45,31.2,32,0
15-11-2023 17:00,30.6,34,0
15-11-2023 17:15,29.9,39,0
15-11-2023 17:30,29,40,0
15-11-2023 17:45,27.2,46,0
15-11-2023 18:00,25.7,46,0
15-11-2023 18:15,24.9,56,0
15-11-2023 18:30,24.3,60,0
15-11-2023 18:45,23.8,69,0
15-11-2023 19:00,23.2,67,0
15-11-2023 19:15,22.8,69,0
15-11-2023 19:30,22,70,0
15-11-2023 19:45,21.9,73,0
15-11-2023 20:00,22.5,68,0
15-11-2023 20:15,22.4,67,0
15-11-2023 20:30,22.1,68,0
15-11-2023 20:45,22.2,67,0
15-11-2023 21:00,22.2,64,0
15-11-2023 21:15,21.9,67,0
15-11-2023 21:30,21.5,68,0
15-11-2023 21:45,21.2,70,0
15-11-2023 22:00,20.7,73,0
15-11-2023 22:15,20.8,73,0
15-11-2023 22:30,20.7,74,0
15-11-2023 22:45,20.5,76,0
15-11-2023 23:00,20.1,79,0
15-11-2023 23:15,20,80,0
15-11-2023 23:30,19.9,82,0
15-11-2023 23:45,19.7,83,0
16-11-2023 00:00,19.4,84,0
16-11-2023 00:15,19.2,86,0
16-11-2023 00:30,19,86,0
16-11-2023 00:45,18.8,87,0
16-11-2023 01:00,18.5,87,0
16-11-2023 01:15,18.3,88,0
16-11-2023 01:30,18.1,88,0
16-11-2023 01:45,18,88,0
16-11-2023 02:00,17.9,88,0
16-11-2023 02:15,17.8,89,0
16-11-2023 02:30,18,88,0
16-11-2023 02:45,17.9,88,0
16-11-2023 03:00,17.5,88,0
16-11-2023 03:15,17.8,88,0
16-11-2023 03:30,17.6,88,0
16-11-2023 03:45,17.4,89,0
16-11-2023 04:00,17.3,89,0
16-11-2023 04:15,16.9,89,0
16-11-2023 04:30,16.7,89,0
16-11-2023 05:15,16.7,90,0
16-11-2023 05:30,16.1,90,0
16-11-2023 05:45,16,90,0
16-11-2023 06:00,16.1,90,0
16-11-2023 06:15,16.4,90,0
16-11-2023 06:30,16.2,90,0
16-11-2023 06:45,16.1,90,0
16-11-2023 07:00,16.1,90,0
16-11-2023 07:15,16.3,90,0
16-11-2023 07:30,16.8,89,0
16-11-2023 07:45,17.4,88,0
16-11-2023 08:00,17.6,87,0
16-11-2023 08:15,18.8,85,0
16-11-2023 08:30,20,76,0
16-11-2023 08:45,21.2,73,0
16-11-2023 09:00,22.4,69,0
16-11-2023 09:15,23.2,64,0
16-11-2023 09:30,24.5,60,0
16-11-2023 09:45,26.5,54,0
16-11-2023 10:00,26.6,48,0
16-11-2023 10:15,26.6,48,0
16-11-2023 10:30,27.3,51,0
16-11-2023 10:45,27.6,48,0
16-11-2023 11:00,28.6,46,0
16-11-2023 11:15,28.6,46,0
16-11-2023 11:30,28.6,42,0
16-11-2023 11:45,29.4,45,0
16-11-2023 12:00,29.9,40,0
16-11-2023 12:15,29.8,40,0
16-11-2023 12:30,29.8,40,0
16-11-2023 12:45,30.5,37,0
16-11-2023 13:00,30.5,37,0
16-11-2023 13:15,31.4,35,0
16-11-2023 13:30,30.9,37,0
16-11-2023 13:45,31.8,35,0
16-11-2023 14:00,31.9,33,0
16-11-2023 14:15,31.4,32,0
16-11-2023 14:45,32.6,31,0
16-11-2023 15:00,32.4,32,0
16-11-2023 15:15,32,30,0
16-11-2023 15:30,31.9,30,0
16-11-2023 15:45,31.6,31,0
16-11-2023 16:00,31.6,30,0
16-11-2023 16:15,31.2,30,0
16-11-2023 16:30,31,33,0
16-11-2023 16:45,30.8,34,0
16-11-2023 17:00,30.9,36,0
16-11-2023 17:15,29.3,39,0
16-11-2023 17:30,28.8,40,0
16-11-2023 17:45,27.1,43,0
16-11-2023 18:00,25.8,49,0
16-11-2023 18:15,24.9,55,0
16-11-2023 18:30,24.2,61,0
16-11-2023 18:45,23.6,65,0
16-11-2023 19:00,23.1,70,0
16-11-2023 19:15,22.9,65,0
16-11-2023 19:30,23.1,64,0
16-11-2023 19:45,22.4,68,0
16-11-2023 20:00,22.3,67,0
16-11-2023 20:15,22.4,66,0
16-11-2023 20:30,22.1,68,0
16-11-2023 20:45,21,74,0
16-11-2023 21:00,21.3,71,0
16-11-2023 21:15,21.7,69,0
16-11-2023 21:30,21.5,69,0
16-11-2023 21:45,21,71,0
16-11-2023 22:00,20.5,74,0
16-11-2023 22:15,20.3,75,0
16-11-2023 22:30,20.5,74,0
16-11-2023 22:45,20.2,74,0
16-11-2023 23:00,19.9,76,0
16-11-2023 23:15,19.6,78,0
16-11-2023 23:30,19.3,80,0
16-11-2023 23:45,19.2,82,0
17-11-2023 00:00,19,86,0
17-11-2023 00:15,18.9,86,0
17-11-2023 00:30,19,87,0
17-11-2023 00:45,18.9,87,0
17-11-2023 01:00,18.9,87,0
17-11-2023 01:15,18.9,87,0
17-11-2023 01:30,18.6,87,0
17-11-2023 01:45,18.1,88,0
17-11-2023 02:00,18,87,0
17-11-2023 02:15,17.6,88,0
17-11-2023 02:30,17.1,89,0
17-11-2023 02:45,16.7,90,0
17-11-2023 03:00,16.7,90,0
17-11-2023 03:15,16.4,91,0
17-11-2023 03:30,16.4,91,0
17-11-2023 03:45,16.3,91,0
17-11-2023 04:00,16.1,92,0
17-11-2023 04:15,16.1,91,0
17-11-2023 04:30,16,91,0
17-11-2023 04:45,16,91,0
17-11-2023 05:15,16.4,90,0
17-11-2023 05:30,16.3,90,0
17-11-2023 05:45,16.3,90,0
17-11-2023 06:00,16.4,89,0
17-11-2023 06:15,15.8,90,0
17-11-2023 06:30,15.5,90,0
17-11-2023 06:45,15.4,91,0
17-11-2023 07:00,15.2,91,0
17-11-2023 07:15,15.5,91,0
17-11-2023 07:30,16.1,91,0
17-11-2023 07:45,17.2,89,0
17-11-2023 08:00,17.8,88,0
17-11-2023 08:15,18.7,86,0
17-11-2023 08:30,19.4,81,0
17-11-2023 08:45,20.6,77,0
17-11-2023 09:00,21.1,73,0
17-11-2023 09:15,22.6,69,0
17-11-2023 09:30,24,61,0
17-11-2023 09:45,25.1,55,0
17-11-2023 10:00,25.3,55,0
17-11-2023 10:15,26.6,54,0
17-11-2023 10:30,26.5,53,0
17-11-2023 10:45,27.7,50,0
17-11-2023 11:00,28,52,0
17-11-2023 11:15,28.1,50,0
17-11-2023 11:30,29.2,45,0
17-11-2023 11:45,29,44,0
17-11-2023 12:00,29.7,44,0
17-11-2023 12:15,29.3,41,0
17-11-2023 12:30,29.4,41,0
17-11-2023 12:45,29.5,41,0
17-11-2023 13:00,30.6,37,0
17-11-2023 13:15,30.1,38,0
17-11-2023 13:30,31.3,37,0
17-11-2023 13:45,31.2,36,0
17-11-2023 14:00,31.4,36,0
17-11-2023 14:15,31.4,35,0
17-11-2023 14:30,30.7,36,0
17-11-2023 14:45,31.6,35,0
17-11-2023 15:00,31.9,35,0
17-11-2023 15:15,32.5,32,0
17-11-2023 15:30,31.6,33,0
17-11-2023 15:45,33.4,30,0
17-11-2023 16:00,32.1,31,0
17-11-2023 16:15,31.5,32,0
17-11-2023 16:30,31.7,33,0
17-11-2023 16:45,30.6,35,0
17-11-2023 17:00,30,39,0
17-11-2023 17:15,29.5,40,0
17-11-2023 17:30,28.5,44,0
17-11-2023 17:45,27.4,46,0
17-11-2023 18:00,26.1,53,0
17-11-2023 18:15,24.9,58,0
17-11-2023 18:30,24.2,60,0
17-11-2023 19:15,23.6,64,0
17-11-2023 19:30,23.6,63,0
17-11-2023 19:45,23.4,62,0
17-11-2023 20:00,23.6,61,0
17-11-2023 20:15,23.5,61,0
17-11-2023 20:30,23.6,60,0
17-11-2023 20:45,23.6,58,0
17-11-2023 21:00,22.8,62,0
17-11-2023 21:15,21.7,66,0
17-11-2023 21:30,21.8,65,0
17-11-2023 21:45,21.4,67,0
17-11-2023 22:00,21.3,67,0
17-11-2023 22:15,21.5,66,0
17-11-2023 22:30,21.4,67,0
17-11-2023 22:45,20.9,68,0
17-11-2023 23:00,20.7,70,0
17-11-2023 23:15,20.5,72,0
17-11-2023 23:30,20,73,0
17-11-2023 23:45,19.4,75,0
18-11-2023 00:00,19.2,76,0
18-11-2023 00:15,18.4,80,0
18-11-2023 00:30,18.4,82,0
18-11-2023 00:45,18.4,84,0
18-11-2023 01:00,18,87,0
18-11-2023 01:15,17.6,88,0
18-11-2023 01:30,17.2,89,0
18-11-2023 01:45,17,89,0
18-11-2023 02:00,17.7,88,0
18-11-2023 02:15,17.8,87,0
18-11-2023 02:30,17.9,87,0
18-11-2023 02:45,17.6,87,0
18-11-2023 03:00,17.6,88,0
18-11-2023 03:15,17.7,88,0
18-11-2023 03:30,17.7,88,0
18-11-2023 03:45,17.7,88,0
18-11-2023 04:00,17.4,88,0
18-11-2023 04:15,17,89,0
18-11-2023 04:30,16.8,89,0
18-11-2023 04:45,16.5,89,0
18-11-2023 05:00,16.4,90,0
18-11-2023 05:15,16.6,90,0
18-11-2023 05:30,16.6,89,0
18-11-2023 05:45,16.5,89,0
18-11-2023 06:00,16.4,90,0
18-11-2023 06:15,16.4,90,0
18-11-2023 06:30,16.3,90,0
18-11-2023 06:45,16.3,90,0
18-11-2023 07:00,16.3,90,0
18-11-2023 07:30,17,89,0
18-11-2023 07:45,17.5,88,0
18-11-2023 08:00,17.8,88,0
18-11-2023 08:15,18.7,86,0
18-11-2023 08:30,19.7,82,0
18-11-2023 08:45,20.9,75,0
18-11-2023 09:00,22.3,71,0
18-11-2023 09:15,23.4,65,0
18-11-2023 09:30,25.3,62,0
18-11-2023 09:45,27.1,56,0
18-11-2023 10:00,27,54,0
18-11-2023 10:15,27.3,54,0
18-11-2023 10:30,28.3,54,0
18-11-2023 10:45,28.2,54,0
18-11-2023 11:00,28.3,54,0
18-11-2023 11:15,28.9,54,0
18-11-2023 11:30,29.4,53,0
18-11-2023 11:45,29.4,50,0
18-11-2023 12:00,30,49,0
18-11-2023 12:15,29.8,48,0
18-11-2023 12:30,30.2,47,0
18-11-2023 12:45,31.6,45,0
18-11-2023 13:00,31.8,44,0
18-11-2023 13:15,31.5,43,0
18-11-2023 13:45,32.1,42,0
18-11-2023 14:00,32.3,40,0
18-11-2023 14:15,31.9,42,0
18-11-2023 14:30,31.8,41,0
18-11-2023 14:45,32.7,41,0
18-11-2023 15:00,31.6,42,0
18-11-2023 15:15,32.5,41,0
18-11-2023 15:30,32.3,42,0
18-11-2023 15:45,32.6,40,0
18-11-2023 16:00,31.9,40,0
18-11-2023 16:15,31.6,43,0
18-11-2023 16:30,31.2,42,0
18-11-2023 16:45,30.9,43,0
18-11-2023 17:00,30.5,44,0
18-11-2023 17:15,30,46,0
18-11-2023 17:30,29.3,47,0
18-11-2023 17:45,28.7,49,0
18-11-2023 18:00,27.9,51,0
18-11-2023 18:15,27.5,53,0
18-11-2023 18:30,26.8,56,0
18-11-2023 18:45,26.2,59,0
18-11-2023 19:00,25.7,60,0
18-11-2023 19:15,25.4,61,0
18-11-2023 19:30,25,63,0
18-11-2023 20:15,23.1,70,0
18-11-2023 20:30,22.3,72,0
18-11-2023 20:45,22.1,74,0
18-11-2023 21:00,21.8,77,0
18-11-2023 21:15,21.5,81,0
18-11-2023 21:30,21.2,81,0
18-11-2023 21:45,21.4,80,0
18-11-2023 22:00,22.1,78,0
18-11-2023 22:15,21.7,78,0
18-11-2023 22:30,21,82,0
18-11-2023 22:45,20.7,85,0
18-11-2023 23:00,20.4,87,0
18-11-2023 23:15,20.2,87,0
18-11-2023 23:30,20.4,87,0
18-11-2023 23:45,21,85,0
19-11-2023 00:00,20.8,85,0
19-11-2023 00:15,20.9,86,0
19-11-2023 00:30,20.9,86,0
19-11-2023 00:45,20.8,86,0
19-11-2023 01:00,20.4,86,0
19-11-2023 01:15,20.2,87,0
19-11-2023 01:30,20,87,0
19-11-2023 01:45,20,88,0
19-11-2023 02:00,19.9,88,0
19-11-2023 02:15,19.6,88,0
19-11-2023 02:30,19.5,88,0
19-11-2023 02:45,19.4,89,0
19-11-2023 03:00,19.5,89,0
19-11-2023 03:15,19.4,89,0
19-11-2023 03:30,19.1,89,0
19-11-2023 03:45,19.1,90,0
19-11-2023 04:00,19,90,0
19-11-2023 04:15,19,90,0
19-11-2023 04:30,19,90,0
19-11-2023 05:15,19,90,0
19-11-2023 05:30,19.1,90,0
19-11-2023 05:45,19.1,89,0
19-11-2023 06:00,19.1,89,0
19-11-2023 06:15,18.8,89,0
19-11-2023 06:30,18.8,90,0
19-11-2023 06:45,18.6,90,0
19-11-2023 07:00,18.8,90,0
19-11-2023 07:15,19.2,90,0
19-11-2023 07:30,19.6,89,0
19-11-2023 07:45,20.3,88,0
19-11-2023 08:00,20.6,86,0
19-11-2023 08:15,21.3,83,0
19-11-2023 08:30,22.3,77,0
19-11-2023 08:45,23.8,72,0
19-11-2023 09:00,25.2,69,0
19-11-2023 09:15,26.5,65,0
19-11-2023 09:30,26.7,66,0
19-11-2023 09:45,27.1,62,0
19-11-2023 10:00,27.6,63,0
19-11-2023 10:15,27.8,60,0
19-11-2023 10:30,28.2,59,0
19-11-2023 10:45,28.6,59,0
19-11-2023 11:00,29.2,57,0
19-11-2023 11:15,29.2,58,0
19-11-2023 11:30,29.4,55,0
19-11-2023 11:45,29.5,55,0
19-11-2023 12:00,30,55,0
19-11-2023 12:15,29.9,54,0
19-11-2023 12:30,30.2,53,0
19-11-2023 12:45,30.9,52,0
19-11-2023 13:00,31.3,52,0
19-11-2023 13:15,31.5,50,0
19-11-2023 13:30,32.3,49,0
19-11-2023 13:45,32.6,47,0
19-11-2023 14:00,33.1,45,0
19-11-2023 14:15,33,44,0
19-11-2023 14:30,32.9,45,0
19-11-2023 14:45,32.9,44,0
19-11-2023 15:00,33,45,0
19-11-2023 15:15,33.7,42,0
19-11-2023 15:30,33,43,0
19-11-2023 15:45,33.4,41,0
19-11-2023 16:00,33.8,41,0
19-11-2023 16:15,33.5,39,0
19-11-2023 16:30,33.4,38,0
19-11-2023 16:45,32.8,42,0
19-11-2023 17:00,31.7,43,0
19-11-2023 17:15,30.5,50,0
19-11-2023 17:30,29.7,53,0
19-11-2023 17:45,29,56,0
19-11-2023 18:00,28.2,59,0
19-11-2023 18:15,27.6,59,0
19-11-2023 18:30,26.9,61,0
19-11-2023 18:45,26.5,64,0
19-11-2023 19:00,26.2,65,0
19-11-2023 19:15,26,66,0
19-11-2023 19:30,25.8,66,0
19-11-2023 19:45,25,70,0
19-11-2023 20:00,24.5,72,0
19-11-2023 20:15,24.6,74,0
19-11-2023 20:30,24.1,77,0
19-11-2023 20:45,23.8,77,0
19-11-2023 21:00,23.6,78,0
19-11-2023 21:15,23.1,78,0
19-11-2023 21:30,23.1,83,0
19-11-2023 21:45,23.4,83,0
19-11-2023 22:00,23.4,81,0
19-11-2023 22:15,23,85,0
19-11-2023 22:30,22.5,86,0
19-11-2023 22:45,22.3,87,0
19-11-2023 23:00,22,87,0
19-11-2023 23:15,21.8,88,0
19-11-2023 23:30,21.6,88,0
19-11-2023 23:45,22,89,0
20-11-2023 00:00,22.2,88,0
20-11-2023 00:15,22.2,88,0
20-11-2023 00:30,22,88,0
20-11-2023 00:45,21.8,88,0
20-11-2023 01:00,21.6,89,0
20-11-2023 01:15,21.5,89,0
20-11-2023 01:30,21.3,89,0
20-11-2023 01:45,21.3,90,0
20-11-2023 02:00,21.1,89,0
20-11-2023 02:15,21.1,90,0
20-11-2023 02:30,21.4,90,0
20-11-2023 02:45,21.5,89,0
20-11-2023 03:00,21.5,90,0
20-11-2023 03:15,21.5,90,0
20-11-2023 03:30,21.7,90,0
20-11-2023 03:45,21.8,89,0
20-11-2023 04:15,21.1,90,0
20-11-2023 04:30,21.2,90,0
20-11-2023 04:45,21.1,90,0
20-11-2023 05:00,21,90,0
20-11-2023 05:15,21.5,89,0
20-11-2023 05:30,21.6,88,0
20-11-2023 05:45,21.2,89,0
20-11-2023 06:00,20.6,90,0
20-11-2023 06:15,21,88,0
20-11-2023 06:30,21.2,86,0
20-11-2023 06:45,21.3,83,0
20-11-2023 07:00,21.2,84,0
20-11-2023 07:15,20.8,86,0
20-11-2023 07:30,21,87,0
20-11-2023 07:45,21.8,87,0
20-11-2023 08:00,23.1,83,0
20-11-2023 08:15,24.3,76,0
20-11-2023 08:30,25.6,70,0
20-11-2023 08:45,26.4,65,0
20-11-2023 09:00,26.4,63,0
20-11-2023 09:15,26.7,61,0
20-11-2023 09:45,27.5,60,0
20-11-2023 10:00,27.7,60,0
20-11-2023 10:15,28.1,60,0
20-11-2023 10:30,28.6,58,0
20-11-2023 10:45,28.7,57,0
20-11-2023 11:00,29.2,57,0
20-11-2023 11:15,28.8,57,0
20-11-2023 11:30,29.5,56,0
20-11-2023 11:45,29.4,57,0
20-11-2023 12:00,30,55,0
20-11-2023 12:15,29.8,54,0
20-11-2023 12:30,30.3,55,0
20-11-2023 12:45,30.4,54,0
20-11-2023 13:00,30.5,53,0
20-11-2023 13:15,30.6,53,0
20-11-2023 13:30,31.3,51,0
20-11-2023 13:45,31.3,50,0
20-11-2023 14:00,31.5,49,0
20-11-2023 14:15,31.3,52,0
20-11-2023 14:30,30.9,50,0
20-11-2023 14:45,31.5,48,0
20-11-2023 15:00,31.5,48,0
20-11-2023 15:15,32.8,44,0
20-11-2023 15:30,32.1,45,0
20-11-2023 15:45,32.2,45,0
20-11-2023 16:00,31.6,46,0
20-11-2023 16:15,31.2,48,0
20-11-2023 16:30,31,48,0
20-11-2023 16:45,31.1,48,0
20-11-2023 17:00,30.6,50,0
20-11-2023 17:15,30,52,0
20-11-2023 17:30,29.3,54,0
20-11-2023 17:45,28.5,56,0
20-11-2023 18:00,27.8,60,0
20-11-2023 18:15,27.2,61,0
20-11-2023 18:30,26.5,63,0
20-11-2023 18:45,25.8,71,0
20-11-2023 19:00,25.5,71,0
20-11-2023 19:15,25.4,70,0
20-11-2023 19:30,25.2,68,0
20-11-2023 19:45,25.3,72,0
20-11-2023 20:00,25,73,0
20-11-2023 20:15,25.3,72,0
20-11-2023 20:30,25.2,71,0
20-11-2023 20:45,24.9,71,0
20-11-2023 21:00,24.5,73,0
20-11-2023 21:15,24,73,0
20-11-2023 21:30,23.8,72,0
20-11-2023 21:45,24.1,70,0
20-11-2023 22:00,24,71,0
20-11-2023 22:15,24.1,71,0
20-11-2023 22:30,23.7,72,0
20-11-2023 22:45,23.2,73,0
20-11-2023 23:00,22.8,75,0
20-11-2023 23:15,22.4,77,0
20-11-2023 23:30,22.2,79,0
20-11-2023 23:45,21.6,81,0
21-11-2023 00:00,21.5,81,0
21-11-2023 00:15,21.4,86,0
21-11-2023 00:30,21.7,84,0
21-11-2023 00:45,21.1,86,0
21-11-2023 01:00,21,87,0
21-11-2023 01:15,20.8,88,0
21-11-2023 01:30,20.9,88,0
21-11-2023 01:45,21.2,87,0
21-11-2023 02:00,20.8,87,0
21-11-2023 02:15,20.7,88,0
21-11-2023 02:30,21,87,0
21-11-2023 02:45,20.4,88,0
21-11-2023 03:00,20,89,0
21-11-2023 03:15,19.7,90,0
21-11-2023 03:30,19.8,90,0
21-11-2023 03:45,20,90,0
21-11-2023 04:00,20.1,89,0
21-11-2023 04:15,20.1,89,0
21-11-2023 04:30,20,89,0
21-11-2023 04:45,20,88,0
21-11-2023 05:00,19.9,88,0
21-11-2023 05:15,19.3,89,0
21-11-2023 05:30,19.2,89,0
21-11-2023 05:45,18.8,89,0
21-11-2023 06:00,18.5,90,0
21-11-2023 06:15,18.3,90,0
21-11-2023 06:30,18.5,90,0
21-11-2023 06:45,18.5,90,0
21-11-2023 07:00,19.2,89,0
21-11-2023 07:15,19.4,88,0
21-11-2023 07:30,20,87,0
21-11-2023 07:45,20.8,86,0
21-11-2023 08:00,21.6,82,0
21-11-2023 08:15,22.5,75,0
21-11-2023 08:30,23.8,71,0
21-11-2023 08:45,25.3,66,0
21-11-2023 09:00,25.8,62,0
21-11-2023 09:15,26.6,61,0
21-11-2023 09:30,26.5,56,0
21-11-2023 09:45,27.3,56,0
21-11-2023 10:00,27.4,55,0
21-11-2023 10:15,27.8,53,0
21-11-2023 10:30,27.9,54,0
21-11-2023 10:45,28.3,52,0
21-11-2023 11:00,28.9,53,0
21-11-2023 11:15,28.6,48,0
21-11-2023 11:30,29.2,48,0
21-11-2023 11:45,29.5,47,0
21-11-2023 12:00,29.6,46,0
21-11-2023 12:15,29.9,44,0
21-11-2023 12:30,30.3,45,0
21-11-2023 12:45,31.5,40,0
21-11-2023 13:00,31.3,42,0
21-11-2023 13:15,31.9,39,0
21-11-2023 13:30,31.7,38,0
21-11-2023 13:45,31.8,39,0
21-11-2023 14:00,32.6,38,0
21-11-2023 14:15,32.3,37,0
21-11-2023 14:30,32.3,37,0
21-11-2023 14:45,32.1,36,0
21-11-2023 15:00,33.4,34,0
21-11-2023 15:15,32.6,33,0
21-11-2023 15:30,32.4,33,0
21-11-2023 15:45,32.6,32,0
21-11-2023 16:00,32.2,34,0
21-11-2023 16:15,31.9,33,0
21-11-2023 16:30,31.5,34,0
21-11-2023 16:45,31.3,34,0
21-11-2023 17:00,30.9,34,0
21-11-2023 17:15,30.6,35,0
21-11-2023 17:30,29.8,37,0
21-11-2023 17:45,28.8,40,0
21-11-2023 18:00,28.2,42,0
21-11-2023 18:15,27.7,44,0
21-11-2023 18:30,26.9,47,0
21-11-2023 18:45,26.3,50,0
21-11-2023 19:00,25.7,53,0
21-11-2023 19:15,25,56,0
21-11-2023 19:30,24.2,56,0
21-11-2023 19:45,24.1,60,0
21-11-2023 20:00,23.5,60,0
21-11-2023 20:15,23.2,63,0
21-11-2023 20:30,22.5,66,0
21-11-2023 20:45,22.5,67,0
21-11-2023 21:00,22.3,67,0
21-11-2023 21:15,22.7,66,0
21-11-2023 21:30,22.3,67,0
21-11-2023 21:45,22.1,68,0
21-11-2023 22:00,22,68,0
21-11-2023 22:15,21.8,69,0
21-11-2023 22:30,21.8,69,0
21-11-2023 22:45,21.8,68,0
21-11-2023 23:00,21.9,69,0
21-11-2023 23:15,22.1,68,0
21-11-2023 23:30,21.5,69,0
21-11-2023 23:45,21.1,72,0
22-11-2023 00:00,21,73,0
22-11-2023 00:15,21,72,0
22-11-2023 00:30,21.1,72,0
22-11-2023 00:45,21,71,0
22-11-2023 01:00,20.8,71,0
22-11-2023 01:15,21,70,0
22-11-2023 01:30,21.4,68,0
22-11-2023 01:45,21.5,67,0
22-11-2023 02:00,21.8,65,0
22-11-2023 02:15,21.6,66,0
22-11-2023 02:30,21.4,66,0
22-11-2023 02:45,21.2,67,0
22-11-2023 03:00,21.3,66,0
22-11-2023 03:15,21.3,66,0
22-11-2023 03:30,21.4,65,0
22-11-2023 03:45,21.4,65,0
22-11-2023 04:00,21,66,0
22-11-2023 04:15,19.4,71,0
22-11-2023 04:30,18.2,80,0
22-11-2023 04:45,18,82,0
22-11-2023 05:00,17.4,87,0
22-11-2023 05:15,17.1,88,0
22-11-2023 05:30,16.7,88,0
22-11-2023 05:45,16.7,89,0
22-11-2023 06:00,16.5,89,0
22-11-2023 06:15,16.4,90,0
22-11-2023 06:30,16.1,90,0
22-11-2023 06:45,16,90,0
22-11-2023 07:00,16,91,0
22-11-2023 07:15,16.2,91,0
22-11-2023 07:30,16.9,90,0
22-11-2023 07:45,18.1,89,0
22-11-2023 08:00,19.4,86,0
22-11-2023 08:15,20.4,80,0
22-11-2023 08:30,21.6,74,0
22-11-2023 08:45,22.8,70,0
22-11-2023 09:00,23.8,67,0
22-11-2023 09:15,25,61,0
22-11-2023 09:30,26.1,57,0
22-11-2023 09:45,26.4,56,0
22-11-2023 10:00,27.1,55,0
22-11-2023 10:15,27,54,0
22-11-2023 10:30,27.5,55,0
22-11-2023 10:45,28.1,52,0
22-11-2023 11:00,28.4,50,0
22-11-2023 11:15,28.4,49,0
22-11-2023 11:30,29.3,48,0
22-11-2023 11:45,29.2,47,0
22-11-2023 12:00,29.9,48,0
22-11-2023 12:15,29.9,45,0
22-11-2023 12:30,30.4,44,0
22-11-2023 12:45,30.3,43,0
22-11-2023 13:00,31.5,40,0
22-11-2023 13:15,31.3,40,0
22-11-2023 13:30,31.1,41,0
22-11-2023 13:45,32,40,0
22-11-2023 14:00,31.8,39,0
22-11-2023 14:15,32.1,39,0
22-11-2023 14:30,31.9,39,0
22-11-2023 14:45,32.3,38,0
22-11-2023 15:00,32.3,37,0
22-11-2023 15:15,33,37,0
22-11-2023 15:30,32.4,37,0
22-11-2023 15:45,32.2,37,0
22-11-2023 16:00,32.3,36,0
22-11-2023 16:15,32.3,37,0
22-11-2023 16:30,32.2,38,0
22-11-2023 16:45,32,38,0
22-11-2023 17:00,31.3,40,0
22-11-2023 17:15,31.5,40,0
22-11-2023 17:30,30.3,42,0
22-11-2023 17:45,29,44,0
22-11-2023 18:00,28.1,45,0
22-11-2023 18:15,27.6,47,0
22-11-2023 18:30,26.7,50,0
22-11-2023 18:45,25.4,53,0
22-11-2023 19:00,24.8,56,0
22-11-2023 19:15,25,58,0
22-11-2023 19:30,24.9,60,0
22-11-2023 19:45,24.9,58,0
22-11-2023 20:00,24.5,61,0
22-11-2023 20:15,24,63,0
22-11-2023 20:30,23.9,63,0
22-11-2023 20:45,23.4,67,0
22-11-2023 21:00,23.2,68,0
22-11-2023 21:15,23.2,68,0
22-11-2023 21:30,23.1,68,0
22-11-2023 21:45,23,69,0
22-11-2023 22:00,21.9,71,0
22-11-2023 22:15,21.4,74,0
22-11-2023 22:30,21.4,74,0
22-11-2023 22:45,21.4,73,0
22-11-2023 23:00,20.7,76,0
22-11-2023 23:15,20.2,81,0
22-11-2023 23:30,20.3,80,0
22-11-2023 23:45,20.4,76,0
23-11-2023 00:00,19.6,84,0
23-11-2023 00:15,19.2,87,0
23-11-2023 00:30,18.6,88,0
23-11-2023 00:45,18.4,88,0
23-11-2023 01:00,18.4,89,0
23-11-2023 01:15,18,89,0
23-11-2023 01:30,18.2,89,0
23-11-2023 01:45,18.5,88,0
23-11-2023 02:00,18.2,88,0
23-11-2023 02:30,18.8,87,0
23-11-2023 02:45,18.8,87,0
23-11-2023 03:00,18.8,86,0
23-11-2023 03:15,18.7,86,0
23-11-2023 03:30,18.3,87,0
23-11-2023 03:45,18,88,0
23-11-2023 04:00,18,88,0
23-11-2023 04:15,17.3,88,0
23-11-2023 04:30,17.2,89,0
23-11-2023 04:45,16.9,89,0
23-11-2023 05:00,16.7,89,0
23-11-2023 05:15,16.5,89,0
23-11-2023 05:30,16.7,90,0
23-11-2023 05:45,17,90,0
23-11-2023 06:00,17.2,90,0
23-11-2023 06:15,17.5,89,0
23-11-2023 06:30,17.4,89,0
23-11-2023 06:45,17.2,89,0
23-11-2023 07:00,17.2,89,0
23-11-2023 07:15,17.5,89,0
23-11-2023 07:30,18.3,88,0
23-11-2023 07:45,19.2,85,0
23-11-2023 08:00,19.8,81,0
23-11-2023 08:15,19.8,81,0
23-11-2023 08:30,20.9,79,0
23-11-2023 08:45,21.8,73,0
23-11-2023 09:00,23.2,69,0
23-11-2023 09:15,24.1,66,0
23-11-2023 09:30,25.2,64,0
23-11-2023 09:45,26.7,60,0
23-11-2023 10:00,27.6,55,0
23-11-2023 10:15,27.6,57,0
23-11-2023 10:30,27.7,56,0
23-11-2023 10:45,28.3,55,0
23-11-2023 11:00,29.1,54,0
23-11-2023 11:15,29,55,0
23-11-2023 11:30,29.7,55,0
23-11-2023 11:45,29.3,55,0
23-11-2023 12:00,29.7,53,0
23-11-2023 12:15,30.2,51,0
23-11-2023 12:30,30.2,51,0
23-11-2023 13:15,30,51,0
23-11-2023 13:30,30.6,48,0
23-11-2023 13:45,30.5,48,0
23-11-2023 14:00,32,45,0
23-11-2023 14:15,32.5,42,0
23-11-2023 14:30,31.9,43,0
23-11-2023 14:45,33,40,0
23-11-2023 15:00,31.8,42,0
23-11-2023 15:15,32.6,42,0
23-11-2023 15:30,33.1,41,0
23-11-2023 15:45,33,39,0
23-11-2023 16:00,32.8,37,0
23-11-2023 16:15,32.4,39,0
23-11-2023 16:30,32.2,40,0
23-11-2023 16:45,32.1,40,0
23-11-2023 17:00,31.7,42,0
23-11-2023 17:15,31,43,0
23-11-2023 17:30,29.7,48,0
23-11-2023 17:45,28.1,57,0
23-11-2023 18:00,26.7,57,0
23-11-2023 18:15,26,63,0
23-11-2023 18:30,25.4,65,0
23-11-2023 18:45,24.9,67,0
23-11-2023 19:00,24.3,69,0
23-11-2023 19:15,24,71,0
23-11-2023 19:30,23.6,72,0
23-11-2023 19:45,23.3,73,0
23-11-2023 20:00,23.3,72,0
23-11-2023 20:15,23.3,73,0
23-11-2023 20:30,23.5,71,0
23-11-2023 20:45,23.3,72,0
23-11-2023 21:00,23,74,0
23-11-2023 21:15,22.9,74,0
23-11-2023 21:30,22.9,74,0
23-11-2023 21:45,22.7,75,0
23-11-2023 22:00,22.3,77,0
23-11-2023 22:15,22,80,0
23-11-2023 22:30,21.3,83,0
23-11-2023 22:45,21.4,84,0
23-11-2023 23:00,21.4,83,0
23-11-2023 23:15,21.1,85,0
23-11-2023 23:30,20.7,86,0
23-11-2023 23:45,20.8,87,0
24-11-2023 00:00,20.8,87,0
24-11-2023 00:15,20.9,87,0
24-11-2023 00:30,20.8,87,0
24-11-2023 00:45,20.6,88,0
24-11-2023 01:00,20.7,88,0
24-11-2023 01:15,20.6,88,0
24-11-2023 01:30,20.4,88,0
24-11-2023 01:45,20.2,88,0
24-11-2023 02:00,20.1,89,0
24-11-2023 02:15,20.2,89,0
24-11-2023 02:30,20.2,89,0
24-11-2023 02:45,20,89,0
24-11-2023 03:00,19.9,89,0
24-11-2023 03:15,19.8,89,0
24-11-2023 03:30,19.6,89,0
24-11-2023 03:45,19.5,90,0
24-11-2023 04:00,19.5,90,0
24-11-2023 04:15,19.5,90,0
24-11-2023 04:30,19.4,90,0
24-11-2023 04:45,19.3,90,0
24-11-2023 05:00,19.4,89,0
24-11-2023 05:15,19.8,89,0
24-11-2023 05:30,20,88,0
24-11-2023 05:45,19.8,88,0
24-11-2023 06:00,19.9,88,0
24-11-2023 06:15,20,88,0
24-11-2023 06:30,20,88,0
24-11-2023 06:45,20.5,88,0
24-11-2023 07:00,20.8,88,0
24-11-2023 07:15,21.2,88,0
24-11-2023 07:30,21.9,88,0
24-11-2023 07:45,22.7,88,0
24-11-2023 08:00,23,88,0
24-11-2023 08:15,23.2,88,0
24-11-2023 08:30,23.4,87,0
24-11-2023 08:45,23.3,88,0
24-11-2023 09:00,23.3,88,0
24-11-2023 09:15,23.3,88,0
24-11-2023 09:30,23.4,88,0
24-11-2023 09:45,23.3,88,0
24-11-2023 10:00,23,88,0
24-11-2023 10:15,23.1,89,0
24-11-2023 10:30,23.6,88,0
24-11-2023 10:45,24.6,86,0
24-11-2023 11:00,26.1,76,0
24-11-2023 11:15,25.9,74,0
24-11-2023 11:30,25.7,75,0
24-11-2023 11:45,26.6,72,0
24-11-2023 12:00,26.9,71,0
24-11-2023 12:15,27.9,68,0
24-11-2023 12:30,28.1,66,0
24-11-2023 13:15,29.6,60,0
24-11-2023 13:45,30.5,56,0
24-11-2023 14:00,30.2,56,0
24-11-2023 14:15,30.2,53,0
24-11-2023 14:30,30.3,54,0
24-11-2023 14:45,30.2,55,0
24-11-2023 15:00,29.4,57,0
24-11-2023 15:15,30.2,54,0
24-11-2023 15:30,30.4,54,0
24-11-2023 15:45,29.8,53,0
24-11-2023 16:00,29.5,57,0
24-11-2023 16:15,30.3,53,0
24-11-2023 16:30,30.6,52,0
24-11-2023 16:45,29.8,54,0
24-11-2023 17:00,29.7,55,0
24-11-2023 17:15,29.2,56,0
24-11-2023 17:30,28.5,58,0
24-11-2023 17:45,27.7,61,0
24-11-2023 18:00,26.9,64,0
24-11-2023 18:15,26.1,66,0
24-11-2023 18:30,25.4,69,0
24-11-2023 18:45,24.8,71,0
24-11-2023 19:00,24,74,0
24-11-2023 19:15,23.6,75,0
24-11-2023 19:30,23.1,77,0
24-11-2023 19:45,22.8,80,0
24-11-2023 20:00,22.6,83,0
24-11-2023 20:15,23,80,0
24-11-2023 20:30,22.8,79,0
24-11-2023 20:45,23,80,0
24-11-2023 21:00,22.9,81,0
24-11-2023 21:15,22.4,82,0
24-11-2023 21:30,22.4,83,0
24-11-2023 21:45,22.2,84,0
24-11-2023 22:00,22.2,83,0
24-11-2023 22:15,21.9,85,0
24-11-2023 22:30,21.7,86,0
24-11-2023 22:45,21.5,87,0
24-11-2023 23:00,21.3,87,0
24-11-2023 23:15,21.1,87,0
24-11-2023 23:30,20.8,88,0
24-11-2023 23:45,20.6,88,0
25-11-2023 00:00,20.5,88,0
25-11-2023 00:15,20.7,88,0
25-11-2023 00:30,20.8,88,0
25-11-2023 00:45,20.6,88,0
25-11-2023 01:00,20.3,88,0
25-11-2023 01:15,20.1,89,0
25-11-2023 01:30,19.9,90,0
25-11-2023 01:45,20.2,90,0
25-11-2023 02:00,20.1,90,0
25-11-2023 02:15,20,90,0
25-11-2023 02:30,19.9,90,0
25-11-2023 02:45,19.9,90,0
25-11-2023 03:00,19.9,90,0
25-11-2023 03:15,20.1,89,0
25-11-2023 03:30,20,89,0
25-11-2023 03:45,20.3,89,0
25-11-2023 04:00,20.4,89,0
25-11-2023 04:15,20.6,89,0
25-11-2023 04:30,20.3,89,0
25-11-2023 04:45,20.2,89,0
25-11-2023 05:00,20.1,89,0
25-11-2023 05:15,20.1,89,0
25-11-2023 05:30,20.3,90,0
25-11-2023 05:45,20.4,90,0
25-11-2023 06:00,20.7,90,0
25-11-2023 06:15,21.1,90,0
25-11-2023 06:30,21.4,89,0
25-11-2023 06:45,21.8,89,0
25-11-2023 07:00,22.1,89,0
25-11-2023 07:15,22.6,89,0
25-11-2023 07:30,22.8,89,0
25-11-2023 07:45,23.2,89,0
25-11-2023 08:00,23.3,88,0
25-11-2023 08:15,23.6,88,0
25-11-2023 08:30,23.8,88,0
25-11-2023 08:45,23.7,88,0
25-11-2023 09:00,24,88,0
25-11-2023 09:15,24.5,87,0
25-11-2023 09:30,25.2,86,0
25-11-2023 09:45,24.8,86,0
25-11-2023 10:00,24.5,87,0
25-11-2023 10:15,24.2,87,0
25-11-2023 10:30,24.4,87,0
25-11-2023 10:45,25,86,0
25-11-2023 11:00,24.9,85,0
25-11-2023 11:15,25.3,83,0
25-11-2023 11:30,26.3,80,0
25-11-2023 11:45,26.7,74,0
25-11-2023 12:00,27.8,72,0
25-11-2023 12:15,28.1,70,0
25-11-2023 12:30,28.1,70,0
25-11-2023 12:45,28.6,67,0
25-11-2023 13:00,28.9,66,0
25-11-2023 13:15,29.6,63,0
25-11-2023 13:30,28.9,65,0
25-11-2023 13:45,29.5,63,0
25-11-2023 14:00,29.9,61,0
25-11-2023 14:15,30.4,58,0
25-11-2023 14:30,30.1,59,0
25-11-2023 15:00,30.5,57,0
25-11-2023 15:15,31,56,0
25-11-2023 15:30,31.2,55,0
25-11-2023 15:45,31.2,55,0
25-11-2023 16:00,31.5,53,0
25-11-2023 16:15,30.7,54,0
25-11-2023 16:30,31,53,0
25-11-2023 16:45,31.2,53,0
25-11-2023 17:00,30.6,56,0
25-11-2023 17:15,30.2,57,0
25-11-2023 17:30,29.7,59,0
25-11-2023 17:45,28.5,63,0
25-11-2023 18:00,27.5,66,0
25-11-2023 18:30,26.3,71,0
25-11-2023 18:45,25.9,73,0
25-11-2023 19:00,25.3,72,0
25-11-2023 19:15,25.2,75,0
25-11-2023 19:30,25.1,75,0
25-11-2023 19:45,25.1,76,0
25-11-2023 20:00,25.1,76,0
25-11-2023 20:15,24.8,77,0
25-11-2023 20:30,24.8,78,0
25-11-2023 20:45,24.9,76,0
25-11-2023 21:00,24.9,77,0
25-11-2023 21:15,24.8,78,0
25-11-2023 21:30,24.6,78,0
25-11-2023 21:45,24.2,81,0
25-11-2023 22:00,23.9,81,0
25-11-2023 22:15,23.9,82,0
25-11-2023 22:30,24.2,80,0
25-11-2023 22:45,24.3,79,0
25-11-2023 23:00,24.3,79,0
25-11-2023 23:15,24.2,79,0
25-11-2023 23:30,24,79,0
25-11-2023 23:45,24,81,0
26-11-2023 00:00,23.7,84,0
26-11-2023 00:15,23.6,85,0
26-11-2023 00:30,23.8,85,0
26-11-2023 00:45,23.7,85,0
26-11-2023 01:00,23.8,84,0
26-11-2023 01:15,23.7,84,0
26-11-2023 01:45,23.6,83,0
26-11-2023 02:00,23.4,83,0
26-11-2023 02:15,23.9,80,0
26-11-2023 02:30,24.1,78,0
26-11-2023 02:45,23.8,80,0
26-11-2023 03:00,23.9,81,0
26-11-2023 03:15,23.7,81,0
26-11-2023 03:30,23.7,82,0
26-11-2023 03:45,23.6,81,0
26-11-2023 04:00,23.8,81,0
26-11-2023 04:15,24.1,80,0
26-11-2023 04:30,24,80,0
26-11-2023 04:45,24,82,0
26-11-2023 05:00,24.1,83,0
26-11-2023 05:15,24.1,83,0
26-11-2023 05:30,23.9,84,0
26-11-2023 05:45,23.9,86,0
26-11-2023 06:00,23.8,86,0
26-11-2023 06:15,23.7,86,0
26-11-2023 06:30,23.5,87,0
26-11-2023 06:45,23.2,88,0
26-11-2023 07:00,23.2,89,0
26-11-2023 07:15,23.1,89,0
26-11-2023 07:30,23.2,89,0
26-11-2023 07:45,23.8,87,0
26-11-2023 08:00,24.2,86,0
26-11-2023 08:15,24.4,84,0
26-11-2023 08:30,24.6,82,0
26-11-2023 08:45,24.7,81,0
26-11-2023 09:00,24.8,80,0
26-11-2023 09:15,25.1,79,0
26-11-2023 09:30,25.2,78,0
26-11-2023 09:45,25.6,77,0
26-11-2023 10:00,26,75,0
26-11-2023 10:15,26.7,73,0
26-11-2023 10:30,26.8,72,0
26-11-2023 11:00,28.4,68,0
26-11-2023 11:15,29.1,65,0
26-11-2023 11:30,28.6,65,0
26-11-2023 11:45,28.7,65,0
26-11-2023 12:00,29.4,63,0
26-11-2023 12:15,29.1,62,0
26-11-2023 12:30,29.8,62,0
26-11-2023 12:45,30,60,0
26-11-2023 13:00,30.7,59,0
26-11-2023 13:15,30.6,59,0
26-11-2023 13:30,31.1,56,0
26-11-2023 13:45,30,59,0
26-11-2023 14:00,30.7,58,0
26-11-2023 14:15,29.8,58,0
26-11-2023 14:30,31.5,55,0
26-11-2023 14:45,30.9,55,0
26-11-2023 15:00,25.9,66,0
26-11-2023 15:15,25.4,73,0
26-11-2023 15:30,24.9,77,1
26-11-2023 15:45,24.4,84,2
26-11-2023 16:00,24.3,86,2
26-11-2023 16:15,24.2,84,2
26-11-2023 16:30,24.1,82,2
26-11-2023 16:45,24.2,82,2
26-11-2023 17:00,24.4,84,2
26-11-2023 17:15,24.6,85,2
26-11-2023 17:30,24.5,84,2
26-11-2023 17:45,23.9,86,2
26-11-2023 18:15,23.6,84,2
26-11-2023 18:30,23.8,82,2
26-11-2023 18:45,23.5,81,2
26-11-2023 19:00,23.4,79,2
26-11-2023 19:15,23.1,84,2
26-11-2023 19:30,23.2,85,2
26-11-2023 19:45,22.8,87,2
26-11-2023 20:00,22.5,88,2
26-11-2023 20:15,22.6,89,2
26-11-2023 20:30,22.6,90,2
26-11-2023 20:45,22.5,90,2
26-11-2023 21:00,22.4,90,2
26-11-2023 21:30,22.2,90,2.5
26-11-2023 21:45,22.3,90,2.5
26-11-2023 22:00,22.3,90,2.5
26-11-2023 22:15,22.3,90,2.5
26-11-2023 22:30,22.3,90,2.5
26-11-2023 22:45,22.1,91,2.5
26-11-2023 23:00,21.6,92,6
26-11-2023 23:15,21.4,92,11
26-11-2023 23:30,21.5,93,12
26-11-2023 23:45,21.5,93,12
27-11-2023 00:00,21.4,93,12
27-11-2023 00:15,21.5,93,12.5
27-11-2023 00:30,21.4,93,12.5
27-11-2023 00:45,21.5,93,13
27-11-2023 01:00,21.6,93,13
27-11-2023 01:15,21.6,93,13
27-11-2023 01:30,21.5,93,13
27-11-2023 01:45,21.5,93,13
27-11-2023 02:00,21.5,93,13
27-11-2023 02:15,21.4,93,13
27-11-2023 02:30,21.4,93,13
27-11-2023 02:45,21.4,93,13
27-11-2023 03:00,21.5,93,13
27-11-2023 03:15,21.5,93,13
27-11-2023 03:30,21.6,93,13
27-11-2023 03:45,21.3,93,13
27-11-2023 04:00,21.2,93,13
27-11-2023 04:15,21.1,93,13
27-11-2023 04:30,21.1,93,13
27-11-2023 04:45,20.9,93,13
27-11-2023 05:00,20.9,94,13
27-11-2023 05:15,20.7,94,13
27-11-2023 05:30,20.7,94,13
27-11-2023 05:45,20.7,94,13
27-11-2023 06:00,20.8,94,13
27-11-2023 06:15,21.1,94,13
27-11-2023 06:30,21.1,94,13
27-11-2023 06:45,21.2,94,13
27-11-2023 07:00,21.2,94,13
27-11-2023 07:15,21.2,94,13
27-11-2023 07:30,21.2,94,13
27-11-2023 07:45,21.3,94,13
27-11-2023 08:00,21.4,94,13
27-11-2023 08:15,21.7,94,13
27-11-2023 08:30,21.8,94,13
27-11-2023 08:45,22.3,93,0
27-11-2023 09:00,22.7,93,0
27-11-2023 09:15,23.1,91,0
27-11-2023 09:30,23.6,91,0
27-11-2023 09:45,23.8,90,0
27-11-2023 10:00,23.9,90,0
27-11-2023 10:15,24.3,89,0
27-11-2023 10:30,24.7,87,0
27-11-2023 10:45,25.5,86,0
27-11-2023 11:00,25.9,83,0
27-11-2023 11:15,26.3,80,0
27-11-2023 11:30,26.5,79,0
27-11-2023 11:45,25.9,79,0
27-11-2023 12:00,26.7,78,0
27-11-2023 12:15,27.4,73,0
27-11-2023 12:30,27.6,73,0
27-11-2023 12:45,27,74,0
27-11-2023 13:00,27.9,73,0
27-11-2023 13:15,27,74,0
27-11-2023 13:30,26.8,75,0
27-11-2023 13:45,28.7,71,0
27-11-2023 14:00,28.8,68,0
27-11-2023 14:15,29.4,66,0
27-11-2023 14:30,29.2,67,0
27-11-2023 14:45,30.5,64,0
27-11-2023 15:00,30.5,59,0
27-11-2023 15:15,30.3,60,0
27-11-2023 15:30,29.4,64,0
27-11-2023 15:45,29.8,63,0
27-11-2023 16:00,30.1,60,0
27-11-2023 16:15,29.4,62,0
27-11-2023 16:30,30.3,57,0
27-11-2023 16:45,30.3,58,0
27-11-2023 17:00,30,58,0
27-11-2023 17:15,29.2,61,0
27-11-2023 17:30,28.2,64,0
27-11-2023 17:45,27.4,68,0
27-11-2023 18:00,27,70,0
27-11-2023 18:15,26.6,72,0
27-11-2023 18:30,26.6,71,0
27-11-2023 18:45,26.3,73,0
27-11-2023 19:00,26,74,0
27-11-2023 19:30,25.4,79,0
27-11-2023 19:45,25,82,0
27-11-2023 20:00,24.7,85,0
27-11-2023 20:15,24.8,86,0
27-11-2023 20:30,24.9,85,0
27-11-2023 20:45,24.7,86,0
27-11-2023 21:00,24.5,87,0
27-11-2023 21:15,24.6,87,0
27-11-2023 21:30,24.5,87,0
27-11-2023 21:45,24.2,88,0
27-11-2023 22:00,23.8,88,0
27-11-2023 22:15,23.5,89,0
27-11-2023 22:30,23.2,90,0
27-11-2023 22:45,23,90,0
27-11-2023 23:00,22.9,91,0
27-11-2023 23:15,22.9,91,0
27-11-2023 23:30,22.8,91,0
27-11-2023 23:45,22.9,91,0
28-11-2023 00:00,22.8,91,0
28-11-2023 00:15,22.5,91,0
28-11-2023 00:30,22.2,92,0
28-11-2023 00:45,22.1,92,0
28-11-2023 01:00,21.9,92,0
28-11-2023 01:15,22,93,0
28-11-2023 01:30,22.1,93,0
28-11-2023 01:45,21.9,93,0
28-11-2023 02:00,21.8,93,0
28-11-2023 02:15,21.9,93,0
28-11-2023 02:30,21.9,93,0
28-11-2023 02:45,22,93,0
28-11-2023 03:00,22,93,0
28-11-2023 03:15,21.9,93,0
28-11-2023 03:30,21.8,93,0
28-11-2023 03:45,21.8,93,0
28-11-2023 04:00,21.5,93,0
28-11-2023 04:15,21.5,93,0
28-11-2023 04:30,21.4,93,0
28-11-2023 04:45,21.3,93,0
28-11-2023 05:00,21.2,93,0
28-11-2023 05:15,21.1,93,0
28-11-2023 05:30,21,94,0
28-11-2023 05:45,21.1,94,0
28-11-2023 06:00,21.1,94,0
28-11-2023 06:15,21.3,94,0
28-11-2023 06:30,21.3,94,0
28-11-2023 06:45,21.4,94,0
28-11-2023 07:00,21.4,94,0
28-11-2023 07:30,21.6,94,0
28-11-2023 07:45,21.7,94,0
28-11-2023 08:00,21.9,94,0
28-11-2023 08:15,22,94,0
28-11-2023 08:30,22,94,0
28-11-2023 08:45,22,94,0
28-11-2023 09:00,22.3,94,0
28-11-2023 09:15,22.8,93,0
28-11-2023 09:30,23.4,92,0
28-11-2023 09:45,24.1,91,0
28-11-2023 10:00,25.5,88,0
28-11-2023 10:15,25.5,82,0
28-11-2023 10:30,26,80,0
28-11-2023 10:45,26.1,78,0
28-11-2023 11:00,26.2,80,0
28-11-2023 11:15,26.6,74,0
28-11-2023 11:30,27,74,0
28-11-2023 11:45,27.8,70,0
28-11-2023 12:00,29.6,68,0
28-11-2023 12:15,29,66,0
28-11-2023 12:30,28.5,67,0
28-11-2023 12:45,28.8,66,0
28-11-2023 13:00,29.2,64,0
28-11-2023 13:15,28.7,65,0
28-11-2023 13:30,28.8,65,0
28-11-2023 13:45,28.3,67,0
28-11-2023 14:00,30.6,60,0
28-11-2023 14:15,29.6,61,0
28-11-2023 14:30,28.6,64,0
28-11-2023 14:45,28.2,66,0
28-11-2023 15:00,27.9,67,0
28-11-2023 15:15,27,72,0
28-11-2023 15:30,27.5,72,0
28-11-2023 15:45,28.1,66,0
28-11-2023 16:00,28.2,65,0
28-11-2023 16:15,29,62,0
28-11-2023 16:30,28.9,64,0
28-11-2023 16:45,28.6,64,0
28-11-2023 17:00,28,64,0
28-11-2023 17:15,27.5,66,0
28-11-2023 17:30,27.2,68,0
28-11-2023 17:45,26.7,70,0
28-11-2023 18:00,26.1,72,0
28-11-2023 18:15,25.7,74,0
28-11-2023 18:30,25.3,75,0
28-11-2023 18:45,25.2,75,0
28-11-2023 19:00,25.1,76,0
28-11-2023 19:15,24.5,80,0
28-11-2023 19:30,24.1,84,0
28-11-2023 19:45,23.8,86,0
28-11-2023 20:00,23.6,87,0
28-11-2023 20:15,23.5,87,0
28-11-2023 20:30,23.4,87,0
28-11-2023 20:45,23.1,88,0
28-11-2023 21:00,22.9,88,0
28-11-2023 21:15,22.2,89,0
28-11-2023 21:30,21.6,90,0
28-11-2023 21:45,21.5,91,0
28-11-2023 22:00,21.3,91,0
28-11-2023 22:15,21,91,0
28-11-2023 22:30,20.8,92,0
28-11-2023 22:45,20.9,92,0
28-11-2023 23:00,20.7,93,0
28-11-2023 23:15,20.4,93,0
28-11-2023 23:30,20.2,93,0
28-11-2023 23:45,20.6,93,0
29-11-2023 00:00,20.5,93,0
29-11-2023 00:15,20.1,93,0
29-11-2023 00:30,20.1,93,0
29-11-2023 00:45,20,93,0
29-11-2023 01:00,20.1,94,0
29-11-2023 01:15,19.9,93,0
29-11-2023 01:30,19.8,94,0
29-11-2023 01:45,19.5,93,0
29-11-2023 02:00,19.2,93,0
29-11-2023 02:15,19.2,94,0
29-11-2023 02:30,19.1,94,0
29-11-2023 02:45,19.2,94,0
29-11-2023 03:00,19.2,94,0
29-11-2023 03:15,19.1,94,0
29-11-2023 03:30,19.2,94,0
29-11-2023 03:45,19.2,94,0
29-11-2023 04:00,19.2,94,0
29-11-2023 04:15,19.2,94,0
29-11-2023 04:30,19.3,94,0
29-11-2023 04:45,19.2,94,0
29-11-2023 05:00,19.3,94,0
29-11-2023 05:15,19.4,94,0
29-11-2023 05:30,19.4,94,0
29-11-2023 05:45,19.4,94,0
29-11-2023 06:00,19.2,94,0
29-11-2023 06:15,19.2,95,0
29-11-2023 06:30,19.3,95,0
29-11-2023 06:45,19.3,95,0
29-11-2023 07:00,19.1,95,0
29-11-2023 07:15,19.3,95,0
29-11-2023 07:30,19.6,95,0
29-11-2023 07:45,19.7,95,0
29-11-2023 08:00,19.9,95,0
29-11-2023 08:15,20.1,95,0
29-11-2023 08:30,20.4,95,0
29-11-2023 08:45,20.6,95,0
29-11-2023 09:00,20.8,95,0
29-11-2023 09:15,20.9,94,0
29-11-2023 09:30,21.1,94,0
29-11-2023 09:45,21.3,94,0
29-11-2023 10:00,21.6,94,0
29-11-2023 10:15,21.9,94,0
29-11-2023 10:30,22.3,94,0
29-11-2023 10:45,23.4,93,0
29-11-2023 11:00,24.4,88,0
29-11-2023 11:15,25.7,82,0
29-11-2023 11:45,25.9,74,0
29-11-2023 12:00,27.3,68,0
29-11-2023 12:15,27.2,67,0
29-11-2023 12:30,28.1,64,0
29-11-2023 12:45,28.8,62,0
29-11-2023 13:00,28.6,57,0
29-11-2023 13:15,28.9,60,0
29-11-2023 13:30,29.7,57,0
29-11-2023 13:45,30.2,57,0
29-11-2023 14:00,30.1,56,0
29-11-2023 14:15,30.2,57,0
29-11-2023 14:30,30.4,53,0
29-11-2023 14:45,29.2,57,0
29-11-2023 15:00,30.1,55,0
29-11-2023 15:15,31,51,0
29-11-2023 15:30,30.1,54,0
29-11-2023 15:45,29.7,52,0
29-11-2023 16:00,28.8,57,0
29-11-2023 16:15,28.5,60,0
29-11-2023 16:30,27.9,64,0
29-11-2023 16:45,28.1,64,0
29-11-2023 17:00,28.8,59,0
29-11-2023 17:15,28.4,58,0
29-11-2023 17:30,27.7,60,0
29-11-2023 17:45,26.9,64,0
29-11-2023 18:00,26.4,66,0
29-11-2023 18:15,25.9,67,0
29-11-2023 18:30,25.5,68,0
29-11-2023 18:45,25,71,0
29-11-2023 19:00,24.7,73,0
29-11-2023 19:15,24.2,75,0
29-11-2023 19:30,24.1,75,0
29-11-2023 19:45,23.8,76,0
29-11-2023 20:00,23.4,80,0
29-11-2023 20:15,23.3,80,0
29-11-2023 20:30,23.2,81,0
29-11-2023 20:45,22.8,83,0
29-11-2023 21:00,22.6,86,0
29-11-2023 21:15,22.4,86,0
29-11-2023 21:30,22.2,87,0
29-11-2023 21:45,22,87,0
29-11-2023 22:00,21.8,87,0
29-11-2023 22:15,21.5,87,0
29-11-2023 22:30,21.4,87,0
29-11-2023 22:45,21.2,87,0
29-11-2023 23:00,20.9,88,0
29-11-2023 23:15,20.6,89,0
29-11-2023 23:30,20.2,89,0
29-11-2023 23:45,20.4,90,0
30-11-2023 00:00,20.9,90,0
30-11-2023 00:15,21,89,0
30-11-2023 00:30,20.6,89,0
30-11-2023 00:45,20.5,90,0
30-11-2023 01:00,20.2,90,0
30-11-2023 01:15,19.8,91,0
30-11-2023 01:30,19.9,91,0
30-11-2023 01:45,19.9,91,0
30-11-2023 02:00,19.7,91,0
30-11-2023 02:15,19.7,91,0
30-11-2023 02:30,19.7,91,0
30-11-2023 02:45,19.8,92,0
30-11-2023 03:00,19.5,92,0
30-11-2023 03:15,19.3,92,0
30-11-2023 03:30,19.1,92,0
30-11-2023 03:45,19,92,0
30-11-2023 04:00,19.1,93,0
30-11-2023 04:15,19.2,93,0
30-11-2023 04:30,19.1,93,0
30-11-2023 04:45,19.1,93,0
30-11-2023 05:00,19.2,93,0
30-11-2023 05:15,19.2,93,0
30-11-2023 05:30,19,93,0
30-11-2023 05:45,18.9,93,0
30-11-2023 06:00,19,93,0
30-11-2023 06:15,18.7,93,0
30-11-2023 06:30,18.5,93,0
30-11-2023 06:45,18.7,93,0
30-11-2023 07:00,18.6,93,0
30-11-2023 07:15,18.8,93,0
30-11-2023 07:30,19,93,0
30-11-2023 07:45,19.3,93,0
30-11-2023 08:00,19.8,92,0
30-11-2023 08:15,20.4,91,0
30-11-2023 08:30,20.4,91,0
30-11-2023 08:45,20.9,90,0
30-11-2023 09:00,21.7,89,0
30-11-2023 09:15,23.2,87,0
30-11-2023 09:30,25,75,0
30-11-2023 09:45,25,75,0
30-11-2023 10:00,25.5,74,0
30-11-2023 10:15,26.1,73,0
30-11-2023 10:30,26.3,73,0
30-11-2023 10:45,27.1,71,0
30-11-2023 11:00,27.6,67,0
30-11-2023 11:15,27.9,69,0
30-11-2023 11:30,28.2,68,0
30-11-2023 11:45,28.1,67,0
30-11-2023 12:00,28.8,66,0
30-11-2023 12:15,28.7,64,0
30-11-2023 12:30,29.7,66,0
30-11-2023 12:45,29.2,62,0
30-11-2023 13:00,30,60,0
30-11-2023 13:15,30.5,59,0
30-11-2023 13:30,30.2,57,0
30-11-2023 13:45,30.4,56,0
30-11-2023 14:00,31.5,53,0
30-11-2023 14:15,31.5,55,0
30-11-2023 14:30,32.2,50,0
30-11-2023 14:45,31.8,50,0
30-11-2023 15:00,32.3,49,0
30-11-2023 15:15,32.1,46,0
30-11-2023 15:30,31,50,0
30-11-2023 15:45,31.1,50,0
30-11-2023 16:00,32.1,47,0
30-11-2023 16:15,32.1,48,0
30-11-2023 16:30,30.7,53,0
30-11-2023 16:45,31.1,56,0
30-11-2023 17:00,29.9,61,0
30-11-2023 17:15,29.1,64,0
30-11-2023 17:30,28.3,66,0
30-11-2023 17:45,27.6,69,0
30-11-2023 18:00,26.9,71,0
30-11-2023 18:15,26.5,72,0
30-11-2023 18:30,26.2,73,0
30-11-2023 18:45,25.8,75,0
30-11-2023 19:00,25.5,76,0
30-11-2023 19:15,25.1,79,0
30-11-2023 19:30,24.9,80,0
30-11-2023 19:45,24.6,81,0
30-11-2023 20:00,24.3,83,0
30-11-2023 20:15,24,86,0
30-11-2023 20:30,23.7,86,0
30-11-2023 20:45,23.5,87,0
30-11-2023 21:00,23.1,87,0
30-11-2023 21:15,22.9,88,0
30-11-2023 21:30,22.8,88,0
30-11-2023 21:45,22.1,89,0
30-11-2023 22:00,21.4,90,0
30-11-2023 22:15,21.4,91,0
30-11-2023 22:30,21,91,0
30-11-2023 22:45,21.1,92,0
30-11-2023 23:00,20.7,92,0
30-11-2023 23:15,20.8,92,0
30-11-2023 23:30,20.6,92,0
30-11-2023 23:45,20.7,92,0
01-12-2023 00:00,20.4,92,0
01-12-2023 00:15,20.5,92,0
01-12-2023 00:30,20.5,92,0
01-12-2023 00:45,20.3,92,0
01-12-2023 01:00,20.3,92,0
01-12-2023 01:15,20,92,0
01-12-2023 01:30,19.9,92,0
01-12-2023 01:45,19.6,92,0
01-12-2023 02:00,19.4,93,0
01-12-2023 02:15,19.1,93,0
01-12-2023 02:30,18.8,93,0
01-12-2023 02:45,18.5,93,0
01-12-2023 03:00,18.4,93,0
01-12-2023 03:15,18.5,93,0
01-12-2023 03:30,18.2,93,0
01-12-2023 03:45,18.7,94,0
01-12-2023 04:00,18.6,94,0
01-12-2023 04:15,18.3,94,0
01-12-2023 04:30,18.4,94,0
01-12-2023 04:45,18.2,94,0
01-12-2023 05:00,18.1,94,0
01-12-2023 05:15,18.1,94,0
01-12-2023 05:30,18.3,94,0
01-12-2023 05:45,18.2,94,0
01-12-2023 06:00,18.4,94,0
01-12-2023 06:15,18.7,94,0
01-12-2023 06:30,19,94,0
01-12-2023 06:45,19.1,94,0
01-12-2023 07:00,19.2,94,0
01-12-2023 07:15,19.1,94,0
01-12-2023 07:30,19.2,94,0
01-12-2023 07:45,19.3,94,0
01-12-2023 08:00,19.5,94,0
01-12-2023 08:15,19.8,94,0
01-12-2023 08:30,20,94,0
01-12-2023 08:45,20.4,94,0
01-12-2023 09:00,20.9,94,0
01-12-2023 09:15,21.1,94,0
01-12-2023 09:30,21.5,94,0
01-12-2023 09:45,22.1,93,0
01-12-2023 10:00,22.4,92,0
01-12-2023 10:15,23.1,91,0
01-12-2023 10:30,23.5,89,0
01-12-2023 10:45,23.9,89,0
01-12-2023 11:00,24.9,86,0
01-12-2023 11:15,25.9,77,0
01-12-2023 11:30,27.1,70,0
01-12-2023 11:45,27.3,70,0
01-12-2023 12:00,28.4,66,0
01-12-2023 12:15,28.6,58,0
01-12-2023 12:30,29.4,60,0
01-12-2023 12:45,29,58,0
01-12-2023 13:00,30.1,53,0
01-12-2023 13:15,30,49,0
01-12-2023 13:45,31,46,0
01-12-2023 14:00,31.2,44,0
01-12-2023 14:15,30.9,45,0
01-12-2023 14:30,31.8,46,0
01-12-2023 14:45,31.4,42,0
01-12-2023 15:00,31.9,43,0
01-12-2023 15:15,31.6,40,0
01-12-2023 15:30,31.8,40,0
01-12-2023 15:45,31.8,37,0
01-12-2023 16:00,32.2,36,0
01-12-2023 16:15,31.4,35,0
01-12-2023 16:30,31.3,35,0
01-12-2023 16:45,30.9,36,0
01-12-2023 17:00,30.6,37,0
01-12-2023 17:15,29.8,42,0
01-12-2023 17:30,28.8,45,0
01-12-2023 17:45,27.8,50,0
01-12-2023 18:00,27.1,54,0
01-12-2023 18:15,26.6,57,0
01-12-2023 18:30,26,59,0
01-12-2023 18:45,25.6,62,0
01-12-2023 19:00,25.1,64,0
01-12-2023 19:15,24.6,67,0
01-12-2023 19:30,24.1,69,0
01-12-2023 19:45,23.7,70,0
01-12-2023 20:00,23.3,72,0
01-12-2023 20:15,23.2,72,0
01-12-2023 20:30,22.5,75,0
01-12-2023 20:45,22.2,77,0
01-12-2023 21:00,20.9,84,0
01-12-2023 21:15,20.8,86,0
01-12-2023 21:30,20.3,87,0
01-12-2023 21:45,20.3,87,0
01-12-2023 22:00,20.9,86,0
01-12-2023 22:15,21,86,0
01-12-2023 22:30,20.3,87,0
01-12-2023 22:45,20.2,87,0
01-12-2023 23:00,20.1,88,0
01-12-2023 23:15,20.1,88,0
01-12-2023 23:30,19.5,88,0
01-12-2023 23:45,19.8,89,0
02-12-2023 00:00,19.6,89,0
02-12-2023 00:15,19.8,89,0
02-12-2023 00:30,19.8,89,0
02-12-2023 00:45,19.5,90,0
02-12-2023 01:00,19.2,90,0
02-12-2023 01:15,19.2,90,0
02-12-2023 01:30,19,91,0
02-12-2023 01:45,18.9,91,0
02-12-2023 02:00,18.8,91,0
02-12-2023 02:15,18.8,91,0
02-12-2023 02:30,18.7,92,0
02-12-2023 02:45,18.6,92,0
02-12-2023 03:00,18.6,92,0
02-12-2023 03:15,18.5,92,0
02-12-2023 03:30,18.5,92,0
02-12-2023 03:45,18.5,92,0
02-12-2023 04:00,18.5,92,0
02-12-2023 04:15,18.7,92,0
02-12-2023 04:30,18.7,92,0
02-12-2023 04:45,18.9,92,0
02-12-2023 05:00,18.9,92,0
02-12-2023 05:15,18.8,92,0
02-12-2023 05:30,18.8,92,0
02-12-2023 05:45,18.9,92,0
02-12-2023 06:00,18.9,92,0
02-12-2023 06:15,18.9,92,0
02-12-2023 06:30,18.9,92,0
02-12-2023 06:45,18.9,92,0
02-12-2023 07:00,19.2,92,0
02-12-2023 07:15,19.4,92,0
02-12-2023 07:30,19.8,91,0
02-12-2023 07:45,20.2,91,0
02-12-2023 08:00,20.6,90,0
02-12-2023 08:15,20.8,90,0
02-12-2023 08:30,21.4,90,0
02-12-2023 08:45,22,90,0
02-12-2023 09:00,23.2,88,0
02-12-2023 09:15,23.9,86,0
02-12-2023 09:30,24.2,84,0
02-12-2023 09:45,24.7,82,0
02-12-2023 10:00,24.7,81,0
02-12-2023 10:15,25.5,76,0
02-12-2023 10:30,26.4,73,0
02-12-2023 10:45,27.1,70,0
02-12-2023 11:00,26.8,71,0
02-12-2023 11:15,27.4,69,0
02-12-2023 11:30,28,64,0
02-12-2023 11:45,27.6,66,0
02-12-2023 12:00,28.6,63,0
02-12-2023 12:15,29.4,63,0
02-12-2023 12:30,29.4,63,0
02-12-2023 12:45,28.7,63,0
02-12-2023 13:00,28.9,60,0
02-12-2023 13:15,30.1,57,0
02-12-2023 13:30,30.4,53,0
02-12-2023 13:45,30.8,50,0
02-12-2023 14:00,30.8,48,0
02-12-2023 14:15,31.4,48,0
02-12-2023 14:45,30.5,50,0
02-12-2023 15:00,31.9,46,0
02-12-2023 15:15,31.4,49,0
02-12-2023 15:30,30.5,50,0
02-12-2023 15:45,30.8,50,0
02-12-2023 16:00,30.6,51,0
02-12-2023 16:15,29.6,53,0
02-12-2023 16:30,29.7,55,0
02-12-2023 16:45,29,55,0
02-12-2023 17:00,28.6,56,0
02-12-2023 17:15,28.1,57,0
02-12-2023 17:30,27.8,58,0
02-12-2023 17:45,27.1,61,0
02-12-2023 18:00,26.7,63,0
02-12-2023 18:15,26.1,65,0
02-12-2023 18:30,25.9,66,0
02-12-2023 18:45,25.8,67,0
02-12-2023 19:00,25.8,67,0
02-12-2023 19:15,25.8,67,0
02-12-2023 19:30,25.7,68,0
02-12-2023 19:45,25.5,68,0
02-12-2023 20:00,25.2,68,0
02-12-2023 20:15,24.7,69,0
02-12-2023 20:30,24.2,70,0
02-12-2023 20:45,23.8,72,0
02-12-2023 21:00,23.5,74,0
02-12-2023 21:15,23.5,75,0
02-12-2023 21:30,23.2,74,0
02-12-2023 21:45,23.2,77,0
02-12-2023 22:00,23.2,79,0
02-12-2023 22:15,23.3,79,0
02-12-2023 22:30,23.2,79,0
02-12-2023 22:45,23.6,80,0
02-12-2023 23:00,23.8,81,0
02-12-2023 23:15,23.9,80,0
02-12-2023 23:30,23.5,79,0
02-12-2023 23:45,22.8,83,0
03-12-2023 00:00,22.5,84,0
03-12-2023 00:15,22,86,0
03-12-2023 00:30,22.4,84,0
03-12-2023 00:45,22.3,81,0
03-12-2023 01:00,22,84,0
03-12-2023 01:15,21.7,86,0
03-12-2023 01:30,22.2,85,0
03-12-2023 01:45,22.7,82,0
03-12-2023 02:00,22.2,83,0
03-12-2023 02:15,22.1,85,0
03-12-2023 02:30,21.6,85,0
03-12-2023 02:45,21.5,87,0
03-12-2023 03:00,21.5,87,0
03-12-2023 03:15,21.2,87,0
03-12-2023 03:30,20.9,88,0
03-12-2023 03:45,20.2,89,0
03-12-2023 04:00,19.9,89,0
03-12-2023 04:15,19.5,90,0
03-12-2023 04:30,19.4,91,0
03-12-2023 04:45,19.4,91,0
03-12-2023 05:00,19.4,91,0
03-12-2023 05:15,19.1,91,0
03-12-2023 05:30,19.2,92,0
03-12-2023 05:45,19,92,0
03-12-2023 06:00,19.1,92,0
03-12-2023 06:15,19.2,91,0
03-12-2023 06:30,19.2,92,0
03-12-2023 06:45,19.2,91,0
03-12-2023 07:00,18.8,91,0
03-12-2023 07:15,18.8,92,0
03-12-2023 07:30,19,92,0
03-12-2023 07:45,19.5,92,0
03-12-2023 08:00,20.1,92,0
03-12-2023 08:15,21.4,90,0
03-12-2023 08:30,23.7,87,0
03-12-2023 08:45,24.9,78,0
03-12-2023 09:00,25.7,73,0
03-12-2023 09:15,25.9,72,0
03-12-2023 09:30,26,68,0
03-12-2023 09:45,26.2,67,0
03-12-2023 10:00,26.8,65,0
03-12-2023 10:15,27.1,64,0
03-12-2023 10:30,27.4,63,0
03-12-2023 10:45,28,60,0
03-12-2023 11:00,28.6,61,0
03-12-2023 11:15,28.4,59,0
03-12-2023 11:30,29,56,0
03-12-2023 11:45,29.4,55,0
03-12-2023 12:00,29.6,52,0
03-12-2023 12:15,30.2,52,0
03-12-2023 12:30,30.1,50,0
03-12-2023 12:45,30.1,50,0
03-12-2023 13:00,30.5,49,0
03-12-2023 13:15,30.5,49,0
03-12-2023 13:30,31,48,0
03-12-2023 13:45,31.3,48,0
03-12-2023 14:00,31.3,46,0
03-12-2023 14:15,30.9,47,0
03-12-2023 14:45,31.2,48,0
03-12-2023 15:00,31.2,47,0
03-12-2023 15:15,31.4,47,0
03-12-2023 15:30,31.2,49,0
03-12-2023 15:45,31.8,48,0
03-12-2023 16:00,31.7,47,0
03-12-2023 16:15,31.3,48,0
03-12-2023 16:30,31.1,50,0
03-12-2023 16:45,31,50,0
03-12-2023 17:00,30.6,51,0
03-12-2023 17:15,30,54,0
03-12-2023 17:30,29.3,57,0
03-12-2023 17:45,28.5,59,0
03-12-2023 18:00,27.6,63,0
03-12-2023 18:15,27.1,65,0
03-12-2023 18:30,26.8,66,0
03-12-2023 18:45,26.2,67,0
03-12-2023 19:00,25.9,69,0
03-12-2023 19:15,25.7,69,0
03-12-2023 19:30,24.6,73,0
03-12-2023 19:45,24.5,74,0
03-12-2023 20:00,24.3,75,0
03-12-2023 20:15,24.1,76,0
03-12-2023 20:30,24.1,77,0
03-12-2023 20:45,23.9,77,0
03-12-2023 21:00,23.6,75,0
03-12-2023 21:15,23.7,79,0
03-12-2023 21:30,23.4,81,0
03-12-2023 21:45,23.3,82,0
03-12-2023 22:00,23.1,84,0
03-12-2023 22:15,22.9,85,0
03-12-2023 22:30,22.6,86,0
03-12-2023 22:45,22.7,87,0
03-12-2023 23:00,22.5,87,0
03-12-2023 23:15,22.4,88,0
03-12-2023 23:30,22.3,88,0
03-12-2023 23:45,22.3,88,0
04-12-2023 00:00,22.3,88,0
04-12-2023 00:15,22.2,88,0
04-12-2023 00:30,22,89,0
04-12-2023 00:45,21.8,89,0
04-12-2023 01:00,21.8,89,0
04-12-2023 01:15,21.7,89,0
04-12-2023 01:30,21.5,89,0
04-12-2023 01:45,21.3,90,0
04-12-2023 02:00,21.1,90,0
04-12-2023 02:15,20.9,90,0
04-12-2023 02:30,20.9,90,0
04-12-2023 02:45,20.8,91,0
04-12-2023 03:00,20.9,91,0
04-12-2023 03:15,20.7,91,0
04-12-2023 03:30,20.5,91,0
04-12-2023 03:45,20.5,91,0
04-12-2023 04:00,20.4,91,0
04-12-2023 04:15,20.2,91,0
04-12-2023 04:30,20.3,92,0
04-12-2023 04:45,20.3,92,0
04-12-2023 05:00,20.2,92,0
04-12-2023 05:15,20.1,92,0
04-12-2023 05:30,20,92,0
04-12-2023 05:45,19.9,92,0
04-12-2023 06:00,19.6,92,0
04-12-2023 06:15,19.5,92,0
04-12-2023 06:30,19.4,93,0
04-12-2023 06:45,18.7,92,0
04-12-2023 07:15,18.3,93,0
04-12-2023 07:30,18.5,93,0
04-12-2023 07:45,19.2,93,0
04-12-2023 08:00,20.1,92,0
04-12-2023 08:15,20.9,91,0
04-12-2023 08:30,21.9,88,0
04-12-2023 08:45,23,87,0
04-12-2023 09:00,24.9,79,0
04-12-2023 09:15,26.3,72,0
04-12-2023 09:30,27.3,67,0
04-12-2023 09:45,27.6,66,0
04-12-2023 10:00,28.6,63,0
04-12-2023 10:15,28.2,59,0
04-12-2023 10:30,28.1,61,0
04-12-2023 10:45,28.5,59,0
04-12-2023 11:00,28.7,59,0
04-12-2023 11:15,29.3,57,0
04-12-2023 11:30,29.7,55,0
04-12-2023 11:45,29.7,53,0
04-12-2023 12:00,30.7,50,0
04-12-2023 12:15,30.2,52,0
04-12-2023 12:30,30.2,53,0
04-12-2023 12:45,30.4,52,0
04-12-2023 13:00,31.4,50,0
04-12-2023 13:15,30.7,50,0
04-12-2023 13:30,31.2,48,0
04-12-2023 13:45,31.3,47,0
04-12-2023 14:00,31.7,46,0
04-12-2023 14:15,32.1,46,0
04-12-2023 14:30,32.2,46,0
04-12-2023 14:45,31.9,45,0
04-12-2023 15:00,32,44,0
04-12-2023 15:15,31.6,45,0
04-12-2023 15:30,31.5,44,0
04-12-2023 15:45,31.7,43,0
04-12-2023 16:00,31.3,44,0
04-12-2023 16:15,30.5,43,0
04-12-2023 16:30,30.5,48,0
04-12-2023 16:45,31.2,47,0
04-12-2023 17:00,30.3,48,0
04-12-2023 17:15,29.9,49,0
04-12-2023 17:30,29.4,52,0
04-12-2023 18:15,26.7,59,0
04-12-2023 18:30,26.3,63,0
04-12-2023 18:45,26.2,63,0
04-12-2023 19:00,25.9,65,0
04-12-2023 19:15,25.9,63,0
04-12-2023 19:30,24.4,67,0
04-12-2023 19:45,23.7,71,0
04-12-2023 20:00,23.4,71,0
04-12-2023 20:15,23.2,74,0
04-12-2023 20:30,24.1,72,0
04-12-2023 20:45,24.7,69,0
04-12-2023 21:00,24.6,68,0
04-12-2023 21:30,24.4,70,0
04-12-2023 21:45,24.3,70,0
04-12-2023 22:00,23.9,71,0
04-12-2023 22:15,23.8,72,0
04-12-2023 22:30,23.4,73,0
04-12-2023 22:45,22.9,74,0
04-12-2023 23:00,22.2,78,0
04-12-2023 23:15,21.9,78,0
04-12-2023 23:30,21,82,0
04-12-2023 23:45,20.7,87,0
05-12-2023 00:00,20.2,88,0
05-12-2023 00:15,19.8,89,0
05-12-2023 00:30,19.9,89,0
05-12-2023 00:45,20.5,88,0
05-12-2023 01:00,20.7,88,0
05-12-2023 01:15,20.3,88,0
05-12-2023 01:30,19.8,89,0
05-12-2023 01:45,19.7,89,0
05-12-2023 02:00,19.5,89,0
05-12-2023 02:15,19.8,90,0
05-12-2023 02:30,20,90,0
05-12-2023 02:45,20.2,89,0
05-12-2023 03:00,19.8,89,0
05-12-2023 03:15,19.7,90,0
05-12-2023 03:30,19.7,90,0
05-12-2023 03:45,19.5,90,0
05-12-2023 04:00,19.4,90,0
05-12-2023 04:15,19.4,91,0
05-12-2023 04:30,19.2,90,0
05-12-2023 04:45,19,90,0
05-12-2023 05:00,19.1,91,0
05-12-2023 05:15,18.5,91,0
05-12-2023 05:30,18.5,92,0
05-12-2023 05:45,18.3,92,0
05-12-2023 06:00,18.4,92,0
05-12-2023 06:15,18.8,92,0
05-12-2023 06:30,18.9,91,0
05-12-2023 06:45,19.2,91,0
05-12-2023 07:00,19.4,91,0
05-12-2023 07:15,19.6,90,0
05-12-2023 07:30,19.6,90,0
05-12-2023 07:45,19.7,90,0
05-12-2023 08:00,20.3,90,0
05-12-2023 08:15,20.8,90,0
05-12-2023 08:30,21.5,89,0
05-12-2023 08:45,22.5,87,0
05-12-2023 09:00,23.2,84,0
05-12-2023 09:15,24.2,76,0
05-12-2023 09:30,24.3,73,0
05-12-2023 09:45,25.2,72,0
05-12-2023 10:00,25.5,68,0
05-12-2023 10:15,26.4,68,0
05-12-2023 10:30,26.6,66,0
05-12-2023 10:45,27.1,65,0
05-12-2023 11:00,27.5,64,0
05-12-2023 11:15,27.6,63,0
05-12-2023 11:30,28.1,62,0
05-12-2023 11:45,28.7,60,0
05-12-2023 12:00,28.5,59,0
05-12-2023 12:15,28.3,60,0
05-12-2023 12:30,28.2,58,0
05-12-2023 12:45,28.9,55,0
05-12-2023 13:00,29.7,54,0
05-12-2023 13:15,29.8,53,0
05-12-2023 13:30,30.3,52,0
05-12-2023 13:45,29.7,52,0
05-12-2023 14:00,29.2,53,0
05-12-2023 14:15,29.3,51,0
05-12-2023 14:30,29.7,50,0
05-12-2023 14:45,29.4,52,0
05-12-2023 15:00,30,49,0
05-12-2023 15:15,30.8,50,0
05-12-2023 15:30,30.1,50,0
05-12-2023 15:45,29.4,52,0
05-12-2023 16:00,29.6,49,0
05-12-2023 16:15,29.6,52,0
05-12-2023 16:30,29.2,50,0
05-12-2023 16:45,29,52,0
05-12-2023 17:00,28.7,52,0
05-12-2023 17:15,28.2,55,0
05-12-2023 17:30,27.7,57,0
05-12-2023 17:45,27.1,59,0
05-12-2023 18:00,26.6,60,0
05-12-2023 18:15,26.2,62,0
05-12-2023 18:30,25.9,63,0
05-12-2023 18:45,25.6,64,0
05-12-2023 19:00,25.2,65,0
05-12-2023 19:15,24.6,68,0
05-12-2023 19:30,23.8,69,0
05-12-2023 19:45,23.2,72,0
05-12-2023 20:00,22.6,74,0
05-12-2023 20:15,22.2,76,0
05-12-2023 20:30,22.2,77,0
05-12-2023 20:45,22,77,0
05-12-2023 21:00,21.8,79,0
05-12-2023 21:30,20.9,86,0
05-12-2023 21:45,20.9,86,0
05-12-2023 22:00,20.7,86,0
05-12-2023 22:15,20.7,85,0
05-12-2023 22:30,21.1,85,0
05-12-2023 22:45,21.2,86,0
05-12-2023 23:00,21,87,0
05-12-2023 23:15,21.3,86,0
05-12-2023 23:30,21.3,86,0
05-12-2023 23:45,21,88,0
06-12-2023 00:00,21.6,88,0
06-12-2023 00:15,21.7,88,0
06-12-2023 00:30,21.5,88,0
06-12-2023 00:45,21.6,88,0
06-12-2023 01:00,21.6,88,0
06-12-2023 01:15,21.5,88,0
06-12-2023 01:30,21,88,0
06-12-2023 01:45,20.7,89,0
06-12-2023 02:00,20.5,89,0
06-12-2023 02:15,20.2,90,0
06-12-2023 02:30,20,90,0
06-12-2023 02:45,19.9,90,0
06-12-2023 03:00,19.8,91,0
06-12-2023 03:15,19.4,91,0
06-12-2023 03:30,19.6,92,0
06-12-2023 03:45,19.8,91,0
06-12-2023 04:00,20.2,91,0
06-12-2023 04:15,20.4,90,0
06-12-2023 04:30,20.1,90,0
06-12-2023 04:45,19.8,91,0
06-12-2023 05:00,20,91,0
06-12-2023 05:15,20.1,91,0
06-12-2023 05:30,20.2,91,0
06-12-2023 05:45,20.4,91,0
06-12-2023 06:00,20.6,90,0
06-12-2023 06:15,20.9,90,0
06-12-2023 06:30,20.8,91,0
06-12-2023 06:45,20.8,91,0
06-12-2023 07:00,20.8,91,0
06-12-2023 07:15,20.9,91,0
06-12-2023 07:30,21,91,0
06-12-2023 07:45,21.2,91,0
06-12-2023 08:00,21.6,90,0
06-12-2023 08:15,22,88,0
06-12-2023 08:30,22.3,88,0
06-12-2023 08:45,22.6,87,0
06-12-2023 09:00,23.1,86,0
06-12-2023 09:15,23.2,85,0
06-12-2023 09:30,23.5,82,0
06-12-2023 09:45,24.2,78,0
06-12-2023 10:00,25.1,73,0
06-12-2023 10:15,25.5,71,0
06-12-2023 10:30,25.1,70,0
06-12-2023 10:45,25.2,71,0
06-12-2023 11:00,25,70,0
06-12-2023 11:15,25.2,70,0
06-12-2023 11:30,26.5,65,0
06-12-2023 11:45,26.4,64,0
06-12-2023 12:00,26.1,66,0
06-12-2023 12:15,25.6,67,0
06-12-2023 12:30,25.9,68,0
06-12-2023 12:45,25.4,68,0
06-12-2023 13:00,25.1,70,0
06-12-2023 13:15,25.2,68,0
06-12-2023 13:30,25.9,65,0
06-12-2023 13:45,26.3,65,0
06-12-2023 14:00,27.1,60,0
06-12-2023 14:15,26.2,64,0
06-12-2023 14:30,27.6,56,0
06-12-2023 14:45,27.6,56,0
06-12-2023 15:00,27.9,58,0
06-12-2023 15:15,28,59,0
06-12-2023 15:30,26.9,62,0
06-12-2023 15:45,27.3,60,0
06-12-2023 16:00,27.9,59,0
06-12-2023 16:15,26.8,62,0
06-12-2023 16:30,26.9,62,0
06-12-2023 16:45,26.5,64,0
06-12-2023 17:00,25.9,65,0
06-12-2023 17:15,25.7,65,0
06-12-2023 17:30,24.9,68,0
06-12-2023 17:45,24.3,71,0
06-12-2023 18:00,23.7,73,0
06-12-2023 18:15,23.2,74,0
06-12-2023 18:30,22.8,75,0
06-12-2023 18:45,22.8,75,0
06-12-2023 19:00,22.6,76,0
06-12-2023 19:15,22.3,77,0
06-12-2023 19:30,21.9,78,0
06-12-2023 19:45,21.7,79,0
06-12-2023 20:00,21.9,79,0
06-12-2023 20:15,21.5,79,0
06-12-2023 20:30,20.7,84,0
06-12-2023 20:45,20.1,86,0
06-12-2023 21:00,20.2,87,0
06-12-2023 21:15,20,87,0
06-12-2023 21:30,19.9,87,0
06-12-2023 21:45,20.2,87,0
06-12-2023 22:00,19.4,88,0
06-12-2023 22:15,19.3,89,0
06-12-2023 22:30,19.4,88,0
06-12-2023 22:45,19.6,87,0
06-12-2023 23:00,19.4,88,0
06-12-2023 23:15,18.6,89,0
06-12-2023 23:30,18.3,90,0
06-12-2023 23:45,18.3,91,0
07-12-2023 00:00,18,91,0
07-12-2023 00:15,18,91,0
07-12-2023 00:30,17.8,92,0
07-12-2023 00:45,17.8,92,0
07-12-2023 01:00,17.5,92,0
07-12-2023 01:15,17.4,92,0
07-12-2023 01:30,16.9,92,0
07-12-2023 01:45,16.9,92,0
07-12-2023 02:00,17,93,0
07-12-2023 02:15,16.6,93,0
07-12-2023 02:30,16.5,93,0
07-12-2023 02:45,16.6,93,0
07-12-2023 03:00,16.5,93,0
07-12-2023 03:15,16.4,93,0
07-12-2023 03:30,16.7,93,0
07-12-2023 03:45,16.7,93,0
07-12-2023 04:00,16.5,93,0
07-12-2023 04:15,16.7,94,0
07-12-2023 04:30,16.7,93,0
07-12-2023 04:45,16.8,93,0
07-12-2023 05:00,16.7,93,0
07-12-2023 05:15,16.7,93,0
07-12-2023 05:30,16.8,93,0
07-12-2023 05:45,16.7,93,0
07-12-2023 06:00,16.7,93,0
07-12-2023 06:15,16.4,93,0
07-12-2023 06:30,16.1,93,0
07-12-2023 06:45,16.2,93,0
07-12-2023 07:00,16,93,0
07-12-2023 07:15,16.1,94,0
07-12-2023 07:30,16.2,93,0
07-12-2023 07:45,17.1,94,0
07-12-2023 08:00,17.7,93,0
07-12-2023 08:15,18.2,93,0
07-12-2023 08:30,19,92,0
07-12-2023 08:45,19.8,91,0
07-12-2023 09:00,20.4,90,0
07-12-2023 09:15,20.8,89,0
07-12-2023 09:30,21.5,88,0
07-12-2023 09:45,21.4,87,0
07-12-2023 10:00,22,87,0
07-12-2023 10:15,22.8,86,0
07-12-2023 10:30,24,81,0
07-12-2023 10:45,24.4,75,0
07-12-2023 11:00,24.5,74,0
07-12-2023 11:15,25.6,72,0
07-12-2023 11:30,26,69,0
07-12-2023 11:45,26.3,70,0
07-12-2023 12:00,25.1,70,0
07-12-2023 12:15,25.7,68,0
07-12-2023 12:30,27.1,63,0
07-12-2023 12:45,27.1,62,0
07-12-2023 13:00,28,60,0
07-12-2023 13:15,27.5,62,0
07-12-2023 13:30,28,58,0
07-12-2023 13:45,28.8,56,0
07-12-2023 14:00,27.9,58,0
07-12-2023 14:15,28.6,56,0
07-12-2023 14:30,29.1,54,0
07-12-2023 14:45,29.7,52,0
07-12-2023 15:00,29.9,51,0
07-12-2023 15:15,29.4,52,0
07-12-2023 15:30,29.8,51,0
07-12-2023 16:00,29.5,51,0
07-12-2023 16:15,29.5,52,0
07-12-2023 16:30,28.7,55,0
07-12-2023 16:45,28.1,55,0
07-12-2023 17:00,27.6,58,0
07-12-2023 17:15,27.1,60,0
07-12-2023 17:30,26.2,64,0
07-12-2023 17:45,25.5,67,0
07-12-2023 18:00,24.9,68,0
07-12-2023 18:15,24.3,69,0
07-12-2023 18:30,23.9,72,0
07-12-2023 18:45,23.2,72,0
07-12-2023 19:00,22.7,74,0
07-12-2023 19:15,22.4,78,0
07-12-2023 19:30,22.1,80,0
07-12-2023 19:45,21.9,82,0
07-12-2023 20:00,21.5,83,0
07-12-2023 20:15,21.3,86,0
07-12-2023 20:30,21.1,87,0
07-12-2023 20:45,20.6,87,0
07-12-2023 21:00,20.4,87,0
07-12-2023 21:15,20.3,88,0
07-12-2023 21:30,20.3,88,0
07-12-2023 21:45,20.4,89,0
07-12-2023 22:00,20.2,88,0
07-12-2023 22:15,20.3,89,0
07-12-2023 22:30,20,88,0
07-12-2023 22:45,19.9,89,0
07-12-2023 23:00,19.8,90,0
07-12-2023 23:15,19.7,89,0
07-12-2023 23:30,19.6,90,0
07-12-2023 23:45,19.5,90,0
08-12-2023 00:00,19.4,90,0
08-12-2023 00:15,19.5,90,0
08-12-2023 00:30,19.3,90,0
08-12-2023 00:45,19.2,90,0
08-12-2023 01:00,19.2,90,0
08-12-2023 01:15,19.1,91,0
08-12-2023 01:30,19,91,0
08-12-2023 01:45,18.6,91,0
08-12-2023 02:00,18.4,91,0
08-12-2023 02:15,18.4,92,0
08-12-2023 02:30,18.3,92,0
08-12-2023 02:45,18.3,92,0
08-12-2023 03:00,18.2,92,0
08-12-2023 03:15,18.1,92,0
08-12-2023 03:30,18.1,92,0
08-12-2023 03:45,18.1,92,0
08-12-2023 04:00,17.9,92,0
08-12-2023 04:15,17.7,92,0
08-12-2023 04:30,17.2,92,0
08-12-2023 04:45,16.9,93,0
08-12-2023 05:00,17.3,93,0
08-12-2023 05:15,17.5,93,0
08-12-2023 05:30,17,93,0
08-12-2023 05:45,17.3,93,0
08-12-2023 06:00,17.1,93,0
08-12-2023 06:15,16.8,93,0
08-12-2023 06:30,16.5,93,0
08-12-2023 06:45,16.4,93,0
08-12-2023 07:00,16.4,93,0
08-12-2023 07:15,16.3,93,0
08-12-2023 07:30,16.7,94,0
08-12-2023 07:45,17.2,94,0
08-12-2023 08:00,17.8,93,0
08-12-2023 08:15,18.2,92,0
08-12-2023 08:30,19.3,91,0
08-12-2023 08:45,20.3,90,0
08-12-2023 09:00,21.1,88,0
08-12-2023 09:15,22.6,83,0
08-12-2023 09:30,24.8,74,0
08-12-2023 09:45,25.6,72,0
08-12-2023 10:00,25.2,71,0
08-12-2023 10:15,25.2,73,0
08-12-2023 10:30,25.7,71,0
08-12-2023 10:45,25.9,70,0
08-12-2023 11:00,26.1,71,0
08-12-2023 11:15,26.2,68,0
08-12-2023 11:30,26.7,68,0
08-12-2023 11:45,26.8,66,0
08-12-2023 12:00,27.8,65,0
08-12-2023 12:15,27.9,63,0
08-12-2023 12:30,28,59,0
08-12-2023 12:45,28.9,57,0
08-12-2023 13:00,28.8,56,0
08-12-2023 13:15,29.4,53,0
08-12-2023 13:30,29.4,52,0
08-12-2023 13:45,30.5,48,0
08-12-2023 14:00,30.1,48,0
08-12-2023 14:15,30,45,0
08-12-2023 14:30,29.3,48,0
08-12-2023 14:45,30.6,47,0
08-12-2023 15:00,30.7,46,0
08-12-2023 15:15,31.5,43,0
08-12-2023 15:30,31.2,41,0
08-12-2023 15:45,30.9,41,0
08-12-2023 16:00,30.9,40,0
08-12-2023 16:15,31.4,40,0
08-12-2023 16:30,31.5,39,0
08-12-2023 16:45,30.6,42,0
08-12-2023 17:00,29.8,47,0
08-12-2023 17:15,28.7,51,0
08-12-2023 17:30,27.6,48,0
08-12-2023 17:45,26.5,59,0
08-12-2023 18:00,25.7,59,0
08-12-2023 18:15,25,63,0
08-12-2023 18:30,24.4,65,0
08-12-2023 19:00,23.7,67,0
08-12-2023 19:15,23.2,69,0
08-12-2023 19:45,21.8,75,0
08-12-2023 20:00,21.7,75,0
08-12-2023 20:15,21.9,74,0
08-12-2023 20:30,22.4,73,0
08-12-2023 20:45,21.9,76,0
08-12-2023 21:00,22.3,74,0
08-12-2023 21:15,22.3,74,0
08-12-2023 21:30,21.9,77,0
08-12-2023 21:45,21.8,78,0
08-12-2023 22:00,21.9,77,0
08-12-2023 22:15,21.9,76,0
08-12-2023 22:30,21.6,78,0
08-12-2023 22:45,21.3,79,0
08-12-2023 23:00,21.1,80,0
08-12-2023 23:15,20.6,85,0
08-12-2023 23:30,19.5,87,0
08-12-2023 23:45,19.2,88,0
09-12-2023 00:00,19.2,88,0
09-12-2023 00:15,19.6,89,0
09-12-2023 00:30,19.7,88,0
09-12-2023 00:45,19.6,88,0
09-12-2023 01:00,19.2,89,0
09-12-2023 01:15,19.1,89,0
09-12-2023 01:30,19.1,89,0
09-12-2023 01:45,18.9,90,0
09-12-2023 02:00,18.8,90,0
09-12-2023 02:30,18.9,90,0
09-12-2023 02:45,18.6,90,0
09-12-2023 03:00,18.5,90,0
09-12-2023 03:15,18.5,90,0
09-12-2023 03:30,18.4,90,0
09-12-2023 03:45,18.4,91,0
09-12-2023 04:00,18.2,91,0
09-12-2023 04:15,18,91,0
09-12-2023 04:30,17.9,91,0
09-12-2023 04:45,17.8,91,0
09-12-2023 05:00,17.1,92,0
09-12-2023 05:15,16.7,92,0
09-12-2023 05:30,16.6,92,0
09-12-2023 05:45,16.9,93,0
09-12-2023 06:00,16.9,93,0
09-12-2023 06:15,16.8,93,0
09-12-2023 06:45,16.7,93,0
09-12-2023 07:00,16.8,93,0
09-12-2023 07:15,17,93,0
09-12-2023 07:30,17.5,93,0
09-12-2023 07:45,18.2,92,0
09-12-2023 08:00,19.1,90,0
09-12-2023 08:15,19.7,88,0
09-12-2023 08:30,20.9,86,0
09-12-2023 08:45,22.3,79,0
09-12-2023 09:00,24.1,73,0
09-12-2023 09:30,25,69,0
09-12-2023 09:45,25.5,70,0
09-12-2023 10:00,25.3,68,0
09-12-2023 10:15,25.5,65,0
09-12-2023 10:30,25.9,63,0
09-12-2023 10:45,26.1,59,0
09-12-2023 11:00,26.8,60,0
09-12-2023 11:15,26.9,59,0
09-12-2023 11:30,26.9,60,0
09-12-2023 11:45,27,58,0
09-12-2023 12:00,27.8,59,0
09-12-2023 12:15,28.1,58,0
09-12-2023 12:30,28.1,57,0
09-12-2023 12:45,29.1,55,0
09-12-2023 13:00,28.5,55,0
09-12-2023 13:15,29.5,53,0
09-12-2023 13:30,29.7,50,0
09-12-2023 13:45,29.8,52,0
09-12-2023 14:00,30.1,51,0
09-12-2023 14:15,29.8,49,0
09-12-2023 14:30,30.5,48,0
09-12-2023 14:45,31,48,0
09-12-2023 15:00,29.3,49,0
09-12-2023 15:15,31.7,44,0
09-12-2023 15:30,31.8,44,0
09-12-2023 15:45,30.7,46,0
09-12-2023 16:00,30.8,44,0
09-12-2023 16:15,31.4,42,0
09-12-2023 16:30,31.3,41,0
09-12-2023 16:45,31.1,41,0
09-12-2023 17:00,30.4,43,0
09-12-2023 17:15,30,45,0
09-12-2023 17:30,28.8,49,0
09-12-2023 17:45,27.8,54,0
09-12-2023 18:00,26.9,57,0
09-12-2023 18:15,26.4,58,0
09-12-2023 18:30,26,59,0
09-12-2023 18:45,25.5,61,0
09-12-2023 19:00,24.6,63,0
09-12-2023 19:15,23.4,67,0
09-12-2023 19:30,22.5,71,0
09-12-2023 19:45,22.1,72,0
09-12-2023 20:00,22.3,72,0
09-12-2023 20:15,21.8,74,0
09-12-2023 20:30,21.9,74,0
09-12-2023 21:00,22.1,72,0
09-12-2023 21:15,21.7,73,0
09-12-2023 21:45,21.2,79,0
09-12-2023 22:00,21.2,78,0
09-12-2023 22:15,21.1,77,0
09-12-2023 22:30,20.8,79,0
09-12-2023 22:45,19.9,83,0
09-12-2023 23:00,20.2,82,0
09-12-2023 23:15,20,83,0
09-12-2023 23:30,19.8,85,0
09-12-2023 23:45,19.7,83,0
10-12-2023 00:00,19.4,86,0
10-12-2023 00:15,19.6,86,0
10-12-2023 00:30,19.3,87,0
10-12-2023 00:45,19,87,0
10-12-2023 01:00,18.4,88,0
10-12-2023 01:15,18.1,88,0
10-12-2023 01:30,18,89,0
10-12-2023 01:45,17.7,89,0
10-12-2023 02:00,17.4,90,0
10-12-2023 02:15,17.2,90,0
10-12-2023 02:30,17.2,91,0
10-12-2023 02:45,17,91,0
10-12-2023 03:00,16.8,92,0
10-12-2023 03:15,16.8,92,0
10-12-2023 03:30,16.4,92,0
10-12-2023 03:45,16.7,92,0
10-12-2023 04:00,17,92,0
10-12-2023 04:15,17,92,0
10-12-2023 04:30,17.2,92,0
10-12-2023 04:45,17.1,91,0
10-12-2023 05:00,17.2,91,0
10-12-2023 05:15,17.2,91,0
10-12-2023 05:30,16.8,91,0
10-12-2023 05:45,16.7,92,0
10-12-2023 06:00,16.7,92,0
10-12-2023 06:15,16.7,92,0
10-12-2023 06:30,16.7,92,0
10-12-2023 06:45,16.8,92,0
10-12-2023 07:00,16.7,92,0
10-12-2023 07:15,16.8,92,0
10-12-2023 07:30,17.2,91,0
10-12-2023 07:45,17.4,91,0
10-12-2023 08:00,17.7,91,0
10-12-2023 08:15,18.6,90,0
10-12-2023 08:30,19.5,88,0
10-12-2023 08:45,20.3,86,0
10-12-2023 09:00,21.4,85,0
10-12-2023 09:15,23.3,75,0
10-12-2023 09:30,24.8,69,0
10-12-2023 09:45,25.3,66,0
10-12-2023 10:00,25.7,63,0
10-12-2023 10:15,25.5,61,0
10-12-2023 10:30,26.4,60,0
10-12-2023 10:45,26.9,59,0
10-12-2023 11:00,26.5,57,0
10-12-2023 11:15,26.8,54,0
10-12-2023 11:30,27.8,54,0
10-12-2023 11:45,27.7,54,0
10-12-2023 12:00,28.5,55,0
10-12-2023 12:15,28.5,49,0
10-12-2023 12:30,28.5,50,0
10-12-2023 12:45,28.6,49,0
10-12-2023 13:00,29.1,49,0
10-12-2023 13:15,29.2,47,0
10-12-2023 13:30,29.5,48,0
10-12-2023 13:45,29.9,46,0
10-12-2023 14:00,30.7,45,0
10-12-2023 14:15,30.8,44,0
10-12-2023 14:30,31.5,42,0
10-12-2023 14:45,31.9,39,0
10-12-2023 15:00,31.9,40,0
10-12-2023 15:15,32,39,0
10-12-2023 15:30,32.7,39,0
10-12-2023 15:45,31.2,40,0
10-12-2023 16:00,32.6,39,0
10-12-2023 16:15,31.8,39,0
10-12-2023 16:30,31.6,39,0
10-12-2023 16:45,31.4,35,0
10-12-2023 17:00,31.1,39,0
10-12-2023 17:15,30.1,43,0
10-12-2023 17:30,28.9,47,0
10-12-2023 17:45,27.5,51,0
10-12-2023 18:00,26.9,54,0
10-12-2023 18:15,26.2,57,0
10-12-2023 18:30,25.4,61,0
10-12-2023 18:45,24.8,62,0
10-12-2023 19:00,24.2,64,0
10-12-2023 19:15,23.2,67,0
10-12-2023 19:30,23.6,66,0
10-12-2023 19:45,24.4,62,0
10-12-2023 20:00,22.6,68,0
10-12-2023 20:15,22.2,70,0
10-12-2023 20:30,22.4,68,0
10-12-2023 20:45,22,71,0
10-12-2023 21:00,21.3,73,0
10-12-2023 21:15,21.1,74,0
10-12-2023 21:30,20.8,77,0
10-12-2023 21:45,20.3,79,0
10-12-2023 22:00,20.2,82,0
10-12-2023 22:15,20.4,83,0
10-12-2023 22:30,20.9,85,0
10-12-2023 22:45,21.3,80,0
10-12-2023 23:00,21.7,75,0
10-12-2023 23:15,21.6,75,0
10-12-2023 23:30,21.1,77,0
10-12-2023 23:45,21.1,80,0
11-12-2023 00:00,21.5,78,0
11-12-2023 00:15,21.7,77,0
11-12-2023 00:30,21.5,79,0
11-12-2023 00:45,21.2,81,0
11-12-2023 01:00,20.6,83,0
11-12-2023 01:15,19.8,86,0
11-12-2023 01:30,19.6,88,0
11-12-2023 01:45,19.6,89,0
11-12-2023 02:00,19.4,89,0
11-12-2023 02:15,19.1,89,0
11-12-2023 02:30,18.9,90,0
11-12-2023 02:45,19,89,0
11-12-2023 03:00,19.2,89,0
11-12-2023 03:15,19.2,89,0
11-12-2023 03:30,18.9,89,0
11-12-2023 03:45,18.9,90,0
11-12-2023 04:00,18.7,90,0
11-12-2023 04:15,19,90,0
11-12-2023 04:30,18.8,90,0
11-12-2023 04:45,18.6,90,0
11-12-2023 05:00,18.5,90,0
11-12-2023 05:15,18.2,90,0
11-12-2023 05:30,17.4,91,0
11-12-2023 05:45,17.1,91,0
11-12-2023 06:00,16.7,92,0
11-12-2023 06:15,17.2,92,0
11-12-2023 06:30,17.3,92,0
11-12-2023 06:45,17.3,92,0
11-12-2023 07:00,17.1,92,0
11-12-2023 07:15,17,92,0
11-12-2023 07:30,17.3,91,0
11-12-2023 07:45,18,90,0
11-12-2023 08:00,18.8,89,0
11-12-2023 08:15,19.9,86,0
11-12-2023 08:45,21.7,76,0
11-12-2023 09:00,22.6,72,0
11-12-2023 09:15,24.4,68,0
11-12-2023 09:30,25.5,61,0
11-12-2023 09:45,25.5,58,0
11-12-2023 10:00,25.4,57,0
11-12-2023 10:15,26,55,0
11-12-2023 10:30,26.3,52,0
11-12-2023 10:45,26.7,53,0
11-12-2023 11:00,27.3,51,0
11-12-2023 11:30,27.8,48,0
11-12-2023 11:45,28.4,47,0
11-12-2023 12:00,28.7,47,0
11-12-2023 12:15,28.6,47,0
11-12-2023 12:30,29.4,45,0
11-12-2023 12:45,30.2,41,0
11-12-2023 13:00,30.2,40,0
11-12-2023 13:15,30.3,40,0
11-12-2023 13:30,31.1,40,0
11-12-2023 13:45,31.3,39,0
11-12-2023 14:00,31.1,39,0
11-12-2023 14:15,31.2,40,0
11-12-2023 14:30,32.3,37,0
11-12-2023 14:45,31.9,39,0
11-12-2023 15:00,31.8,38,0
11-12-2023 15:15,31.7,39,0
11-12-2023 15:30,31.3,38,0
11-12-2023 15:45,32.1,37,0
11-12-2023 16:00,32,37,0
11-12-2023 16:15,31.7,38,0
11-12-2023 16:30,31.3,40,0
11-12-2023 16:45,31,41,0
11-12-2023 17:00,30.4,40,0
11-12-2023 17:15,30.1,42,0
11-12-2023 17:30,29.4,44,0
11-12-2023 17:45,28.2,46,0
11-12-2023 18:00,27.3,48,0
11-12-2023 18:15,26.6,51,0
11-12-2023 18:30,26.2,52,0
11-12-2023 18:45,25.8,53,0
11-12-2023 19:00,25.5,53,0
11-12-2023 19:15,25.2,53,0
11-12-2023 19:30,24.8,55,0
11-12-2023 19:45,23.6,59,0
11-12-2023 20:00,22.9,64,0
11-12-2023 20:15,23.1,64,0
11-12-2023 20:30,22.8,63,0
11-12-2023 20:45,21.9,70,0
11-12-2023 21:00,22.1,66,0
11-12-2023 21:15,21.1,72,0
11-12-2023 21:30,20.7,74,0
11-12-2023 21:45,20.1,75,0
11-12-2023 22:00,20.2,74,0
11-12-2023 22:15,20.2,75,0
11-12-2023 22:30,19.5,81,0
11-12-2023 22:45,19.2,82,0
11-12-2023 23:00,19.2,83,0
11-12-2023 23:15,18.9,85,0
11-12-2023 23:30,18.9,85,0
11-12-2023 23:45,18.5,85,0
12-12-2023 00:00,18.7,85,0
12-12-2023 00:15,19.2,86,0
12-12-2023 00:30,19.2,85,0
12-12-2023 00:45,19,86,0
12-12-2023 01:00,18.1,88,0
12-12-2023 01:15,17.7,89,0
12-12-2023 01:30,17.6,89,0
12-12-2023 01:45,18,89,0
12-12-2023 02:00,18.2,89,0
12-12-2023 02:15,18.6,88,0
12-12-2023 02:30,18.6,88,0
12-12-2023 02:45,18.5,88,0
12-12-2023 03:00,18.2,88,0
12-12-2023 03:15,18,89,0
12-12-2023 03:30,17.8,89,0
12-12-2023 03:45,17.8,89,0
12-12-2023 04:00,17.8,89,0
12-12-2023 04:15,17.6,89,0
12-12-2023 04:30,17.6,89,0
12-12-2023 04:45,17.4,89,0
12-12-2023 05:00,17.5,90,0
12-12-2023 05:15,17.2,90,0
12-12-2023 05:30,17.1,91,0
12-12-2023 05:45,17.1,90,0
12-12-2023 06:00,17.1,90,0
12-12-2023 06:15,16.9,91,0
12-12-2023 06:30,16.8,91,0
12-12-2023 06:45,16.8,91,0
12-12-2023 07:00,16.7,91,0
12-12-2023 07:15,16.2,91,0
12-12-2023 07:30,16.4,92,0
12-12-2023 07:45,16.9,91,0
12-12-2023 08:00,17.7,91,0
12-12-2023 08:15,19,89,0
12-12-2023 08:30,20,86,0
12-12-2023 08:45,20.4,83,0
12-12-2023 09:00,21.1,82,0
12-12-2023 09:15,22,78,0
12-12-2023 09:30,23.4,72,0
12-12-2023 09:45,24.4,68,0
12-12-2023 10:00,25.9,62,0
12-12-2023 10:15,26.5,57,0
12-12-2023 10:30,26.7,55,0
12-12-2023 10:45,26.7,54,0
12-12-2023 11:00,27.1,52,0
12-12-2023 11:15,27.5,52,0
12-12-2023 11:30,28.1,51,0
12-12-2023 12:00,28.4,48,0
12-12-2023 12:15,28.8,47,0
12-12-2023 12:45,29.8,42,0
12-12-2023 13:00,29.5,41,0
12-12-2023 13:15,30,41,0
12-12-2023 13:30,31,41,0
12-12-2023 13:45,29.5,43,0
12-12-2023 14:00,30.3,44,0
12-12-2023 14:15,30.2,41,0
12-12-2023 14:30,31.5,38,0
12-12-2023 14:45,32.1,37,0
12-12-2023 15:00,31.4,37,0
12-12-2023 15:15,31.4,38,0
12-12-2023 15:30,31.1,39,0
12-12-2023 15:45,31.2,37,0
12-12-2023 16:00,30.9,36,0
12-12-2023 16:15,30.7,36,0
12-12-2023 16:30,30.4,33,0
12-12-2023 16:45,30.3,37,0
12-12-2023 17:00,29.9,39,0
12-12-2023 17:15,29.1,41,0
12-12-2023 17:30,28,45,0
12-12-2023 17:45,26.6,47,0
12-12-2023 18:00,25.7,52,0
12-12-2023 18:15,24.9,60,0
12-12-2023 18:30,25.1,57,0
12-12-2023 18:45,24.9,60,0
12-12-2023 19:00,24.9,61,0
12-12-2023 19:15,24.9,61,0
12-12-2023 19:30,24.4,63,0
12-12-2023 19:45,23.2,66,0
12-12-2023 20:00,22.6,67,0
12-12-2023 20:15,22.3,69,0
12-12-2023 20:45,21.1,73,0
12-12-2023 21:00,20.5,79,0
12-12-2023 21:15,20.7,79,0
12-12-2023 21:30,20.2,80,0
12-12-2023 21:45,19.8,83,0
12-12-2023 22:00,19.4,85,0
12-12-2023 22:15,19.3,87,0
12-12-2023 22:30,19,87,0
12-12-2023 22:45,18.8,87,0
12-12-2023 23:00,18.4,87,0
12-12-2023 23:30,18.7,88,0
12-12-2023 23:45,18.6,89,0
13-12-2023 00:00,18.3,89,0
13-12-2023 00:15,17.7,89,0
13-12-2023 00:30,17.5,89,0
13-12-2023 00:45,17.4,90,0
13-12-2023 01:00,17.5,90,0
13-12-2023 01:15,17.7,90,0
13-12-2023 01:30,17.5,89,0
13-12-2023 01:45,17.7,90,0
13-12-2023 02:00,17.6,90,0
13-12-2023 02:15,17.5,90,0
13-12-2023 02:30,17.5,90,0
13-12-2023 02:45,17.2,90,0
13-12-2023 03:00,17.4,90,0
13-12-2023 03:15,17.3,90,0
13-12-2023 03:30,17.3,90,0
13-12-2023 03:45,17.5,90,0
13-12-2023 04:00,17.2,90,0
13-12-2023 04:15,16.9,90,0
13-12-2023 04:30,16.9,91,0
13-12-2023 04:45,16.8,91,0
13-12-2023 05:00,16.6,91,0
13-12-2023 05:15,16.6,91,0
13-12-2023 05:30,16.6,91,0
13-12-2023 05:45,16.7,91,0
13-12-2023 06:00,16.8,91,0
13-12-2023 06:15,16.7,91,0
13-12-2023 06:45,16.4,91,0
13-12-2023 07:00,16.3,91,0
13-12-2023 07:15,16.3,91,0
13-12-2023 07:30,16.7,91,0
13-12-2023 07:45,17.3,90,0
13-12-2023 08:00,18.1,89,0
13-12-2023 08:15,19.3,87,0
13-12-2023 08:30,20.2,83,0
13-12-2023 08:45,21.7,75,0
13-12-2023 09:00,23,70,0
13-12-2023 09:15,24.2,66,0
13-12-2023 09:30,26,61,0
13-12-2023 09:45,26.2,57,0
13-12-2023 10:00,26.5,56,0
13-12-2023 10:15,26.3,56,0
13-12-2023 10:30,26.3,58,0
13-12-2023 10:45,26.5,55,0
13-12-2023 11:00,26.9,54,0
13-12-2023 11:30,27.8,50,0
13-12-2023 11:45,27.4,47,0
13-12-2023 12:00,27.9,48,0
13-12-2023 12:15,28.2,46,0
13-12-2023 12:30,28.4,45,0
13-12-2023 12:45,29.2,45,0
13-12-2023 13:00,29.9,41,0
13-12-2023 13:30,29.9,40,0
13-12-2023 13:45,29.7,39,0
13-12-2023 14:00,30.4,38,0
13-12-2023 14:30,30.5,37,0
13-12-2023 14:45,30.7,37,0
13-12-2023 15:00,30.4,37,0
13-12-2023 15:15,31,37,0
13-12-2023 15:30,30.4,38,0
13-12-2023 15:45,30,39,0
13-12-2023 16:00,30.6,37,0
13-12-2023 16:15,29.6,39,0
13-12-2023 16:30,29.7,41,0
13-12-2023 16:45,29,41,0
13-12-2023 17:00,29,41,0
13-12-2023 17:15,28.1,44,0
13-12-2023 17:30,27.4,45,0
13-12-2023 18:00,25.9,50,0
13-12-2023 18:15,25.4,52,0
13-12-2023 18:45,24.3,54,0
13-12-2023 19:00,23.6,56,0
13-12-2023 19:15,22.3,59,0
13-12-2023 19:30,22.5,59,0
13-12-2023 19:45,21.7,63,0
13-12-2023 20:00,21.3,65,0
13-12-2023 20:15,21,66,0
13-12-2023 20:30,21.1,64,0
13-12-2023 20:45,20.9,67,0
13-12-2023 21:00,20.7,66,0
13-12-2023 21:15,20.7,67,0
13-12-2023 21:30,21.1,67,0
13-12-2023 21:45,21.1,67,0
13-12-2023 22:00,20.6,68,0
13-12-2023 22:15,21.3,68,0
13-12-2023 22:30,22.2,65,0
13-12-2023 22:45,21.4,66,0
13-12-2023 23:00,20.4,70,0
13-12-2023 23:15,20,72,0
13-12-2023 23:30,19.7,71,0
13-12-2023 23:45,20,72,0
14-12-2023 00:00,19.8,71,0
14-12-2023 00:15,19.6,72,0
14-12-2023 00:30,18.6,76,0
14-12-2023 00:45,18.3,78,0
14-12-2023 01:00,18.3,76,0
14-12-2023 01:15,19.1,74,0
14-12-2023 01:30,19.1,73,0
14-12-2023 01:45,19.8,71,0
14-12-2023 02:00,20.1,70,0
14-12-2023 02:15,20.1,70,0
14-12-2023 02:30,19.7,71,0
14-12-2023 02:45,19.3,73,0
14-12-2023 03:00,18.2,76,0
14-12-2023 03:15,17.5,80,0
14-12-2023 03:30,17,83,0
14-12-2023 03:45,17.1,85,0
14-12-2023 04:00,16.7,86,0
14-12-2023 04:15,16.2,88,0
14-12-2023 04:30,15.8,88,0
14-12-2023 05:00,15.5,89,0
14-12-2023 05:15,15.7,89,0
14-12-2023 05:45,15.9,89,0
14-12-2023 06:00,16,89,0
14-12-2023 06:15,15.7,89,0
14-12-2023 06:30,15.6,89,0
14-12-2023 06:45,15.6,90,0
14-12-2023 07:00,15.6,90,0
14-12-2023 07:15,15.9,90,0
14-12-2023 07:30,16.1,89,0
14-12-2023 07:45,16.5,89,0
14-12-2023 08:00,17,88,0
14-12-2023 08:30,18.8,82,0
14-12-2023 08:45,19.9,76,0
14-12-2023 09:00,21.6,72,0
14-12-2023 09:15,22.8,65,0
14-12-2023 09:30,23.1,63,0
14-12-2023 09:45,23.4,61,0
14-12-2023 10:00,23.7,59,0
14-12-2023 10:15,24.2,58,0
14-12-2023 10:30,24.4,57,0
14-12-2023 10:45,25.1,56,0
14-12-2023 11:00,25.4,55,0
14-12-2023 11:15,25.7,54,0
14-12-2023 11:30,25.9,53,0
14-12-2023 11:45,26.6,52,0
14-12-2023 12:00,26.9,50,0
14-12-2023 12:15,27.1,49,0
14-12-2023 12:30,27.5,46,0
14-12-2023 12:45,27.7,46,0
14-12-2023 13:00,27.7,48,0
14-12-2023 13:15,28.1,45,0
14-12-2023 13:30,28.2,44,0
14-12-2023 13:45,28.6,44,0
14-12-2023 14:00,28.4,44,0
14-12-2023 14:15,28.7,43,0
14-12-2023 14:45,28.6,41,0
14-12-2023 15:00,28.9,40,0
14-12-2023 15:15,29,42,0
14-12-2023 15:30,28.9,41,0
14-12-2023 15:45,28.7,42,0
14-12-2023 16:00,29.2,43,0
14-12-2023 16:15,28.3,43,0
14-12-2023 16:30,28,44,0
14-12-2023 16:45,27.9,45,0
14-12-2023 17:00,27.4,46,0
14-12-2023 17:15,26.8,48,0
14-12-2023 17:30,26.2,50,0
14-12-2023 17:45,25.3,52,0
14-12-2023 18:00,24.8,53,0
14-12-2023 18:15,24.2,55,0
14-12-2023 18:30,23.8,57,0
14-12-2023 18:45,23,59,0
14-12-2023 19:00,22.5,61,0
14-12-2023 19:15,21.8,62,0
14-12-2023 19:30,21.4,63,0
14-12-2023 19:45,21.1,65,0
14-12-2023 20:00,20.5,66,0
14-12-2023 20:15,20.4,69,0
14-12-2023 20:30,20.1,70,0
14-12-2023 20:45,19.8,70,0
14-12-2023 21:00,19.5,68,0
14-12-2023 21:15,19.7,70,0
14-12-2023 21:30,19.3,72,0
14-12-2023 21:45,18.9,74,0
14-12-2023 22:00,18.4,75,0
14-12-2023 22:15,18.3,80,0
14-12-2023 22:30,18.1,80,0
14-12-2023 22:45,17.6,84,0
14-12-2023 23:00,17.5,85,0
14-12-2023 23:15,18,84,0
14-12-2023 23:45,18,84,0
15-12-2023 00:00,17.8,80,0
15-12-2023 00:15,17.8,82,0
15-12-2023 00:30,17.4,83,0
15-12-2023 00:45,16.8,86,0
15-12-2023 01:00,16.5,87,0
15-12-2023 01:15,16.6,87,0
15-12-2023 01:30,16.6,87,0
15-12-2023 01:45,16.6,87,0
15-12-2023 02:00,16.2,87,0
15-12-2023 02:15,15.8,86,0
15-12-2023 02:30,15.9,87,0
15-12-2023 02:45,15.7,88,0
15-12-2023 03:00,15.6,88,0
15-12-2023 03:15,15.5,87,0
15-12-2023 03:30,15.4,88,0
15-12-2023 03:45,15.5,88,0
15-12-2023 04:00,15.3,89,0
15-12-2023 04:15,15.3,89,0
15-12-2023 04:30,15.2,89,0
15-12-2023 04:45,15.4,89,0
15-12-2023 05:00,15.3,89,0
15-12-2023 05:15,15.3,89,0
15-12-2023 05:30,15.1,90,0
15-12-2023 05:45,15.2,90,0
15-12-2023 06:00,15.1,90,0
15-12-2023 06:15,15,90,0
15-12-2023 06:30,14.8,90,0
15-12-2023 06:45,14.9,90,0
15-12-2023 07:00,14.7,90,0
15-12-2023 07:15,14.8,90,0
15-12-2023 07:30,15.2,90,0
15-12-2023 07:45,15.8,90,0
15-12-2023 08:00,16.4,88,0
15-12-2023 08:15,17.1,88,0
15-12-2023 08:30,18.1,86,0
15-12-2023 08:45,19.5,79,0
15-12-2023 09:00,21.4,70,0
15-12-2023 09:15,23.1,64,0
15-12-2023 09:30,23.3,64,0
15-12-2023 09:45,23.2,61,0
15-12-2023 10:00,23.3,60,0
15-12-2023 10:15,24.2,59,0
15-12-2023 10:30,23.9,57,0
15-12-2023 10:45,24.5,55,0
15-12-2023 11:00,24.9,55,0
15-12-2023 11:15,25.3,53,0
15-12-2023 11:30,26,49,0
15-12-2023 11:45,26.2,48,0
15-12-2023 12:00,26.8,45,0
15-12-2023 12:15,26.8,44,0
15-12-2023 12:30,26.9,43,0
15-12-2023 13:15,27.7,41,0
15-12-2023 13:30,27.6,41,0
15-12-2023 13:45,28.1,41,0
15-12-2023 14:00,28.7,40,0
15-12-2023 14:15,28,40,0
15-12-2023 14:30,28.4,38,0
15-12-2023 14:45,28.4,39,0
15-12-2023 15:00,28.4,37,0
15-12-2023 15:15,29.2,37,0
15-12-2023 15:30,28.7,39,0
15-12-2023 15:45,28.3,40,0
15-12-2023 16:00,28.2,42,0
15-12-2023 16:15,28,41,0
15-12-2023 16:30,27.9,42,0
15-12-2023 16:45,27.5,42,0
15-12-2023 17:00,27,43,0
15-12-2023 17:15,26.2,45,0
15-12-2023 17:30,25.8,46,0
15-12-2023 17:45,24.9,49,0
15-12-2023 18:00,24.1,52,0
15-12-2023 18:15,23.2,54,0
15-12-2023 18:30,22.9,56,0
15-12-2023 18:45,22.2,59,0
15-12-2023 19:00,21.6,59,0
15-12-2023 19:15,21,61,0
15-12-2023 19:30,20.4,63,0
15-12-2023 19:45,20,65,0
15-12-2023 20:00,19.5,67,0
15-12-2023 20:15,19.3,67,0
15-12-2023 20:30,19.2,69,0
15-12-2023 20:45,19.4,68,0
15-12-2023 21:00,19.3,68,0
15-12-2023 21:15,19.2,69,0
15-12-2023 21:30,19,70,0
15-12-2023 21:45,18.7,70,0
15-12-2023 22:00,18.3,72,0
15-12-2023 22:15,17.8,73,0
15-12-2023 22:30,17.8,74,0
15-12-2023 22:45,18,75,0
15-12-2023 23:00,18.1,73,0
15-12-2023 23:15,17.3,75,0
15-12-2023 23:30,17.3,76,0
15-12-2023 23:45,17.2,76,0
16-12-2023 00:00,16.8,80,0
16-12-2023 00:15,16.8,81,0
16-12-2023 00:30,16.5,79,0
16-12-2023 00:45,16.5,80,0
16-12-2023 01:00,16.1,82,0
16-12-2023 01:15,15.6,85,0
16-12-2023 01:30,15.3,85,0
16-12-2023 01:45,15,86,0
16-12-2023 02:00,15,87,0
16-12-2023 02:15,15.2,87,0
16-12-2023 02:30,15.2,87,0
16-12-2023 02:45,15.1,87,0
16-12-2023 03:00,15.1,88,0
16-12-2023 03:15,15.1,89,0
16-12-2023 03:30,14.9,89,0
16-12-2023 03:45,14.9,90,0
16-12-2023 04:00,14.5,90,0
16-12-2023 04:15,14.5,90,0
16-12-2023 04:30,14.3,90,0
16-12-2023 04:45,14.2,90,0
16-12-2023 05:00,13.8,90,0
16-12-2023 05:15,13.4,91,0
16-12-2023 05:30,13.7,91,0
16-12-2023 05:45,14.1,92,0
16-12-2023 06:00,14.2,91,0
16-12-2023 06:15,14.3,91,0
16-12-2023 06:30,14.2,91,0
16-12-2023 06:45,13.9,91,0
16-12-2023 07:00,13.7,91,0
16-12-2023 07:15,13.8,91,0
16-12-2023 07:30,14.1,91,0
16-12-2023 07:45,14.5,90,0
16-12-2023 08:00,15.3,90,0
16-12-2023 08:15,16.8,88,0
16-12-2023 08:45,18.5,82,0
16-12-2023 09:00,19.4,78,0
16-12-2023 09:15,21.1,71,0
16-12-2023 09:30,23,64,0
16-12-2023 09:45,23.1,58,0
16-12-2023 10:00,23.6,59,0
16-12-2023 10:15,24.3,56,0
16-12-2023 10:30,25,54,0
16-12-2023 10:45,25.1,52,0
16-12-2023 11:00,25.2,50,0
16-12-2023 11:15,25.4,50,0
16-12-2023 11:30,25.8,49,0
16-12-2023 12:00,26.6,47,0
16-12-2023 12:15,27,48,0
16-12-2023 12:30,27.4,46,0
16-12-2023 12:45,27.7,45,0
16-12-2023 13:00,27.6,44,0
16-12-2023 13:15,28.2,45,0
16-12-2023 13:30,28.6,43,0
16-12-2023 13:45,29.1,42,0
16-12-2023 14:00,29.7,43,0
16-12-2023 14:15,28.6,42,0
16-12-2023 14:30,29.2,43,0
16-12-2023 14:45,28.7,42,0
16-12-2023 15:00,29.4,39,0
16-12-2023 15:15,29.5,41,0
16-12-2023 15:30,28.9,41,0
16-12-2023 15:45,28.7,42,0
16-12-2023 16:00,28.4,42,0
16-12-2023 16:15,29.5,40,0
16-12-2023 16:30,28.7,42,0
16-12-2023 16:45,28.1,43,0
16-12-2023 17:00,27.5,46,0
16-12-2023 17:15,26.9,48,0
16-12-2023 17:30,26.4,50,0
16-12-2023 17:45,25.5,53,0
16-12-2023 18:00,24.5,56,0
16-12-2023 18:15,23.7,57,0
16-12-2023 18:30,23,59,0
16-12-2023 18:45,22.6,59,0
16-12-2023 19:00,22,63,0
16-12-2023 19:15,21.6,64,0
16-12-2023 19:30,21.1,65,0
16-12-2023 19:45,20.4,68,0
16-12-2023 20:00,20.1,71,0
16-12-2023 20:15,20.2,72,0
16-12-2023 20:30,20.5,69,0
16-12-2023 21:00,19.7,73,0
16-12-2023 21:15,19,75,0
16-12-2023 21:30,18.7,77,0
16-12-2023 21:45,19.1,75,0
16-12-2023 22:00,19.3,73,0
16-12-2023 22:15,19.7,72,0
16-12-2023 22:30,20,70,0
16-12-2023 22:45,20.3,68,0
16-12-2023 23:00,20,68,0
16-12-2023 23:15,18.8,71,0
16-12-2023 23:30,18.6,74,0
16-12-2023 23:45,18.3,73,0
17-12-2023 00:00,18.3,74,0
17-12-2023 00:15,18.1,74,0
17-12-2023 00:30,17.9,74,0
17-12-2023 00:45,18.1,75,0
17-12-2023 01:00,17.9,75,0
17-12-2023 01:15,18.5,73,0
17-12-2023 01:30,18.1,74,0
17-12-2023 01:45,17.4,77,0
17-12-2023 02:00,17.2,79,0
17-12-2023 02:15,16.7,82,0
17-12-2023 02:30,16,86,0
17-12-2023 02:45,15.8,88,0
17-12-2023 03:00,15.1,89,0
17-12-2023 03:15,15.4,89,0
17-12-2023 03:30,15.5,89,0
17-12-2023 03:45,15.5,89,0
17-12-2023 04:00,15.7,88,0
17-12-2023 04:15,16.1,88,0
17-12-2023 04:30,16.5,87,0
17-12-2023 04:45,16.4,87,0
17-12-2023 05:00,16.6,87,0
17-12-2023 05:15,16.4,87,0
17-12-2023 05:30,16.6,87,0
17-12-2023 05:45,16.7,87,0
17-12-2023 06:00,16.9,86,0
17-12-2023 06:15,17.3,84,0
17-12-2023 06:30,17.4,83,0
17-12-2023 06:45,17,85,0
17-12-2023 07:00,16.8,86,0
17-12-2023 07:15,16.7,87,0
17-12-2023 07:30,17.3,87,0
17-12-2023 07:45,18.1,85,0
17-12-2023 08:00,18.3,87,0
17-12-2023 08:15,18.5,86,0
17-12-2023 08:30,19.7,82,0
17-12-2023 08:45,21.2,71,0
17-12-2023 09:00,22.5,65,0
17-12-2023 09:15,23.8,59,0
17-12-2023 09:30,23.5,61,0
17-12-2023 09:45,23.7,61,0
17-12-2023 10:00,24.4,59,0
17-12-2023 10:15,24.6,60,0
17-12-2023 10:30,25,57,0
17-12-2023 10:45,24.8,58,0
17-12-2023 11:00,25.2,58,0
17-12-2023 11:15,25.2,56,0
17-12-2023 11:30,25.9,56,0
17-12-2023 11:45,25.6,56,0
17-12-2023 12:00,26.4,57,0
17-12-2023 12:15,26.2,56,0
17-12-2023 12:30,26.6,56,0
17-12-2023 12:45,26.8,55,0
17-12-2023 13:00,27.4,54,0
17-12-2023 13:15,27.1,56,0
17-12-2023 13:30,27.4,55,0
17-12-2023 13:45,27.4,55,0
17-12-2023 14:00,27.5,55,0
17-12-2023 14:15,28.1,54,0
17-12-2023 14:30,27.9,54,0
17-12-2023 14:45,28.1,53,0
17-12-2023 15:00,28.4,55,0
17-12-2023 15:15,27.8,55,0
17-12-2023 15:30,27.6,56,0
17-12-2023 15:45,27.9,55,0
17-12-2023 16:00,28.2,55,0
17-12-2023 16:30,26.6,58,0
17-12-2023 16:45,26.5,59,0
17-12-2023 17:00,26.6,58,0
17-12-2023 17:15,26.3,59,0
17-12-2023 17:30,26,60,0
17-12-2023 17:45,25.4,62,0
17-12-2023 18:00,24.8,63,0
17-12-2023 18:15,24.4,65,0
17-12-2023 18:30,24,66,0
17-12-2023 18:45,23.5,68,0
17-12-2023 19:00,23.1,69,0
17-12-2023 19:15,23.1,69,0
17-12-2023 19:30,23,70,0
17-12-2023 19:45,22.6,71,0
17-12-2023 20:00,22.7,70,0
17-12-2023 20:15,23,68,0
17-12-2023 20:30,22.9,66,0
17-12-2023 20:45,22.9,66,0
17-12-2023 21:00,22.8,65,0
17-12-2023 21:15,22.7,65,0
17-12-2023 21:30,22.5,65,0
17-12-2023 21:45,22.5,65,0
17-12-2023 22:00,22.3,65,0
17-12-2023 22:15,21.8,66,0
17-12-2023 22:30,21.1,68,0
17-12-2023 22:45,20.7,71,0
17-12-2023 23:00,20.8,71,0
17-12-2023 23:15,20.6,71,0
17-12-2023 23:30,20.5,71,0
17-12-2023 23:45,20.5,71,0
18-12-2023 00:00,20,71,0
18-12-2023 00:15,19.4,75,0
18-12-2023 00:30,19.9,74,0
18-12-2023 00:45,19.6,74,0
18-12-2023 01:00,19.2,75,0
18-12-2023 01:15,19,77,0
18-12-2023 01:30,19,78,0
18-12-2023 01:45,19.5,75,0
18-12-2023 02:00,19.4,75,0
18-12-2023 02:15,19.3,76,0
18-12-2023 02:30,19.2,76,0
18-12-2023 02:45,19.1,76,0
18-12-2023 03:00,19,76,0
18-12-2023 03:15,19.5,75,0
18-12-2023 03:30,19.6,75,0
18-12-2023 03:45,19.1,77,0
18-12-2023 04:00,18.7,79,0
18-12-2023 04:15,18.6,80,0
18-12-2023 04:30,18.6,82,0
18-12-2023 04:45,18.5,81,0
18-12-2023 05:00,18.2,82,0
18-12-2023 05:15,17.8,84,0
18-12-2023 05:30,17.6,86,0
18-12-2023 05:45,17.6,87,0
18-12-2023 06:00,17.5,87,0
18-12-2023 06:15,17.7,87,0
18-12-2023 06:30,18.2,87,0
18-12-2023 06:45,19,82,0
18-12-2023 07:00,19.1,79,0
18-12-2023 07:30,19.5,75,0
18-12-2023 07:45,19.5,75,0
18-12-2023 08:00,19.4,76,0
18-12-2023 08:15,19.6,76,0
18-12-2023 08:30,19.9,75,0
18-12-2023 08:45,20.8,73,0
18-12-2023 09:00,22.1,66,0
18-12-2023 09:15,22.4,62,0
18-12-2023 09:30,22.9,62,0
18-12-2023 09:45,23.2,58,0
18-12-2023 10:00,23.3,57,0
18-12-2023 10:15,23.3,57,0
18-12-2023 10:30,23.5,56,0
18-12-2023 10:45,23.8,55,0
18-12-2023 11:00,24,54,0
18-12-2023 11:15,24.4,55,0
18-12-2023 11:30,25.1,54,0
18-12-2023 11:45,25.7,51,0
18-12-2023 12:00,25.7,53,0
18-12-2023 12:15,25.8,51,0
18-12-2023 12:30,26.2,50,0
18-12-2023 12:45,26.8,49,0
18-12-2023 13:00,27,47,0
18-12-2023 13:15,26.7,50,0
18-12-2023 13:45,27.1,47,0
18-12-2023 14:00,27.3,49,0
18-12-2023 14:15,27.3,50,0
18-12-2023 14:30,27.3,49,0
18-12-2023 14:45,27.2,49,0
18-12-2023 15:00,27.3,50,0
18-12-2023 15:15,27.5,49,0
18-12-2023 15:30,27.6,50,0
18-12-2023 15:45,27.6,49,0
18-12-2023 16:00,27.7,49,0
18-12-2023 16:15,27.5,49,0
18-12-2023 16:30,27.5,50,0
18-12-2023 16:45,27.1,52,0
18-12-2023 17:00,26.8,53,0
18-12-2023 17:15,26.6,52,0
18-12-2023 17:30,26.2,54,0
18-12-2023 17:45,25.8,55,0
18-12-2023 18:00,25,58,0
18-12-2023 18:15,24.5,60,0
18-12-2023 18:30,24,62,0
18-12-2023 18:45,23.8,62,0
18-12-2023 19:00,23.7,63,0
18-12-2023 19:15,23.3,64,0
18-12-2023 19:30,23.3,64,0
18-12-2023 19:45,23.7,62,0
18-12-2023 20:00,23.8,60,0
18-12-2023 20:15,23.7,60,0
18-12-2023 20:30,23.5,60,0
18-12-2023 20:45,23.3,60,0
18-12-2023 21:00,23.2,60,0
18-12-2023 21:15,23.1,60,0
18-12-2023 21:30,22.9,60,0
18-12-2023 21:45,22.8,61,0
18-12-2023 22:00,22.5,62,0
18-12-2023 22:15,22.4,62,0
18-12-2023 22:30,22.2,63,0
18-12-2023 22:45,22,64,0
18-12-2023 23:00,21.6,65,0
18-12-2023 23:15,21.2,66,0
18-12-2023 23:30,21,67,0
18-12-2023 23:45,20.8,67,0
19-12-2023 00:00,20.6,67,0
19-12-2023 00:15,20.5,68,0
19-12-2023 00:30,20.4,69,0
19-12-2023 00:45,20.4,68,0
19-12-2023 01:00,20.1,68,0
19-12-2023 01:15,20.3,68,0
19-12-2023 01:30,20.3,67,0
19-12-2023 01:45,20.1,69,0
19-12-2023 02:00,19.9,70,0
19-12-2023 02:15,19.3,71,0
19-12-2023 02:30,19.1,72,0
19-12-2023 02:45,18.9,73,0
19-12-2023 03:00,18.9,73,0
19-12-2023 03:15,19.4,73,0
19-12-2023 03:30,19.5,73,0
19-12-2023 03:45,19.4,73,0
19-12-2023 04:00,19.2,73,0
19-12-2023 04:15,18.7,76,0
19-12-2023 04:30,18,80,0
19-12-2023 04:45,17.4,86,0
19-12-2023 05:00,17.3,87,0
19-12-2023 05:15,17.2,87,0
19-12-2023 05:30,17.1,87,0
19-12-2023 05:45,17.1,87,0
19-12-2023 06:00,16.9,86,0
19-12-2023 06:15,17,87,0
19-12-2023 06:30,17,87,0
19-12-2023 06:45,16.7,87,0
19-12-2023 07:00,16.7,88,0
19-12-2023 07:15,17.1,87,0
19-12-2023 07:30,16.8,87,0
19-12-2023 07:45,16.8,88,0
19-12-2023 08:00,17.8,89,0
19-12-2023 08:15,18.9,87,0
19-12-2023 08:30,20.5,77,0
19-12-2023 08:45,22.1,66,0
19-12-2023 09:00,22.2,64,0
19-12-2023 09:15,21.5,63,0
19-12-2023 09:30,21.9,62,0
19-12-2023 09:45,22.2,61,0
19-12-2023 10:00,22.1,59,0
19-12-2023 10:15,22.3,60,0
19-12-2023 10:30,22.8,59,0
19-12-2023 10:45,23.3,57,0
19-12-2023 11:00,23.8,55,0
19-12-2023 11:15,24.6,52,0
19-12-2023 11:30,25.1,51,0
19-12-2023 11:45,25.1,50,0
19-12-2023 12:00,25.7,50,0
19-12-2023 12:15,25.3,50,0
19-12-2023 12:30,25.3,50,0
19-12-2023 12:45,25.6,50,0
19-12-2023 13:00,26.2,48,0
19-12-2023 13:15,26.5,48,0
19-12-2023 13:45,26.9,46,0
19-12-2023 14:00,27.4,44,0
19-12-2023 14:15,27.4,45,0
19-12-2023 14:30,27.1,45,0
19-12-2023 14:45,27.2,46,0
19-12-2023 15:00,27.5,44,0
19-12-2023 15:15,27.1,46,0
19-12-2023 15:30,26.6,46,0
19-12-2023 15:45,26.1,47,0
19-12-2023 16:00,26.3,48,0
19-12-2023 16:15,26.6,46,0
19-12-2023 16:30,26.9,47,0
19-12-2023 16:45,26.2,48,0
19-12-2023 17:00,25.7,51,0
19-12-2023 17:15,25.4,52,0
19-12-2023 17:30,24.9,54,0
19-12-2023 17:45,24.6,55,0
19-12-2023 18:00,24.1,57,0
19-12-2023 18:15,23.6,58,0
19-12-2023 18:30,23.2,60,0
19-12-2023 18:45,22.6,62,0
19-12-2023 19:00,21.9,64,0
19-12-2023 19:15,21.7,65,0
19-12-2023 19:30,21.7,63,0
19-12-2023 19:45,21.6,62,0
19-12-2023 20:00,21.5,61,0
19-12-2023 20:15,21.9,58,0
19-12-2023 20:30,21.8,57,0
19-12-2023 20:45,21.6,57,0
19-12-2023 21:00,21.3,58,0
19-12-2023 21:15,21.4,57,0
19-12-2023 21:30,21.5,56,0
19-12-2023 21:45,21.3,55,0
19-12-2023 22:00,21.3,55,0
19-12-2023 22:15,21,56,0
19-12-2023 22:30,21,56,0
19-12-2023 22:45,21,55,0
19-12-2023 23:00,20.7,56,0
19-12-2023 23:15,19.9,58,0
19-12-2023 23:30,19.6,59,0
19-12-2023 23:45,19,61,0
20-12-2023 00:00,19.3,60,0
20-12-2023 00:15,19.4,60,0
20-12-2023 00:30,20,58,0
20-12-2023 00:45,19.2,62,0
20-12-2023 01:00,18.5,64,0
20-12-2023 01:15,18.2,67,0
20-12-2023 01:30,17.9,67,0
20-12-2023 01:45,17.9,65,0
20-12-2023 02:00,18.3,63,0
20-12-2023 02:15,17.5,64,0
20-12-2023 02:30,17,69,0
20-12-2023 02:45,16.8,69,0
20-12-2023 03:00,16.3,70,0
20-12-2023 03:15,16.1,72,0
20-12-2023 03:30,16,72,0
20-12-2023 03:45,16,73,0
20-12-2023 04:00,15.9,74,0
20-12-2023 04:15,15.6,77,0
20-12-2023 04:30,15.4,76,0
20-12-2023 04:45,15.1,77,0
20-12-2023 05:00,15.5,79,0
20-12-2023 05:15,15.4,79,0
20-12-2023 05:30,15,83,0
20-12-2023 05:45,14.6,86,0
20-12-2023 06:00,14.4,87,0
20-12-2023 06:15,14.4,87,0
20-12-2023 06:30,14.4,88,0
20-12-2023 06:45,14.3,89,0
20-12-2023 07:00,14.5,88,0
20-12-2023 07:15,14.2,89,0
20-12-2023 07:30,14.3,89,0
20-12-2023 07:45,14.6,89,0
20-12-2023 08:00,15.2,89,0
20-12-2023 08:15,16,87,0
20-12-2023 08:30,17.3,80,0
20-12-2023 08:45,18,73,0
20-12-2023 09:00,18.8,69,0
20-12-2023 09:15,20.6,61,0
20-12-2023 09:30,22.3,53,0
20-12-2023 09:45,22,53,0
20-12-2023 10:00,21.7,53,0
20-12-2023 10:15,22.7,47,0
20-12-2023 10:30,23.4,45,0
20-12-2023 10:45,24.1,46,0
20-12-2023 11:00,24.1,45,0
20-12-2023 11:15,24.2,47,0
20-12-2023 11:30,23.9,47,0
20-12-2023 11:45,24.7,47,0
20-12-2023 12:00,25.8,44,0
20-12-2023 12:15,26.2,42,0
20-12-2023 12:30,26.1,43,0
20-12-2023 12:45,26.7,43,0
20-12-2023 13:00,27.1,41,0
20-12-2023 13:15,26.5,45,0
20-12-2023 13:30,26.8,43,0
20-12-2023 13:45,27.2,43,0
20-12-2023 14:00,26.4,43,0
20-12-2023 14:15,26.2,46,0
20-12-2023 14:30,26.7,44,0
20-12-2023 14:45,27.3,43,0
20-12-2023 15:00,27,44,0
20-12-2023 15:15,28.8,40,0
20-12-2023 15:30,26.4,45,0
20-12-2023 15:45,27.2,45,0
20-12-2023 16:00,28,44,0
20-12-2023 16:15,28.6,41,0
20-12-2023 16:30,27.5,44,0
20-12-2023 16:45,28.5,40,0
20-12-2023 17:00,28.3,42,0
20-12-2023 17:15,26.8,45,0
20-12-2023 17:30,26,48,0
20-12-2023 17:45,25.4,52,0
20-12-2023 18:00,24.8,53,0
20-12-2023 18:15,23.9,56,0
20-12-2023 18:30,23.5,56,0
20-12-2023 18:45,23.6,58,0
20-12-2023 19:00,23.2,58,0
20-12-2023 19:15,22.6,59,0
20-12-2023 19:30,22.2,60,0
20-12-2023 19:45,22.1,63,0
20-12-2023 20:00,22.1,63,0
20-12-2023 20:15,22.1,64,0
20-12-2023 20:30,21.9,66,0
20-12-2023 20:45,22,67,0
20-12-2023 21:00,21.8,69,0
20-12-2023 21:15,22.2,64,0
20-12-2023 21:30,22.5,61,0
20-12-2023 22:00,22.6,54,0
20-12-2023 22:15,22.4,54,0
20-12-2023 22:45,21.5,58,0
20-12-2023 23:00,21.2,58,0
20-12-2023 23:15,21.2,58,0
20-12-2023 23:30,21.6,57,0
20-12-2023 23:45,21.3,56,0
21-12-2023 00:00,21.9,53,0
21-12-2023 00:15,21.5,56,0
21-12-2023 00:30,21.5,56,0
21-12-2023 00:45,20.8,59,0
21-12-2023 01:00,20,62,0
21-12-2023 01:15,19.5,67,0
21-12-2023 01:30,19.1,68,0
21-12-2023 01:45,18.6,69,0
21-12-2023 02:00,18.2,69,0
21-12-2023 02:15,18.1,69,0
21-12-2023 02:30,17.9,70,0
21-12-2023 02:45,17.9,69,0
21-12-2023 03:00,18.3,70,0
21-12-2023 03:15,17.9,70,0
21-12-2023 03:30,17.8,72,0
21-12-2023 03:45,17.6,74,0
21-12-2023 04:00,18.1,75,0
21-12-2023 04:15,18,77,0
21-12-2023 04:30,17.8,77,0
21-12-2023 04:45,17.8,74,0
21-12-2023 05:00,17.6,78,0
21-12-2023 05:15,17.5,78,0
21-12-2023 05:30,17.6,78,0
21-12-2023 05:45,17.3,80,0
21-12-2023 06:00,16.7,83,0
21-12-2023 06:15,16.5,82,0
21-12-2023 06:45,16.3,87,0
21-12-2023 07:00,16,88,0
21-12-2023 07:15,16,88,0
21-12-2023 07:30,16,88,0
21-12-2023 07:45,16.3,88,0
21-12-2023 08:00,17.5,87,0
21-12-2023 08:15,18.8,83,0
21-12-2023 08:30,17.9,82,0
21-12-2023 08:45,18.9,81,0
21-12-2023 09:00,19.9,75,0
21-12-2023 09:15,22.9,64,0
21-12-2023 09:30,23.5,51,0
21-12-2023 09:45,24.1,44,0
21-12-2023 10:00,24.4,46,0
21-12-2023 10:15,24.6,46,0
21-12-2023 10:30,24.9,42,0
21-12-2023 10:45,25.7,42,0
21-12-2023 11:00,25.6,40,0
21-12-2023 11:15,26.8,40,0
21-12-2023 11:30,26.6,36,0
21-12-2023 11:45,26.8,38,0
21-12-2023 12:00,27.5,36,0
21-12-2023 12:15,27.6,35,0
21-12-2023 12:30,27.8,36,0
21-12-2023 12:45,28.5,36,0
21-12-2023 13:00,28.4,34,0
21-12-2023 13:15,28.9,35,0
21-12-2023 13:30,29.3,33,0
21-12-2023 14:00,29.4,33,0
21-12-2023 14:15,29.8,36,0
21-12-2023 14:30,29.8,32,0
21-12-2023 14:45,29.8,34,0
21-12-2023 15:00,29.9,34,0
21-12-2023 15:15,28.7,40,0
21-12-2023 15:30,28.7,39,0
21-12-2023 16:00,31.4,32,0
21-12-2023 16:15,30.9,33,0
21-12-2023 16:30,28.9,36,0
21-12-2023 16:45,28.7,38,0
21-12-2023 17:00,28.5,40,0
21-12-2023 17:15,28.2,41,0
21-12-2023 17:30,27.5,42,0
21-12-2023 17:45,26.8,44,0
21-12-2023 18:00,26.2,46,0
21-12-2023 18:15,25.3,49,0
21-12-2023 18:30,24.7,48,0
21-12-2023 18:45,24.2,54,0
21-12-2023 19:00,23.3,56,0
21-12-2023 19:15,22.6,56,0
21-12-2023 19:30,22.2,61,0
21-12-2023 19:45,21.8,69,0
21-12-2023 20:00,21.1,67,0
21-12-2023 20:15,21.2,68,0
21-12-2023 20:30,21.1,71,0
21-12-2023 20:45,21.2,66,0
21-12-2023 21:00,21.5,68,0
21-12-2023 21:15,21.6,67,0
21-12-2023 21:30,21,66,0
21-12-2023 21:45,21.2,67,0
21-12-2023 22:00,21,68,0
21-12-2023 22:15,20.3,72,0
21-12-2023 22:30,19.3,72,0
21-12-2023 22:45,18.8,74,0
21-12-2023 23:00,19.3,73,0
21-12-2023 23:15,19.5,74,0
21-12-2023 23:30,18.6,81,0
21-12-2023 23:45,17.9,85,0
22-12-2023 00:00,17.4,87,0
22-12-2023 00:15,17.1,88,0
22-12-2023 00:30,16.7,89,0
22-12-2023 00:45,16.4,89,0
22-12-2023 01:00,17.1,88,0
22-12-2023 01:15,17.4,84,0
22-12-2023 01:30,17.4,85,0
22-12-2023 01:45,17.1,84,0
22-12-2023 02:00,16.4,86,0
22-12-2023 02:15,16.7,87,0
22-12-2023 02:30,16.5,87,0
22-12-2023 02:45,16.3,88,0
22-12-2023 03:00,16.3,88,0
22-12-2023 03:15,16.2,88,0
22-12-2023 03:30,16.5,87,0
22-12-2023 03:45,16.3,87,0
22-12-2023 04:00,16.1,87,0
22-12-2023 04:15,16.2,87,0
22-12-2023 04:30,16.3,87,0
22-12-2023 04:45,16.4,87,0
22-12-2023 05:00,16,88,0
22-12-2023 05:15,15.7,88,0
22-12-2023 05:30,15.3,88,0
22-12-2023 05:45,15,89,0
22-12-2023 06:00,14.7,89,0
22-12-2023 06:15,14.6,89,0
22-12-2023 06:30,14.8,90,0
22-12-2023 06:45,14.6,90,0
22-12-2023 07:00,15.2,91,0
22-12-2023 07:15,15.5,90,0
22-12-2023 07:30,16.1,89,0
22-12-2023 07:45,16.5,87,0
22-12-2023 08:00,17.4,85,0
22-12-2023 08:15,18,79,0
22-12-2023 08:30,18.8,75,0
22-12-2023 08:45,19.7,72,0
22-12-2023 09:00,21.1,69,0
22-12-2023 09:15,22.2,63,0
22-12-2023 09:30,22.6,58,0
22-12-2023 09:45,25,48,0
22-12-2023 10:00,26.1,46,0
22-12-2023 10:15,25.6,39,0
22-12-2023 10:30,25.9,39,0
22-12-2023 10:45,27,35,0
22-12-2023 11:00,27,36,0
22-12-2023 11:15,26.7,34,0
22-12-2023 11:30,26.8,34,0
22-12-2023 11:45,27.1,35,0
22-12-2023 12:00,27.2,35,0
22-12-2023 12:15,27.5,34,0
22-12-2023 12:30,27.8,34,0
22-12-2023 12:45,27.4,35,0
22-12-2023 13:00,27.4,33,0
22-12-2023 13:15,27.6,36,0
22-12-2023 13:30,27.7,33,0
22-12-2023 13:45,28.4,35,0
22-12-2023 14:00,28.6,33,0
22-12-2023 14:15,28.4,35,0
22-12-2023 14:30,29,35,0
22-12-2023 14:45,28.9,34,0
22-12-2023 15:00,29.4,31,0
22-12-2023 15:15,29.8,31,0
22-12-2023 15:30,29.9,31,0
22-12-2023 15:45,29.4,32,0
22-12-2023 16:00,29.4,34,0
22-12-2023 16:15,29,36,0
22-12-2023 16:30,29.7,33,0
22-12-2023 16:45,28.9,36,0
22-12-2023 17:00,28.1,39,0
22-12-2023 17:15,27.7,43,0
22-12-2023 17:30,27.1,42,0
22-12-2023 17:45,26.7,44,0
22-12-2023 18:00,26.2,45,0
22-12-2023 18:15,25.8,48,0
22-12-2023 18:30,25,52,0
22-12-2023 18:45,24.2,53,0
22-12-2023 19:00,23.4,54,0
22-12-2023 19:15,22.7,59,0
22-12-2023 19:30,21.8,61,0
22-12-2023 19:45,21.4,63,0
22-12-2023 20:00,21.3,66,0
22-12-2023 20:15,21.7,64,0
22-12-2023 20:30,20.7,73,0
22-12-2023 20:45,20.1,69,0
22-12-2023 21:00,20.3,71,0
22-12-2023 21:15,20.1,73,0
22-12-2023 21:30,19.7,73,0
22-12-2023 21:45,19.2,76,0
22-12-2023 22:00,19.2,76,0
22-12-2023 22:15,19,76,0
22-12-2023 22:30,18.8,76,0
22-12-2023 22:45,18.5,76,0
22-12-2023 23:00,18.1,78,0
22-12-2023 23:15,17.8,80,0
22-12-2023 23:30,17.9,81,0
22-12-2023 23:45,17.9,83,0
23-12-2023 00:00,17.8,83,0
23-12-2023 00:15,17.2,86,0
23-12-2023 00:30,17.2,86,0
23-12-2023 00:45,17.2,86,0
23-12-2023 01:00,17.2,85,0
23-12-2023 01:15,17.1,86,0
23-12-2023 01:30,16.8,86,0
23-12-2023 01:45,16.2,87,0
23-12-2023 02:00,15.8,88,0
23-12-2023 02:15,15.8,88,0
23-12-2023 02:30,15.6,88,0
23-12-2023 02:45,15.4,89,0
23-12-2023 03:00,15.2,89,0
23-12-2023 03:15,15.3,89,0
23-12-2023 03:30,15.2,89,0
23-12-2023 03:45,15.1,89,0
23-12-2023 04:00,15,90,0
23-12-2023 04:15,14.9,90,0
23-12-2023 04:30,15,90,0
23-12-2023 04:45,14.9,90,0
23-12-2023 05:00,14.8,90,0
23-12-2023 05:15,14.8,90,0
23-12-2023 05:30,14.6,90,0
23-12-2023 05:45,14.6,90,0
23-12-2023 06:00,14.5,90,0
23-12-2023 06:15,14.4,90,0
23-12-2023 06:30,14.3,90,0
23-12-2023 06:45,14.3,91,0
23-12-2023 07:00,14.3,91,0
23-12-2023 07:15,14.5,91,0
23-12-2023 07:30,14.9,90,0
23-12-2023 07:45,15.5,90,0
23-12-2023 08:00,16.3,88,0
23-12-2023 08:15,16.6,87,0
23-12-2023 08:30,17.4,84,0
23-12-2023 08:45,18.5,76,0
23-12-2023 09:00,20.1,72,0
23-12-2023 09:15,21.3,67,0
23-12-2023 09:30,23.1,57,0
23-12-2023 09:45,24.1,50,0
23-12-2023 10:00,25.3,45,0
23-12-2023 10:15,26.5,43,0
23-12-2023 10:30,26.6,42,0
23-12-2023 10:45,27.6,43,0
23-12-2023 11:00,27.5,41,0
23-12-2023 11:15,27.8,40,0
23-12-2023 11:30,28.3,34,0
23-12-2023 11:45,28.6,31,0
23-12-2023 12:00,29,31,0
23-12-2023 12:15,28.9,28,0
23-12-2023 12:30,29.9,29,0
23-12-2023 12:45,30.5,31,0
23-12-2023 13:00,30.4,29,0
23-12-2023 13:15,30.8,30,0
23-12-2023 13:30,30.9,29,0
23-12-2023 13:45,30.9,29,0
23-12-2023 14:00,31.1,29,0
23-12-2023 14:15,31.5,30,0
23-12-2023 14:30,31.7,27,0
23-12-2023 14:45,32,26,0
23-12-2023 15:00,31.8,25,0
23-12-2023 15:15,31.8,26,0
23-12-2023 15:30,32.3,25,0
23-12-2023 15:45,31.9,23,0
23-12-2023 16:00,32.4,24,0
23-12-2023 16:15,32.1,25,0
23-12-2023 16:30,31.9,25,0
23-12-2023 16:45,31.7,27,0
23-12-2023 17:00,31,30,0
23-12-2023 17:15,30.2,31,0
23-12-2023 17:30,29.6,34,0
23-12-2023 17:45,27.9,37,0
23-12-2023 18:00,26.5,41,0
23-12-2023 18:15,25.4,44,0
23-12-2023 18:30,24.1,48,0
23-12-2023 18:45,23.3,50,0
23-12-2023 19:00,22.5,51,0
23-12-2023 19:15,21.9,55,0
23-12-2023 19:30,21.4,57,0
23-12-2023 19:45,20.9,60,0
23-12-2023 20:00,20.8,58,0
23-12-2023 20:15,21.1,62,0
23-12-2023 20:30,21.3,61,0
23-12-2023 20:45,21,62,0
23-12-2023 21:00,20.5,63,0
23-12-2023 21:15,20.3,62,0
23-12-2023 21:30,19.9,61,0
23-12-2023 21:45,19.6,62,0
23-12-2023 22:00,19.1,65,0
23-12-2023 22:15,19.2,65,0
23-12-2023 22:30,18.9,67,0
23-12-2023 22:45,18.5,69,0
23-12-2023 23:00,18.3,67,0
23-12-2023 23:15,17.9,69,0
23-12-2023 23:30,18,68,0
23-12-2023 23:45,17.6,70,0
24-12-2023 00:00,17.1,72,0
24-12-2023 00:15,17.1,72,0
24-12-2023 00:30,16.8,73,0
24-12-2023 00:45,16.8,73,0
24-12-2023 01:00,16.6,72,0
24-12-2023 01:15,16.3,74,0
24-12-2023 01:30,16.1,75,0
24-12-2023 01:45,15.8,75,0
24-12-2023 02:00,15.4,80,0
24-12-2023 02:15,15.3,80,0
24-12-2023 02:30,15.4,78,0
24-12-2023 02:45,15.4,79,0
24-12-2023 03:00,15.1,80,0
24-12-2023 03:15,14.8,83,0
24-12-2023 03:30,14.6,85,0
24-12-2023 03:45,14.9,80,0
24-12-2023 04:00,14.7,84,0
24-12-2023 04:15,14.3,86,0
24-12-2023 04:30,14.1,87,0
24-12-2023 04:45,13.8,87,0
24-12-2023 05:00,13.5,87,0
24-12-2023 05:15,13.3,87,0
24-12-2023 05:30,13.2,88,0
24-12-2023 05:45,13.2,87,0
24-12-2023 06:00,12.8,87,0
24-12-2023 06:15,13.1,88,0
24-12-2023 06:30,13.2,88,0
24-12-2023 06:45,13.1,88,0
24-12-2023 07:00,13.2,88,0
24-12-2023 07:15,13.3,87,0
24-12-2023 07:30,13.4,87,0
24-12-2023 07:45,14.2,84,0
24-12-2023 08:00,14.8,80,0
24-12-2023 08:15,15.7,77,0
24-12-2023 08:30,17.5,72,0
24-12-2023 08:45,19.7,66,0
24-12-2023 09:00,21.3,58,0
24-12-2023 09:15,23.2,53,0
24-12-2023 09:30,23.5,55,0
24-12-2023 09:45,23.7,55,0
24-12-2023 10:00,23.7,55,0
24-12-2023 10:15,23.8,55,0
24-12-2023 10:30,24.6,53,0
24-12-2023 10:45,25.1,52,0
24-12-2023 11:00,25.8,51,0
24-12-2023 11:15,26.5,48,0
24-12-2023 11:30,26.7,46,0
24-12-2023 12:00,28.1,45,0
24-12-2023 12:15,28.1,43,0
24-12-2023 12:30,28.8,43,0
24-12-2023 12:45,28.8,41,0
24-12-2023 13:00,29.1,42,0
24-12-2023 13:15,28.8,40,0
24-12-2023 13:30,29.4,39,0
24-12-2023 13:45,30.1,39,0
24-12-2023 14:00,30.6,38,0
24-12-2023 14:15,30.5,36,0
24-12-2023 14:30,30.5,35,0
24-12-2023 14:45,30.7,36,0
24-12-2023 15:00,30.8,34,0
24-12-2023 15:15,30.7,36,0
24-12-2023 15:30,30.9,31,0
24-12-2023 15:45,30.8,34,0
24-12-2023 16:00,30.6,33,0
24-12-2023 16:15,30.6,33,0
24-12-2023 16:30,30.6,34,0
24-12-2023 16:45,30.3,36,0
24-12-2023 17:00,29.6,36,0
24-12-2023 17:15,28.7,37,0
24-12-2023 17:30,28.6,39,0
24-12-2023 17:45,27.1,43,0
24-12-2023 18:00,25.7,46,0
24-12-2023 18:15,24.6,48,0
24-12-2023 18:30,23.6,52,0
24-12-2023 18:45,22.9,55,0
24-12-2023 19:00,22.6,57,0
24-12-2023 19:15,21.9,59,0
24-12-2023 19:30,21.5,62,0
24-12-2023 19:45,20.8,64,0
24-12-2023 20:00,20.4,67,0
24-12-2023 20:15,20.4,68,0
24-12-2023 20:45,19.2,71,0
24-12-2023 21:00,18.9,76,0
24-12-2023 21:15,19.1,73,0
24-12-2023 21:30,20,70,0
24-12-2023 21:45,19.7,69,0
24-12-2023 22:00,19.4,71,0
24-12-2023 22:15,18.8,72,0
24-12-2023 22:30,18.8,71,0
24-12-2023 22:45,19.2,69,0
24-12-2023 23:00,18.6,69,0
24-12-2023 23:30,18.8,70,0
24-12-2023 23:45,18.5,69,0
25-12-2023 00:00,17.8,69,0
25-12-2023 00:15,17.7,70,0
25-12-2023 00:30,17.3,71,0
25-12-2023 00:45,16.9,72,0
25-12-2023 01:00,16.3,75,0
25-12-2023 01:15,16.1,76,0
25-12-2023 01:30,15.6,80,0
25-12-2023 01:45,15,80,0
25-12-2023 02:00,15.2,86,0
25-12-2023 02:15,14.9,87,0
25-12-2023 02:30,14.6,86,0
25-12-2023 03:00,14.7,87,0
25-12-2023 03:15,14.8,86,0
25-12-2023 03:30,14.4,86,0
25-12-2023 03:45,14.4,87,0
25-12-2023 04:00,14.1,87,0
25-12-2023 04:15,13.8,88,0
25-12-2023 04:30,14.3,87,0
25-12-2023 04:45,14.2,88,0
25-12-2023 05:00,14.4,87,0
25-12-2023 05:30,14.2,87,0
25-12-2023 05:45,13.4,87,0
25-12-2023 06:00,12.8,89,0
25-12-2023 06:15,12.5,90,0
25-12-2023 06:30,12.4,90,0
25-12-2023 07:00,12.9,91,0
25-12-2023 07:15,13.2,90,0
25-12-2023 07:30,13.4,90,0
25-12-2023 07:45,14.1,88,0
25-12-2023 08:00,15.1,87,0
25-12-2023 08:15,15.8,84,0
25-12-2023 08:30,17,77,0
25-12-2023 09:15,22.7,60,0
25-12-2023 09:30,24.6,53,0
25-12-2023 09:45,24.9,54,0
25-12-2023 10:00,25.1,54,0
25-12-2023 10:15,26.1,52,0
25-12-2023 10:30,25.8,51,0
25-12-2023 10:45,26.5,50,0
25-12-2023 11:00,27,50,0
25-12-2023 11:15,27.4,48,0
25-12-2023 11:30,27.3,48,0
25-12-2023 11:45,28.1,46,0
25-12-2023 12:00,28.6,44,0
25-12-2023 12:15,29.5,43,0
25-12-2023 12:30,29.1,43,0
25-12-2023 12:45,29.7,43,0
25-12-2023 13:00,29.9,41,0
25-12-2023 13:15,30.2,41,0
25-12-2023 13:30,30.5,41,0
25-12-2023 13:45,30.8,39,0
25-12-2023 14:00,31.4,38,0
25-12-2023 14:30,32.3,35,0
25-12-2023 14:45,32.5,33,0
25-12-2023 15:00,32.3,33,0
25-12-2023 15:15,33.1,29,0
25-12-2023 15:30,32.9,32,0
25-12-2023 15:45,33.3,31,0
25-12-2023 16:00,33.3,29,0
25-12-2023 16:15,32.4,32,0
25-12-2023 16:30,31.4,33,0
25-12-2023 16:45,32,30,0
25-12-2023 17:00,31.3,33,0
25-12-2023 17:15,30.9,37,0
25-12-2023 17:30,29.5,41,0
25-12-2023 17:45,28.4,44,0
25-12-2023 18:00,27.6,45,0
25-12-2023 18:15,26.8,47,0
25-12-2023 18:30,26,50,0
25-12-2023 19:15,23.5,59,0
25-12-2023 19:30,22.8,58,0
25-12-2023 19:45,22.3,62,0
25-12-2023 20:00,22.5,63,0
25-12-2023 20:15,22,64,0
25-12-2023 20:30,22,65,0
25-12-2023 20:45,21.1,69,0
25-12-2023 21:00,21.1,68,0
25-12-2023 21:15,20.9,67,0
25-12-2023 21:30,20.5,69,0
25-12-2023 21:45,20.6,69,0
25-12-2023 22:00,20.2,70,0
25-12-2023 22:15,20,71,0
25-12-2023 22:30,19.8,73,0
25-12-2023 22:45,19.1,73,0
25-12-2023 23:00,18.9,74,0
25-12-2023 23:15,18.6,75,0
25-12-2023 23:30,18.2,75,0
25-12-2023 23:45,18.1,76,0
26-12-2023 00:00,17.9,78,0
26-12-2023 00:15,17.5,76,0
26-12-2023 00:30,17.3,80,0
26-12-2023 00:45,17.2,82,0
26-12-2023 01:00,17,85,0
26-12-2023 01:15,17.1,83,0
26-12-2023 01:30,17.1,83,0
26-12-2023 01:45,16.5,83,0
26-12-2023 02:00,16.3,87,0
26-12-2023 02:15,16.2,86,0
26-12-2023 02:30,15.8,87,0
26-12-2023 02:45,16.4,88,0
26-12-2023 03:00,16.1,88,0
26-12-2023 03:15,15.8,89,0
26-12-2023 03:30,15.6,89,0
26-12-2023 03:45,15.5,89,0
26-12-2023 04:00,15.3,89,0
26-12-2023 04:15,15.4,89,0
26-12-2023 04:30,15.5,89,0
26-12-2023 04:45,15.4,89,0
26-12-2023 05:00,15.3,89,0
26-12-2023 05:15,15.1,90,0
26-12-2023 05:30,15,90,0
26-12-2023 05:45,14.8,90,0
26-12-2023 06:00,14.5,90,0
26-12-2023 06:15,14.4,90,0
26-12-2023 06:30,14.4,90,0
26-12-2023 06:45,14.5,90,0
26-12-2023 07:00,14.3,90,0
26-12-2023 07:15,14.3,90,0
26-12-2023 07:30,14.5,90,0
26-12-2023 07:45,14.9,90,0
26-12-2023 08:00,15.9,89,0
26-12-2023 08:15,16.5,88,0
26-12-2023 08:30,17.5,87,0
26-12-2023 08:45,18.9,83,0
26-12-2023 09:00,20.3,76,0
26-12-2023 09:15,21.6,72,0
26-12-2023 09:30,23.7,66,0
26-12-2023 09:45,25.7,51,0
26-12-2023 10:00,25.7,51,0
26-12-2023 10:15,25.9,52,0
26-12-2023 10:30,26.7,49,0
26-12-2023 10:45,27.1,48,0
26-12-2023 11:00,27.5,48,0
26-12-2023 11:15,28.3,46,0
26-12-2023 11:30,28.6,44,0
26-12-2023 12:15,30.5,42,0
26-12-2023 12:30,31.1,40,0
26-12-2023 12:45,31.3,38,0
26-12-2023 13:00,31.4,34,0
26-12-2023 13:15,31.7,34,0
26-12-2023 13:30,33.1,34,0
26-12-2023 13:45,32.1,33,0
26-12-2023 14:00,33.3,29,0
26-12-2023 14:15,33.6,28,0
26-12-2023 14:30,33.7,29,0
26-12-2023 14:45,34.3,26,0
26-12-2023 15:00,34.6,24,0
26-12-2023 15:15,34.8,23,0
26-12-2023 15:45,34.4,24,0
26-12-2023 16:00,34.4,24,0
26-12-2023 16:15,34.4,23,0
26-12-2023 16:30,34.3,25,0
26-12-2023 16:45,33.9,26,0
26-12-2023 17:00,32.6,28,0
26-12-2023 17:15,32.1,30,0
26-12-2023 17:30,31.3,31,0
26-12-2023 17:45,29.7,40,0
26-12-2023 18:00,27.9,45,0
26-12-2023 18:15,26.7,47,0
26-12-2023 18:30,26.2,47,0
26-12-2023 18:45,25.9,51,0
26-12-2023 19:00,25.5,50,0
26-12-2023 19:15,24.4,54,0
26-12-2023 19:30,23.4,61,0
26-12-2023 19:45,22.6,64,0
26-12-2023 20:00,22.3,65,0
26-12-2023 20:15,21.6,70,0
26-12-2023 20:30,20.7,74,0
26-12-2023 20:45,20.5,76,0
26-12-2023 21:00,20.2,76,0
26-12-2023 21:15,19.6,78,0
26-12-2023 21:30,19.3,80,0
26-12-2023 21:45,19.2,78,0
26-12-2023 22:00,19,80,0
26-12-2023 22:15,19.2,74,0
26-12-2023 22:30,19.5,75,0
26-12-2023 22:45,20.5,71,0
26-12-2023 23:00,20,75,0
26-12-2023 23:15,19.7,79,0
26-12-2023 23:30,19.6,78,0
26-12-2023 23:45,19.5,79,0
27-12-2023 00:00,19.2,81,0
27-12-2023 00:15,18.9,84,0
27-12-2023 00:30,18.6,86,0
27-12-2023 00:45,18.6,85,0
27-12-2023 01:00,18.2,84,0
27-12-2023 01:15,18.1,86,0
27-12-2023 01:30,18.1,86,0
27-12-2023 01:45,17.6,86,0
27-12-2023 02:00,16.9,88,0
27-12-2023 02:15,16.4,89,0
27-12-2023 02:30,16.2,90,0
27-12-2023 02:45,15.9,90,0
27-12-2023 03:00,15.5,90,0
27-12-2023 03:15,15.4,91,0
27-12-2023 03:30,15.2,91,0
27-12-2023 03:45,15.8,91,0
27-12-2023 04:00,16,90,0
27-12-2023 04:15,15.9,90,0
27-12-2023 04:30,15.9,89,0
27-12-2023 04:45,16.1,89,0
27-12-2023 05:00,16,89,0
27-12-2023 05:15,16,89,0
27-12-2023 05:30,16,90,0
27-12-2023 05:45,16.1,90,0
27-12-2023 06:00,16.1,90,0
27-12-2023 06:15,16.1,90,0
27-12-2023 06:30,15.9,90,0
27-12-2023 06:45,15.9,90,0
27-12-2023 07:00,15.9,90,0
27-12-2023 07:15,15.8,90,0
27-12-2023 07:30,16,90,0
27-12-2023 07:45,16.4,89,0
27-12-2023 08:00,17.2,89,0
27-12-2023 08:15,18,88,0
27-12-2023 08:30,18.8,86,0
27-12-2023 08:45,20.8,76,0
27-12-2023 09:00,21.9,71,0
27-12-2023 09:15,23,65,0
27-12-2023 09:30,23.8,64,0
27-12-2023 09:45,24.9,59,0
27-12-2023 10:00,26,56,0
27-12-2023 10:15,26.6,53,0
27-12-2023 10:30,26.2,51,0
27-12-2023 10:45,27,50,0
27-12-2023 11:00,27.1,48,0
27-12-2023 11:15,27.5,47,0
27-12-2023 11:30,28.5,44,0
27-12-2023 11:45,28.9,44,0
27-12-2023 12:00,29.2,41,0
27-12-2023 12:15,29.9,41,0
27-12-2023 12:30,30.9,38,0
27-12-2023 12:45,30.7,39,0
27-12-2023 13:00,31.4,37,0
27-12-2023 13:15,31.7,36,0
27-12-2023 13:30,32.2,35,0
27-12-2023 13:45,31.5,37,0
27-12-2023 14:00,32.7,33,0
27-12-2023 14:15,33,33,0
27-12-2023 14:30,32.6,32,0
27-12-2023 14:45,33.1,33,0
27-12-2023 15:00,33.1,29,0
27-12-2023 15:30,32.5,30,0
27-12-2023 15:45,34.1,29,0
27-12-2023 16:00,32.6,29,0
27-12-2023 16:15,33.3,30,0
27-12-2023 16:30,32.7,26,0
27-12-2023 16:45,32.6,29,0
27-12-2023 17:00,32.1,29,0
27-12-2023 17:15,31.3,34,0
27-12-2023 17:30,30.1,38,0
27-12-2023 17:45,29.2,41,0
27-12-2023 18:00,28,40,0
27-12-2023 18:15,26.4,45,0
27-12-2023 18:30,25.4,50,0
27-12-2023 19:15,23.2,58,0
27-12-2023 19:30,22.6,63,0
27-12-2023 19:45,22,62,0
27-12-2023 20:00,21.5,70,0
27-12-2023 20:15,20.9,72,0
27-12-2023 20:30,20.5,71,0
27-12-2023 20:45,21.1,70,0
27-12-2023 21:00,21.1,69,0
27-12-2023 21:15,20.7,71,0
27-12-2023 21:30,20.4,72,0
27-12-2023 21:45,20.3,71,0
27-12-2023 22:00,20.2,72,0
27-12-2023 22:15,19.6,74,0
27-12-2023 22:30,19.5,75,0
27-12-2023 22:45,19.3,75,0
27-12-2023 23:00,18.7,77,0
27-12-2023 23:15,18.6,77,0
27-12-2023 23:30,18.2,80,0
27-12-2023 23:45,18.1,82,0
28-12-2023 00:00,18,83,0
28-12-2023 00:15,17.8,85,0
28-12-2023 00:30,17.4,86,0
28-12-2023 00:45,17.4,86,0
28-12-2023 01:00,17.2,86,0
28-12-2023 01:15,16.9,87,0
28-12-2023 01:30,16.6,87,0
28-12-2023 01:45,16.3,88,0
28-12-2023 02:00,16,87,0
28-12-2023 02:15,15.6,88,0
28-12-2023 02:30,16.1,89,0
28-12-2023 02:45,16,88,0
28-12-2023 03:00,15.9,89,0
28-12-2023 03:15,15.5,89,0
28-12-2023 03:30,15.4,89,0
28-12-2023 03:45,15.1,89,0
28-12-2023 04:00,15.3,89,0
28-12-2023 04:15,15.1,89,0
28-12-2023 04:30,15.1,89,0
28-12-2023 04:45,15.2,89,0
28-12-2023 05:00,14.6,89,0
28-12-2023 05:15,14.6,90,0
28-12-2023 05:30,14.6,90,0
28-12-2023 05:45,14.4,90,0
28-12-2023 06:00,14.4,90,0
28-12-2023 06:15,14.4,90,0
28-12-2023 06:30,14.5,90,0
28-12-2023 06:45,14.3,90,0
28-12-2023 07:00,14.4,90,0
28-12-2023 07:15,14.2,90,0
28-12-2023 07:30,14.6,90,0
28-12-2023 07:45,15.1,89,0
28-12-2023 08:00,16.1,88,0
28-12-2023 08:15,16.7,86,0
28-12-2023 08:30,17.9,83,0
28-12-2023 08:45,19.7,75,0
28-12-2023 09:00,21.1,70,0
28-12-2023 09:15,22.9,66,0
28-12-2023 09:30,24.2,60,0
28-12-2023 09:45,24.1,62,0
28-12-2023 10:00,24.3,61,0
28-12-2023 10:15,25.1,56,0
28-12-2023 10:30,25.9,54,0
28-12-2023 10:45,26.4,53,0
28-12-2023 11:00,26.3,53,0
28-12-2023 11:15,26.9,50,0
28-12-2023 11:30,27.2,50,0
28-12-2023 11:45,27.9,51,0
28-12-2023 12:00,28.1,49,0
28-12-2023 12:15,29.1,47,0
28-12-2023 12:30,28.7,49,0
28-12-2023 12:45,29.3,44,0
28-12-2023 13:00,29.2,44,0
28-12-2023 13:15,30.2,44,0
28-12-2023 13:30,29.9,43,0
28-12-2023 13:45,30,45,0
28-12-2023 14:00,30.1,44,0
28-12-2023 14:15,30.6,41,0
28-12-2023 14:30,30.4,39,0
28-12-2023 14:45,31.1,40,0
28-12-2023 15:00,31.3,39,0
28-12-2023 15:15,31.2,40,0
28-12-2023 15:30,31.1,38,0
28-12-2023 15:45,30.7,38,0
28-12-2023 16:00,30.5,39,0
28-12-2023 16:15,30.6,39,0
28-12-2023 16:30,31,40,0
28-12-2023 16:45,29.9,43,0
28-12-2023 17:00,29.7,45,0
28-12-2023 17:15,28.8,46,0
28-12-2023 17:30,28,48,0
28-12-2023 17:45,27,50,0
28-12-2023 18:00,26.3,52,0
28-12-2023 18:15,25.6,55,0
28-12-2023 18:30,24.8,55,0
28-12-2023 18:45,24.2,56,0
28-12-2023 19:00,23.7,58,0
28-12-2023 19:15,23.1,60,0
28-12-2023 19:30,22.2,64,0
28-12-2023 19:45,21.6,67,0
28-12-2023 20:00,20.9,71,0
28-12-2023 20:30,20.9,71,0
28-12-2023 20:45,20.1,74,0
28-12-2023 21:00,20.7,72,0
28-12-2023 21:15,20.4,74,0
28-12-2023 21:30,19.8,77,0
28-12-2023 21:45,19.8,80,0
28-12-2023 22:00,19.2,83,0
28-12-2023 22:15,18.5,86,0
28-12-2023 22:30,19.3,80,0
28-12-2023 22:45,19.1,80,0
28-12-2023 23:00,19.1,81,0
28-12-2023 23:15,19,81,0
28-12-2023 23:30,18.5,84,0
28-12-2023 23:45,18.3,86,0
29-12-2023 00:00,18.1,87,0
29-12-2023 00:15,18,87,0
29-12-2023 00:30,17.8,88,0
29-12-2023 00:45,17.6,88,0
29-12-2023 01:00,17.6,88,0
29-12-2023 01:15,17.6,87,0
29-12-2023 01:30,17.5,87,0
29-12-2023 01:45,17.5,88,0
29-12-2023 02:00,17.4,88,0
29-12-2023 02:15,17.2,88,0
29-12-2023 02:30,16.9,88,0
29-12-2023 03:00,16.7,88,0
29-12-2023 03:15,16.7,89,0
29-12-2023 03:45,16.2,89,0
29-12-2023 04:00,16.2,90,0
29-12-2023 04:15,16.1,90,0
29-12-2023 04:30,16.1,90,0
29-12-2023 04:45,15.9,91,0
29-12-2023 05:00,15.9,91,0
29-12-2023 05:15,15.8,91,0
29-12-2023 05:30,15.8,91,0
29-12-2023 05:45,15.8,91,0
29-12-2023 06:00,15.5,91,0
29-12-2023 06:30,15.3,91,0
29-12-2023 06:45,15.4,92,0
29-12-2023 07:00,15.1,91,0
29-12-2023 07:15,15.1,92,0
29-12-2023 07:30,15.2,92,0
29-12-2023 07:45,15.6,91,0
29-12-2023 08:00,16.4,91,0
29-12-2023 08:15,17.1,89,0
29-12-2023 08:30,18.3,88,0
29-12-2023 08:45,18.9,85,0
29-12-2023 09:00,20.7,77,0
29-12-2023 09:15,22.8,70,0
29-12-2023 09:30,24.8,64,0
29-12-2023 10:15,25.1,58,0
29-12-2023 10:30,25.3,55,0
29-12-2023 10:45,25.5,55,0
29-12-2023 11:00,25.9,54,0
29-12-2023 11:15,26.5,54,0
29-12-2023 11:30,27.2,52,0
29-12-2023 11:45,27.7,49,0
29-12-2023 12:00,28.4,47,0
29-12-2023 12:15,28.5,47,0
29-12-2023 12:30,28.8,46,0
29-12-2023 12:45,29.3,43,0
29-12-2023 13:00,29.7,41,0
29-12-2023 13:30,30.4,40,0
29-12-2023 13:45,30.5,38,0
29-12-2023 14:00,31.2,39,0
29-12-2023 14:15,31.9,35,0
29-12-2023 14:45,31.8,34,0
29-12-2023 15:00,31.7,35,0
29-12-2023 15:15,32.1,34,0
29-12-2023 15:30,31.9,34,0
29-12-2023 15:45,32.1,34,0
29-12-2023 16:00,32.1,34,0
29-12-2023 16:15,31.9,36,0
29-12-2023 16:30,31.6,34,0
29-12-2023 16:45,31.3,36,0
29-12-2023 17:00,30.6,37,0
29-12-2023 17:15,30.2,39,0
29-12-2023 17:30,29.3,42,0
29-12-2023 17:45,28.1,45,0
29-12-2023 18:00,26.7,47,0
29-12-2023 18:15,25.4,52,0
29-12-2023 18:30,24.5,52,0
29-12-2023 18:45,23.9,55,0
29-12-2023 19:00,23.1,59,0
29-12-2023 19:15,22.6,59,0
29-12-2023 19:30,22.2,61,0
29-12-2023 19:45,22,63,0
29-12-2023 20:00,21,64,0
29-12-2023 20:15,21.4,67,0
29-12-2023 20:30,21.2,67,0
29-12-2023 20:45,20.2,70,0
29-12-2023 21:00,19.4,78,0
29-12-2023 21:15,19.1,81,0
29-12-2023 21:30,19.7,75,0
29-12-2023 21:45,19.7,74,0
29-12-2023 22:00,19.4,75,0
29-12-2023 22:15,19.1,76,0
29-12-2023 22:45,18.7,76,0
29-12-2023 23:00,18.5,79,0
29-12-2023 23:15,18.5,78,0
29-12-2023 23:30,18.1,82,0
29-12-2023 23:45,18,84,0
30-12-2023 00:00,17.6,86,0
30-12-2023 00:15,17.5,86,0
30-12-2023 00:30,17.6,85,0
30-12-2023 00:45,17.2,86,0
30-12-2023 01:00,16.8,87,0
30-12-2023 01:15,16.8,87,0
30-12-2023 01:30,16.7,87,0
30-12-2023 01:45,16.5,87,0
30-12-2023 02:00,16.4,88,0
30-12-2023 02:15,16.2,88,0
30-12-2023 02:30,16,88,0
30-12-2023 02:45,15.7,89,0
30-12-2023 03:00,15.8,88,0
30-12-2023 03:15,15.7,88,0
30-12-2023 03:30,15.6,89,0
30-12-2023 03:45,15.4,89,0
30-12-2023 04:00,15.5,89,0
30-12-2023 04:15,15.4,89,0
30-12-2023 04:30,15.1,89,0
30-12-2023 04:45,14.8,89,0
30-12-2023 05:00,14.5,90,0
30-12-2023 05:15,14.3,90,0
30-12-2023 05:30,14.3,90,0
30-12-2023 05:45,14.3,91,0
30-12-2023 06:00,14.5,91,0
30-12-2023 06:15,14.4,91,0
30-12-2023 06:30,14.1,91,0
30-12-2023 06:45,14,91,0
30-12-2023 07:00,14,91,0
30-12-2023 07:15,14.2,91,0
30-12-2023 07:30,14.4,91,0
30-12-2023 07:45,14.5,91,0
30-12-2023 08:00,15.4,90,0
30-12-2023 08:15,16,89,0
30-12-2023 08:30,16.4,88,0
30-12-2023 08:45,17.8,84,0
30-12-2023 09:00,19,79,0
30-12-2023 09:15,20.7,74,0
30-12-2023 09:30,22.1,69,0
30-12-2023 09:45,22.8,66,0
30-12-2023 10:00,24.4,60,0
30-12-2023 10:15,25.7,58,0
30-12-2023 10:30,25.6,58,0
30-12-2023 10:45,25.7,57,0
30-12-2023 11:00,26.7,56,0
30-12-2023 11:15,27.9,54,0
30-12-2023 11:30,28.2,52,0
30-12-2023 11:45,28.5,49,0
30-12-2023 12:00,28.6,44,0
30-12-2023 12:15,29.3,43,0
30-12-2023 12:30,29.3,41,0
30-12-2023 12:45,29.4,40,0
30-12-2023 13:00,30.2,37,0
30-12-2023 13:15,30.4,34,0
30-12-2023 13:30,31.6,34,0
30-12-2023 13:45,31.6,32,0
30-12-2023 14:00,31.8,32,0
30-12-2023 14:15,32.4,29,0
30-12-2023 14:30,31.5,30,0
30-12-2023 14:45,32.1,28,0
30-12-2023 15:00,33,27,0
30-12-2023 15:15,31.8,29,0
30-12-2023 15:45,32.5,27,0
30-12-2023 16:00,32.5,27,0
30-12-2023 16:15,32.4,27,0
30-12-2023 16:30,32.3,24,0
30-12-2023 16:45,32.7,26,0
30-12-2023 17:00,31.5,27,0
30-12-2023 17:15,31.9,27,0
30-12-2023 17:30,31.3,31,0
30-12-2023 17:45,29.7,32,0
30-12-2023 18:00,26.4,44,0
30-12-2023 18:30,23.5,56,0
30-12-2023 18:45,22.8,55,0
30-12-2023 19:00,22.6,55,0
30-12-2023 19:15,21.9,54,0
30-12-2023 19:30,22.3,53,0
30-12-2023 19:45,21.7,54,0
30-12-2023 20:00,20.5,62,0
30-12-2023 20:15,20.2,66,0
30-12-2023 20:30,19.9,70,0
30-12-2023 20:45,20.5,64,0
30-12-2023 21:00,20.5,64,0
30-12-2023 21:15,20.1,67,0
30-12-2023 21:30,20.2,67,0
30-12-2023 21:45,20,67,0
30-12-2023 22:00,19.5,68,0
30-12-2023 22:15,19.2,70,0
30-12-2023 22:30,19,71,0
30-12-2023 22:45,19,73,0
30-12-2023 23:00,18.4,75,0
30-12-2023 23:15,18.2,78,0
30-12-2023 23:30,18.2,77,0
30-12-2023 23:45,17.9,80,0
31-12-2023 00:00,18,79,0
31-12-2023 00:15,17.6,80,0
31-12-2023 00:30,17.5,83,0
31-12-2023 00:45,17.2,85,0
31-12-2023 01:00,17.2,86,0
31-12-2023 01:15,17.2,86,0
31-12-2023 01:30,17,86,0
31-12-2023 01:45,16.7,87,0
31-12-2023 02:00,16.6,87,0
31-12-2023 02:15,16.5,87,0
31-12-2023 02:30,16.4,88,0
31-12-2023 02:45,16.4,88,0
31-12-2023 03:00,16.3,88,0
31-12-2023 03:15,16.4,88,0
31-12-2023 03:30,16.4,88,0
31-12-2023 03:45,16.1,89,0
31-12-2023 04:00,15.9,89,0
31-12-2023 04:15,15.7,89,0
31-12-2023 04:30,15.6,89,0
31-12-2023 04:45,15.5,89,0
31-12-2023 05:00,15.5,89,0
31-12-2023 05:15,15.4,89,0
31-12-2023 05:30,15.5,89,0
31-12-2023 05:45,15.2,89,0
31-12-2023 06:00,14.9,89,0
31-12-2023 06:15,14.5,90,0
31-12-2023 06:45,14.8,90,0
31-12-2023 07:00,14.7,90,0
31-12-2023 07:15,14.7,90,0
31-12-2023 07:30,14.9,89,0
31-12-2023 07:45,15.4,89,0
31-12-2023 08:00,16.1,88,0
31-12-2023 08:15,17.1,85,0
31-12-2023 08:30,17.8,83,0
31-12-2023 08:45,18.9,77,0
31-12-2023 09:00,20.8,74,0
31-12-2023 09:15,23.1,68,0
31-12-2023 09:30,23.7,66,0
31-12-2023 09:45,23.5,65,0
31-12-2023 10:00,24.4,65,0
31-12-2023 10:15,24.7,64,0
31-12-2023 10:30,25,61,0
31-12-2023 10:45,25.5,60,0
31-12-2023 11:00,26.2,60,0
31-12-2023 11:15,26.5,54,0
31-12-2023 11:30,27,53,0
31-12-2023 11:45,27.1,51,0
31-12-2023 12:00,27.9,49,0
31-12-2023 12:15,28.6,49,0
31-12-2023 12:30,28.6,47,0
31-12-2023 12:45,29,47,0
31-12-2023 13:00,29.4,45,0
31-12-2023 13:15,29.9,45,0
31-12-2023 13:30,29.8,42,0
31-12-2023 13:45,30.5,42,0
31-12-2023 14:00,30.4,40,0
31-12-2023 14:15,30.7,39,0
31-12-2023 14:30,31.2,33,0
31-12-2023 14:45,31.6,34,0
31-12-2023 15:00,32,33,0
31-12-2023 15:15,32,33,0
31-12-2023 15:30,31.6,33,0
31-12-2023 15:45,32.8,33,0
31-12-2023 16:00,31.8,34,0
31-12-2023 16:15,31.5,32,0
31-12-2023 16:30,31.6,33,0
31-12-2023 16:45,32.1,31,0
31-12-2023 17:00,30.9,34,0
31-12-2023 17:15,31.2,35,0
31-12-2023 17:30,30.6,37,0
31-12-2023 17:45,28.8,41,0
31-12-2023 18:00,27.1,45,0
31-12-2023 18:15,25.8,47,0
31-12-2023 18:30,25.9,49,0
31-12-2023 18:45,25.8,51,0
31-12-2023 19:00,25.3,53,0
31-12-2023 19:15,24.7,54,0
31-12-2023 19:30,23.9,55,0
31-12-2023 19:45,23.8,57,0
31-12-2023 20:00,24,56,0
31-12-2023 20:15,23.1,57,0
31-12-2023 20:30,22.1,62,0
31-12-2023 20:45,22.2,63,0
31-12-2023 21:00,21.2,65,0
31-12-2023 21:15,20.7,68,0
31-12-2023 21:30,20.3,69,0
31-12-2023 21:45,20.1,71,0
31-12-2023 22:00,19.7,72,0
31-12-2023 22:15,20,73,0
31-12-2023 22:30,19.8,72,0
31-12-2023 22:45,19.3,75,0
31-12-2023 23:00,19.2,76,0
31-12-2023 23:15,19.4,78,0
31-12-2023 23:30,19.2,79,0
31-12-2023 23:45,18.8,81,0
01-01-2024 00:00,18.8,81,0
01-01-2024 00:15,18.5,82,0
01-01-2024 00:30,18.4,84,0
01-01-2024 00:45,17.9,86,0
01-01-2024 01:00,18.5,85,0
01-01-2024 01:15,18.6,83,0
01-01-2024 01:30,18.2,84,0
01-01-2024 01:45,18,86,0
01-01-2024 02:00,18,86,0
01-01-2024 02:15,17.9,87,0
01-01-2024 02:30,17.6,87,0
01-01-2024 02:45,17.4,87,0
01-01-2024 03:00,17.2,88,0
01-01-2024 03:15,17.2,88,0
01-01-2024 03:30,17.1,87,0
01-01-2024 03:45,16.9,87,0
01-01-2024 04:00,16.8,87,0
01-01-2024 04:15,16.6,87,0
01-01-2024 04:30,16.5,87,0
01-01-2024 04:45,16.4,87,0
01-01-2024 05:00,16.4,88,0
01-01-2024 05:15,16,88,0
